smoke_dum,neuroticism,conscientiousness,extraversion,smoke_parent,parent_control,maternal_care,taught,male,black,hisp,asian,race_other,prof,home,job_other
0,-0.3664385,-0.0890676,0.12258,0,1,4,1,0,1,0,0,0,1,0,0
0,0.8542801,-0.8311055,-0.1963423,0,0.5714286,3.5,0,0,0,0,0,0,0,1,0
0,-0.6649582,-2.451764,-0.1963423,1,0.7142857,2.5,0,0,0,0,0,0,0,0,0
0,0.8542801,1.565015,0.076363,1,0.5714286,4.5,1,1,0,0,0,0,0,1,0
0,0.3728777,0.2260886,0.076363,1,0.5714286,5,0,0,0,0,1,0,0,1,0
0,0.2525245,-2.451764,1.260275,1,0.4285714,2,1,1,0,0,0,0,0,0,1
0,-0.3664385,-2.451764,1.260275,0,0.7142857,4,0,0,0,1,0,0,0,1,0
0,-0.3664385,-1.112838,0.9413525,1,0.8571429,4.25,0,1,0,0,0,0,0,1,0
0,-0.3664385,-2.451764,0.9875695,0,0.7142857,3.75,0,1,0,1,0,0,0,0,1
0,-0.6334337,-0.9676881,0.6686472,1,0.7142857,4,0,0,1,0,0,0,0,1,0
0,-0.3664385,-2.451764,1.260275,0,0.7142857,4,1,0,0,1,0,0,0,0,1
0,-0.3246819,-0.4129563,-0.1963423,1,0.4285714,4.75,0,0,0,0,0,0,0,0,0
0,0.6676137,0.2260886,0.3490682,0,1,4.75,0,1,0,0,0,0,0,0,0
0,-1.615497,-0.6946884,-0.5152646,0,0.7142857,4.75,1,0,0,0,0,0,0,0,1
0,-1.86376,-1.104105,-1.20064,0,0.5714286,3,1,0,0,0,0,0,0,0,1
0,-0.2081124,-0.5072168,0.3490682,0,0.4285714,5,1,1,0,0,0,0,0,0,0
0,-0.7800898,-0.3707998,-0.2425593,1,1,4.75,0,0,0,0,0,0,0,0,0
0,0.3185433,1.565015,0.076363,1,0.7142857,4.5,1,0,0,0,0,0,0,0,1
0,-0.2081124,0.2260886,0.3490682,1,0.5714286,4,1,0,0,0,0,1,1,0,0
0,-0.2986875,-0.7455774,-0.243216,1,0.8571429,5,0,0,0,0,1,0,0,0,0
0,-0.3404441,-1.291577,-2.111846,1,0.5714286,4.5,1,0,0,0,0,0,1,0,0
1,-1.077415,-0.4216887,-0.6083553,1,0.8571429,4.75,1,1,0,1,0,0,0,0,0
0,0.7377105,-0.6525319,0.3484115,0,0.4285714,5,1,1,0,0,0,0,1,0,0
0,0.8385177,0.6442378,-0.5608249,0,0.5714286,4.75,1,0,0,0,0,1,0,0,0
1,-0.8218464,0.2260886,-1.153766,1,0.5714286,4.75,1,0,0,0,0,0,1,0,0
0,-0.353022,0.5499773,-0.243216,0,1,4.5,1,1,0,0,0,0,1,0,0
0,-0.1505934,0.9347024,0.3490682,0,1,5,1,0,0,0,0,0,0,0,1
0,-0.3664385,0.2260886,0.3490682,1,0.4285714,4.75,1,1,0,0,0,0,1,0,0
0,-0.2986875,-0.1920606,0.0294892,1,0.5714286,4.5,1,1,0,0,0,0,0,0,1
0,-0.3664385,0.2260886,0.3490682,0,0.8571429,3.75,1,1,0,0,0,0,1,0,0
0,0.8960367,-0.0890676,0.0301459,1,0.5714286,4.75,1,1,0,0,0,0,1,0,0
0,-0.3246819,-0.4737927,-0.5621383,1,0.8571429,4.25,1,1,0,0,0,0,1,0,0
0,-0.2829252,-1.052001,0.076363,1,0.7142857,2.75,1,1,0,0,0,0,0,0,0
0,-0.3664385,-0.5072168,0.0301459,0,0.7142857,4.75,1,1,0,0,0,0,1,0,0
0,-0.3404441,-2.76692,-0.5621383,0,0.7142857,5,1,1,0,0,0,0,1,0,0
0,-0.3822008,0.2260886,0.3490682,0,0.8571429,5,1,1,0,0,0,0,1,0,0
0,0.8834589,-0.8311055,0.3490682,0,0.4285714,3,1,0,0,0,0,0,0,0,1
0,0.683376,-0.0890676,0.9875695,1,0.5714286,4,1,0,0,0,0,0,1,0,0
0,0.8676965,-0.822373,1.260275,0,0.8571429,5,1,0,0,0,0,0,0,0,0
0,0.8960367,-0.9589556,1.260275,0,0.8571429,5,1,0,0,0,0,0,1,0,0
0,0.3862942,-0.9340984,0.6217735,1,1,4.75,1,0,0,1,0,0,1,0,0
0,0.6755142,1.283283,1.260275,0,0.7142857,4.5,1,0,0,0,0,1,1,0,0
0,0.8960367,-0.736845,0.9875695,1,0.7142857,4.75,1,1,0,0,0,0,0,0,1
0,-0.3664385,0.2260886,1.260275,0,0.2857143,4,1,1,0,0,0,0,1,0,0
0,0.1862115,0.2260886,0.6679905,1,0.8571429,4.5,1,0,0,0,0,0,0,0,1
0,-0.2624469,-0.0978001,0.7148643,1,0.5714286,5,1,0,0,0,0,1,0,0,1
0,0.8542801,1.565015,1.260275,0,0.5714286,5,1,1,0,0,0,0,0,0,1
0,0.8542801,-0.736845,0.442159,1,0.7142857,3,1,1,0,0,0,0,0,0,1
0,0.8417022,0.2260886,1.260275,1,0.4285714,4.5,1,0,0,0,0,0,0,0,1
0,0.3445376,0.6442378,0.9406958,0,0.8571429,4.75,1,0,0,0,0,0,0,0,1
0,-0.3664385,-0.4042238,1.260275,1,0.5714286,4,0,1,0,0,0,0,1,0,0
0,-0.3664385,-0.5072168,1.260275,0,0.5714286,5,1,1,0,0,0,1,0,0,0
0,0.683376,0.5078208,0.6679905,1,0.8571429,4.5,1,0,0,0,0,0,0,0,1
0,0.922031,0.6355053,0.9875695,1,0.5714286,4.75,1,1,0,0,0,0,0,0,0
0,0.3693811,0.2260886,0.9406958,0,0.7142857,4.75,1,0,0,0,0,0,0,0,1
0,-0.3404441,-0.4042238,0.6679905,0,0.4285714,4.5,1,1,0,0,0,0,1,0,0
0,0.8542801,0.5412448,0.6679905,1,1,5,1,0,0,0,0,0,0,0,1
0,-0.1663557,0.2260886,0.6679905,0,0.5714286,4.25,1,0,0,0,0,0,1,0,0
0,0.8802744,0.9681265,0.9875695,1,1,5,1,1,0,0,0,0,1,0,0
0,-0.3664385,-0.3373757,1.260275,1,0.8571429,4.5,1,0,0,0,0,0,0,0,1
0,-0.2963417,0.0807735,0.6217735,1,0.5714286,4.25,0,1,0,0,0,0,0,0,1
0,-0.3506762,0.2260886,0.6679905,1,1,5,1,1,0,0,0,0,0,0,1
0,0.3988721,-0.3795322,1.260275,0,0.5714286,3.5,1,0,0,0,0,0,0,0,1
0,-0.3664385,0.2260886,-0.2425593,1,0.7142857,4.75,1,0,0,0,0,0,0,0,1
0,-0.8060842,-0.5159492,-0.6090121,1,0.8571429,3,1,1,0,0,0,0,0,0,0
1,0.3728777,1.241126,-0.2887764,1,1,4.25,1,0,0,0,0,0,0,0,1
0,0.8542801,1.565015,-0.2900898,1,0.7142857,5,1,0,0,0,0,0,0,0,1
0,0.8259399,-0.5159492,0.0288325,1,0.8571429,5,1,1,0,0,0,0,0,0,1
0,0.1476392,-1.291577,-0.5614816,0,0.8571429,5,1,1,0,0,0,0,0,0,0
0,0.8676965,0.2260886,0.0294892,1,0.5714286,5,1,1,0,0,0,0,0,0,1
0,0.8259399,-0.4129563,-2.064972,1,0.5714286,5,1,1,0,0,0,0,1,0,0
1,-0.3979631,-1.888299,-2.384551,0,0.8571429,4.5,1,0,0,0,0,0,0,0,1
0,-0.420773,0.2260886,-0.6076986,0,0.8571429,5,0,1,0,0,0,0,0,0,1
0,-0.3664385,-1.615465,-0.5621383,1,0.1428571,5,1,1,0,0,0,0,0,0,1
1,-0.353022,-0.7555249,-0.2425593,0,0.7142857,5,1,0,0,0,0,0,1,0,0
0,0.8542801,-0.7976814,-0.6083553,1,0.8571429,4,1,1,0,1,0,0,0,1,0
1,-0.3664385,-1.291577,0.0294892,0,1,4.75,1,1,0,0,0,0,0,0,1
1,0.8960367,-0.9340984,0.0294892,1,0.5714286,5,1,1,0,0,0,0,1,0,0
0,0.6258571,-1.709726,-0.5159213,0,0.7142857,5,1,1,0,0,0,0,0,0,1
1,0.7794672,-0.0978001,0.0301459,0,0.2857143,4.75,1,1,0,0,0,0,0,0,1
1,-0.3404441,-0.4650603,0.0301459,1,0.4285714,3.75,1,0,0,0,0,0,0,0,1
0,-0.2829252,-0.0890676,-0.243216,1,0.7142857,4.75,1,0,0,0,0,0,0,0,1
0,0.2697248,-0.7281125,-0.9279343,1,0.8571429,4.25,1,0,0,0,0,0,0,0,1
1,-1.694645,0.2260886,0.0301459,1,0.5714286,3.25,1,0,0,0,0,0,1,0,0
0,-0.3687843,-0.0890676,0.0294892,1,0.7142857,4.25,1,0,0,0,0,1,0,0,0
0,-0.1663557,-0.0890676,-0.2425593,0,0.8571429,3.75,1,0,0,0,0,0,0,0,1
0,0.1567204,0.2260886,-0.2894331,1,0.8571429,4.25,1,1,0,0,0,0,0,1,0
1,-0.1663557,-1.112838,0.0301459,1,0.8571429,4.5,1,0,0,0,0,0,1,0,0
1,-0.1505934,0.2260886,0.0301459,1,1,4.5,1,1,0,0,0,0,1,0,0
0,-0.1505934,-0.788949,-0.8817173,0,0.7142857,4.75,1,0,0,0,0,1,0,0,1
1,-1.522591,-2.127875,-0.5146078,0,0.7142857,3.75,1,0,0,0,0,1,0,0,1
1,0.8542801,-0.8645295,-2.384551,1,0.5714286,4.5,1,1,0,0,0,0,0,0,1
0,0.7093704,0.2260886,-0.8348436,0,0.4285714,5,1,0,0,0,0,0,0,0,1
0,-2.398317,-0.71938,0.6224302,0,1,4.25,1,0,0,0,0,0,0,0,1
0,0.3602999,-2.451764,0.6686472,1,0.4285714,5,1,1,0,0,0,0,0,0,0
0,-0.2238747,-1.803986,1.260275,0,1,5,1,0,0,0,0,0,1,0,0
0,0.6290416,-0.7034209,0.6686472,1,0.5714286,4.25,1,1,0,0,0,0,0,1,0
0,0.1149638,-1.888299,0.3490682,0,0.8571429,4.75,1,1,0,0,0,0,0,0,1
1,0.683376,0.5499773,1.260275,1,1,3.75,1,0,0,0,0,0,0,0,1
0,0.8259399,-0.1920606,0.6679905,0,1,4,1,0,0,0,0,0,1,0,0
0,0.8385177,1.565015,0.9406958,1,0.1428571,4.5,1,0,0,0,0,0,0,0,1
0,-0.3822008,0.2260886,0.3484115,1,0.8571429,4,1,1,0,0,0,0,0,0,1
1,0.8542801,1.146866,1.260275,1,0.8571429,5,1,0,0,0,0,0,1,0,0
0,0.1149638,0.2260886,0.3490682,1,1,4.75,1,1,0,0,0,0,0,0,1
0,0.8542801,1.565015,0.3490682,1,0.5714286,4.5,1,0,0,0,0,0,1,0,0
1,-0.9506131,-0.1920606,0.395942,1,0.8571429,4,1,1,0,0,0,0,0,0,1
0,0.8676965,-0.0890676,1.260275,0,0.2857143,5,1,1,0,0,0,0,0,1,0
0,0.8385177,0.9681265,0.6679905,1,0.7142857,4.25,1,1,0,0,0,0,0,0,1
0,0.3988721,-0.0978001,1.260275,0,0.5714286,4.25,0,0,0,0,0,0,0,0,1
0,0.1567204,-0.788949,0.6224302,1,0.8571429,4.25,0,1,0,0,0,0,0,0,0
0,0.8960367,1.565015,0.6679905,1,0.7142857,4.75,0,1,0,0,0,0,0,0,0
1,-1.302653,-2.357503,0.3021945,1,0.8571429,4.75,1,1,0,0,0,0,0,0,1
0,-0.3664385,0.2260886,0.3490682,1,0.4285714,4.75,1,1,0,0,0,0,0,1,0
0,0.8542801,0.9172375,1.260275,1,0.7142857,5,1,1,0,0,0,0,0,1,0
0,0.683376,0.2260886,0.3490682,1,1,4.25,0,1,0,0,0,0,1,0,0
0,0.1307261,0.9681265,0.3490682,1,1,4.5,1,0,0,0,0,0,1,0,0
0,-1.474084,0.959394,0.076363,0,1,4.75,1,1,0,0,0,0,0,0,1
1,-0.1277835,-0.4129563,0.3952852,1,0.5714286,5,0,1,0,0,0,0,0,0,1
0,-0.3664385,-1.112838,0.3490682,0,0.4285714,4.5,1,1,0,0,0,0,0,0,1
1,0.8542801,-0.5582714,0.6211168,0,0.8571429,4.75,1,1,0,0,0,0,0,0,1
0,0.3433867,-0.0890676,0.9406958,0,0.5714286,3.25,1,0,0,0,0,0,0,0,1
1,-0.3664385,-1.291577,0.0294892,0,1,5,1,1,1,0,0,0,1,0,0
0,-0.3246819,-0.5072168,-0.2894331,0,0.8571429,5,1,0,1,0,0,0,0,0,1
0,0.8542801,0.9681265,0.0294892,0,1,5,1,1,1,0,0,0,1,0,0
0,-0.3664385,0.2260886,-0.2894331,1,1,3.75,1,1,1,0,0,0,1,0,0
0,0.3185433,0.2260886,0.0301459,0,1,5,1,1,1,0,0,0,0,0,1
1,0.0086263,0.5078208,-0.8817173,1,0.7142857,4.5,1,1,1,0,0,0,1,0,0
0,0.3486157,-0.4129563,0.0294892,1,1,4,1,0,1,0,0,0,1,0,0
0,0.2437304,0.6529703,0.0294892,1,0.7142857,4.75,1,0,1,0,0,0,0,1,0
0,0.0086263,-0.788949,0.0294892,0,0.4285714,3.5,1,0,1,0,0,0,0,1,0
0,0.8542801,0.2682451,-0.9279343,0,0.8571429,5,1,1,1,0,0,0,0,1,0
0,-0.3144498,-0.788949,-0.0160711,0,0.8571429,3.5,1,0,1,0,0,0,0,1,0
0,0.3728777,0.2260886,-0.0167278,0,0.7142857,5,1,1,1,0,0,0,0,0,1
1,0.6360891,-0.9851531,-0.562795,0,0.4285714,5,1,1,1,0,0,0,1,0,0
0,-0.3664385,0.2260886,-0.243216,1,0.8571429,4.75,1,1,1,0,0,0,1,0,0
0,0.8417022,0.2260886,-1.520219,1,0.7142857,5,1,0,1,0,0,0,0,0,1
0,0.3249671,-0.3707998,-0.243216,0,1,3.25,1,0,1,0,0,0,0,1,0
0,-0.3664385,-1.112838,0.0294892,1,1,5,1,0,1,0,0,0,0,0,1
0,-0.1797722,-1.112838,0.0294892,0,0.5714286,4.25,1,1,1,0,0,0,0,0,1
0,-0.3144498,-2.451764,-1.74605,0,0.7142857,4.75,1,0,1,0,0,0,0,1,0
0,0.8542801,0.2260886,0.0301459,1,0.4285714,5,1,1,1,0,0,0,0,0,1
0,-1.928584,-1.854875,-1.108862,1,0.7142857,3.5,1,1,1,0,0,0,0,0,1
0,-0.3979631,0.2260886,0.0294892,0,1,4,1,0,1,0,0,0,0,0,0
0,-0.3664385,0.2260886,-0.243216,0,0.8571429,4.75,1,0,1,0,0,0,0,1,0
0,0.4248665,1.283283,-0.5621383,1,1,4.5,0,0,1,0,0,0,1,0,0
0,0.8542801,0.2260886,-0.5621383,1,1,4.5,1,1,1,0,0,0,1,0,0
0,0.4707154,1.565015,-1.566436,1,0.5714286,4.5,0,0,1,0,0,0,0,0,1
0,-0.3664385,-0.788949,-0.8817173,0,0.8571429,5,1,0,1,0,0,0,0,1,0
0,0.3965263,0.6442378,-0.6076986,0,0.5714286,3.75,1,1,1,0,0,0,1,0,0
0,0.8960367,1.565015,-1.201296,1,0.5714286,5,1,0,1,0,0,0,0,0,1
1,0.3602999,-0.788949,-0.3369635,0,1,5,1,0,1,0,0,0,0,0,1
0,-0.3246819,-0.4129563,-0.8810606,1,0.8571429,5,1,0,1,0,0,0,0,0,1
1,0.7928837,0.9681265,-0.9279343,1,1,4.5,1,1,1,0,0,0,0,1,0
0,-0.0141836,-0.3795322,-1.792267,0,0.2857143,4.5,0,1,0,1,0,0,1,0,0
0,0.5376278,-0.0890676,-1.246857,0,0.8571429,4.75,1,1,1,0,0,0,0,0,1
0,0.8385177,0.2260886,-0.6545724,0,0.8571429,3,1,0,1,0,0,0,0,0,1
0,0.8417022,-0.6610988,-1.566436,0,0.8571429,5,0,0,1,0,0,0,1,0,0
0,0.8542801,-1.094158,-0.9285911,1,0.7142857,5,1,0,1,0,0,0,0,0,1
0,-0.483008,-0.0890676,-1.201296,1,0.8571429,4.75,1,0,1,0,0,0,0,0,1
0,-0.3664385,0.2260886,-0.243216,0,0.7142857,5,1,0,1,0,0,0,0,0,1
0,-0.2829252,-0.4216887,0.0294892,0,0.8571429,5,1,0,1,0,0,0,1,0,0
0,0.8542801,-1.112838,0.0294892,0,0.8571429,4.75,0,1,1,0,0,0,0,0,1
0,0.0992015,-0.0556436,-0.6090121,1,0.8571429,4.5,1,0,1,0,0,0,1,0,0
1,0.1251958,0.6442378,-0.0180412,0,1,5,1,1,1,0,0,0,0,0,1
0,-0.5948614,0.2260886,-0.243216,1,1,4.75,1,0,1,0,0,0,0,0,1
0,-0.8437628,-1.112838,-0.0167278,0,0.8571429,4,1,0,1,0,0,0,0,0,1
0,0.1602171,-1.709726,-0.5621383,0,0.7142857,3.75,1,0,1,0,0,0,0,1,0
0,0.8542801,1.565015,0.076363,0,1,4,1,1,1,0,0,0,0,1,0
1,0.8542801,1.283283,-0.9741514,0,0.7142857,4,1,1,1,0,0,0,1,0,0
0,0.597517,0.2260886,-1.155079,1,1,4.75,1,0,1,0,0,0,1,0,0
0,-0.3822008,0.5499773,0.076363,0,1,3.75,1,1,1,0,0,0,1,0,0
0,-0.3404441,0.2260886,-1.839141,0,0.8571429,4.75,1,0,1,0,0,0,0,1,0
0,0.8834589,0.3203491,0.9406958,1,1,4.75,1,1,1,0,0,0,0,0,0
0,0.1546869,0.2260886,0.9413525,0,0.7142857,4.75,1,0,1,0,0,0,1,0,0
0,0.3693811,1.565015,0.3490682,1,0.1428571,5,1,1,1,0,0,0,1,0,0
0,-0.3979631,-1.615465,0.6679905,1,1,4.75,1,0,1,0,0,0,0,0,1
0,-0.3790164,0.5499773,0.9406958,0,0.1428571,5,1,0,1,0,0,0,0,0,1
0,0.8542801,0.2260886,0.3490682,1,0.4285714,5,1,1,1,0,0,0,1,0,0
0,-0.2829252,0.2260886,1.260275,0,0.2857143,5,1,1,1,0,0,0,1,0,0
0,0.1377737,-1.112838,0.3490682,1,0.7142857,4.25,1,0,1,0,0,0,0,1,0
0,-0.3664385,0.2260886,0.3490682,1,0.8571429,3,1,0,1,0,0,0,1,0,0
0,-0.2861097,0.2260886,0.3015378,0,0.7142857,5,1,1,1,0,0,0,1,0,0
1,0.8417022,0.5078208,1.260275,1,0.8571429,4.5,1,1,1,0,0,0,0,0,1
1,0.8542801,0.2260886,1.260275,1,0.4285714,4.5,1,1,1,0,0,0,0,1,0
0,0.3276244,0.6442378,0.9406958,0,0.8571429,5,1,1,1,0,0,0,1,0,0
0,0.8542801,-0.0890676,1.260275,1,0.8571429,5,1,0,1,0,0,0,0,0,1
0,-0.2081124,0.2260886,0.6679905,1,1,2.25,1,0,1,0,0,0,1,0,0
0,0.3602999,-0.5072168,0.6679905,0,1,4.5,0,1,1,0,0,0,0,0,1
0,-0.4522976,0.2682451,0.6211168,1,0.8571429,5,1,0,1,0,0,0,1,0,0
0,-0.3924329,0.2260886,1.260275,1,1,4.5,1,1,1,0,0,0,0,0,0
0,0.4146344,-0.4042238,0.6686472,0,0.7142857,4.5,1,1,1,0,0,0,0,0,1
0,0.2019738,0.9681265,0.3490682,1,0.7142857,5,1,0,1,0,0,0,1,0,0
0,0.8802744,1.565015,0.9875695,1,0.8571429,5,1,0,1,0,0,0,1,0,0
1,-0.2081124,-1.112838,0.3484115,0,0.8571429,5,1,1,1,0,0,0,0,0,1
0,0.6936081,0.2260886,0.9875695,0,0.5714286,4.5,1,0,1,0,0,0,1,0,0
0,0.922031,0.3290816,0.9406958,1,1,3,1,0,1,0,0,0,0,0,1
0,0.3728777,0.2260886,0.9875695,0,0.8571429,5,1,0,1,0,0,0,1,0,0
0,0.8259399,0.6195462,0.3021945,1,0.7142857,5,1,0,1,0,0,0,1,0,0
0,-0.3979631,0.2260886,0.9406958,0,1,5,1,1,1,0,0,0,0,1,0
0,-0.3664385,0.2260886,0.3015378,1,0.5714286,3,1,0,1,0,0,0,0,0,1
0,0.8542801,0.9681265,0.9406958,0,0.7142857,5,1,1,1,0,0,0,0,1,0
0,-1.429982,-0.0978001,0.6217735,1,0.8571429,4,1,0,1,0,0,0,1,0,0
0,-0.3664385,0.2260886,0.9406958,0,0.8571429,5,1,0,1,0,0,0,1,0,0
1,0.7999455,-0.3707998,0.6217735,0,1,4.75,1,1,1,0,0,0,1,0,0
1,0.8542801,0.6529703,0.3490682,1,1,5,1,1,1,0,0,0,0,0,1
0,0.8542801,0.2260886,0.9406958,1,0.4285714,5,1,1,1,0,0,0,0,0,1
0,0.7912309,0.2260886,0.9406958,0,1,5,1,0,1,0,0,0,1,0,0
1,0.8542801,-0.2256503,0.3490682,1,1,5,1,0,1,0,0,0,0,0,0
0,0.8960367,0.2260886,0.6224302,0,0.8571429,4.5,1,1,1,0,0,0,1,0,0
0,-0.3664385,0.2260886,0.3490682,0,0.7142857,4.75,1,0,1,0,0,0,1,0,0
1,0.8542801,1.565015,1.260275,0,1,5,1,1,1,0,0,0,1,0,0
1,-0.3144498,-0.9764206,0.9875695,0,0.8571429,4.25,1,0,1,0,0,0,0,0,1
0,-0.1245991,-1.052001,0.3484115,0,0.8571429,4.75,1,0,1,0,0,0,1,0,0
0,0.8542801,0.2260886,1.260275,0,0.5714286,4.5,1,0,1,0,0,0,1,0,0
0,-0.3664385,0.2260886,0.9406958,0,0.5714286,3,1,0,1,0,0,0,1,0,0
0,0.8960367,-1.506295,0.3490682,0,0.5714286,5,1,1,1,0,0,0,1,0,0
1,0.3728777,-0.4042238,0.3490682,1,0.8571429,4.75,1,1,1,0,0,0,1,0,0
1,-0.3404441,-0.0890676,0.7148643,1,0.8571429,4.75,1,0,1,0,0,0,0,0,0
0,-0.3246819,-0.0890676,1.260275,0,0.7142857,4.75,1,1,1,0,0,0,1,0,0
1,0.0685298,1.241126,0.6211168,1,0.8571429,5,1,1,1,0,0,0,1,0,0
1,0.8542801,-0.3707998,0.9406958,0,0.7142857,5,0,1,1,0,0,0,1,0,0
0,0.8542801,1.241126,0.6679905,1,0.8571429,5,0,0,1,0,0,0,1,0,0
1,-0.3664385,0.2260886,1.260275,1,1,5,1,1,1,0,0,0,1,0,0
0,0.1149638,-0.71938,0.9406958,0,1,4.25,1,0,1,0,0,0,1,0,0
0,0.7196025,0.3203491,0.3490682,1,0.7142857,3.75,0,0,1,0,0,0,1,0,0
0,0.8960367,1.565015,1.260275,1,0.8571429,5,1,0,1,0,0,0,0,0,1
0,-0.6895146,-0.013487,-1.792267,0,1,4.75,1,1,0,0,0,0,1,0,0
0,-0.5405269,-0.064376,-0.2907465,1,0.5714286,5,1,1,0,1,0,0,0,0,1
0,0.2090214,-0.0890676,0.076363,1,1,4.5,1,1,0,0,0,0,1,0,0
1,0.8259399,0.2260886,0.3021945,0,1,4.75,1,0,0,0,0,0,1,0,0
0,-0.3664385,1.283283,-0.6090121,1,0.8571429,3.75,1,1,0,0,0,1,0,0,1
1,-2.059478,-0.3795322,-0.5152646,0,0.8571429,4,1,0,0,0,0,0,0,1,0
0,0.8385177,0.92597,-1.474002,1,0.5714286,4.5,1,1,0,0,0,0,0,1,0
0,0.3276244,-0.0978001,0.3028512,1,0.7142857,5,1,1,0,0,0,0,1,0,0
1,-0.3246819,-0.6859559,-0.2887764,1,1,4,1,0,1,0,0,0,0,0,1
0,-0.8636031,0.2260886,-0.243216,1,0.7142857,4.75,1,0,0,0,0,0,0,1,0
1,-0.5247647,-0.4042238,-0.5621383,1,1,3.5,1,1,0,0,0,1,0,0,1
0,-0.3822008,-0.3707998,-0.5621383,0,0.5714286,3.75,1,1,0,0,0,0,0,1,0
0,-0.3664385,-0.4042238,-0.9279343,0,0.7142857,5,1,0,0,0,0,0,1,0,0
0,0.7999455,0.6442378,0.3021945,0,0.1428571,4.5,1,1,0,0,0,1,0,0,1
1,-0.8501866,-0.3707998,-0.2425593,1,0.7142857,4,1,1,0,0,0,0,0,0,0
1,-0.3246819,-0.4216887,-0.5621383,0,0.8571429,5,1,0,0,0,0,0,0,0,1
0,-0.8376088,0.2260886,-0.5159213,1,0.7142857,4,1,0,0,0,0,0,0,0,1
0,0.3988721,0.8651335,0.0757063,0,0.2857143,5,1,1,0,0,0,0,0,0,1
0,-0.3664385,0.2260886,0.0301459,0,0.7142857,4,1,1,0,0,0,0,0,1,0
1,-0.967907,-0.9851531,-0.8817173,1,0.4285714,3.25,1,0,0,0,0,0,0,0,1
0,-0.2081124,-0.1920606,-0.2894331,1,0.7142857,4.5,1,1,0,0,0,0,0,0,1
1,-0.3369475,-0.3373757,-0.2894331,1,0.2857143,5,0,0,0,0,0,0,0,0,1
0,-0.3664385,-0.0890676,-0.5621383,1,0.8571429,3.75,1,0,0,0,0,0,0,0,1
1,-0.8218464,-0.0556436,-0.2894331,1,0.8571429,4.5,1,1,0,0,0,0,0,0,1
0,0.3287753,0.6442378,-0.5621383,0,0.5714286,4.25,1,0,0,0,0,0,0,0,1
1,-0.3664385,0.2260886,-0.9279343,1,1,4,1,1,0,0,0,0,0,0,0
0,0.3276244,0.6442378,0.12258,1,0.7142857,5,0,0,0,0,0,0,0,0,1
0,-2.649549,0.5078208,-1.153766,1,0.7142857,3.75,1,0,0,0,0,0,0,0,1
1,0.8259399,0.2260886,-0.6083553,1,0.5714286,4,1,1,0,0,0,0,0,0,1
0,0.8417022,0.0139254,0.0294892,1,1,5,1,1,0,0,0,0,0,0,1
1,-1.07976,0.0473494,-1.199983,1,1,3.75,1,1,0,0,0,0,0,1,0
1,-0.5723638,-3.508958,-0.8810606,0,0.8571429,3,1,1,0,0,0,0,0,0,1
0,-0.1853025,0.959394,0.076363,0,0.5714286,5,1,0,0,0,0,0,0,0,1
0,0.8645121,0.6863943,-0.2438727,1,0.7142857,4,1,0,0,0,0,0,0,1,0
0,-0.0874648,-0.4129563,-0.8810606,1,0.8571429,3.75,1,1,0,0,0,0,0,0,0
0,0.2665403,-1.427994,-0.2894331,0,0.7142857,4.25,1,0,0,0,0,0,0,1,0
0,0.8779286,0.7198184,-0.9279343,1,0.7142857,5,1,0,0,0,0,0,0,0,1
1,-0.3538607,-0.925366,0.0301459,0,0.8571429,4,1,1,0,0,0,0,0,1,0
0,0.8542801,1.283283,-0.2894331,1,0.2857143,4,1,1,0,0,0,0,0,0,0
1,-0.3664385,0.2260886,-0.5621383,1,1,5,1,0,0,0,0,0,0,0,1
1,-0.8060842,1.283283,-0.2900898,1,0.7142857,4.25,0,0,0,0,0,0,0,1,0
1,-0.3664385,0.2260886,0.0294892,1,0.8571429,4.25,1,0,0,0,0,0,0,0,1
0,-0.6635203,0.6442378,-0.243216,1,0.7142857,4.75,1,0,0,0,0,0,0,0,1
0,0.8259399,1.241126,-0.5621383,0,0.8571429,4.75,1,0,0,0,0,0,0,0,1
0,-0.3664385,0.2260886,-0.8348436,1,0.7142857,4.5,0,0,0,0,0,0,0,0,1
1,-0.2081124,-1.112838,-0.8810606,0,0.8571429,4.5,1,0,0,0,0,0,0,0,1
1,0.7999455,0.5499773,-0.5614816,1,1,5,1,1,1,0,0,0,0,1,0
0,0.1987893,0.5412448,0.3028512,1,0.8571429,4.75,1,1,0,0,0,0,0,0,0
0,0.3602999,0.5499773,0.9406958,1,0.7142857,5,1,0,0,0,0,0,0,1,0
0,0.8960367,1.283283,1.260275,1,0.7142857,5,0,1,0,0,0,0,0,1,0
1,-0.8060842,0.2260886,0.3490682,1,0.5714286,4.5,1,0,0,0,0,0,0,1,0
0,0.2122058,-1.37589,1.260275,1,0.7142857,5,1,1,0,0,0,0,0,0,1
0,-0.3506762,-1.240522,1.260275,1,0.8571429,5,1,1,0,0,0,0,0,0,1
0,-0.3246819,-0.4042238,0.9413525,1,0.5714286,3.5,1,0,0,0,0,0,0,1,0
0,-0.3790164,-0.3707998,1.260275,1,0.4285714,5,1,0,0,0,0,0,0,0,0
1,-0.3664385,0.2260886,0.6679905,1,0.7142857,4,1,0,0,0,0,0,1,0,0
0,0.8542801,-0.4216887,1.260275,1,1,5,1,0,0,0,0,0,0,1,0
0,0.8542801,0.959394,0.7148643,1,0.7142857,4.5,1,1,0,0,0,0,0,0,1
0,0.8542801,1.565015,0.6217735,0,0.8571429,4.5,1,1,0,0,0,0,1,0,0
0,-0.1505934,-0.0890676,0.9406958,0,0.8571429,4.5,1,1,0,0,0,0,0,0,1
1,0.8542801,0.6442378,1.260275,1,0.8571429,4.5,1,1,0,0,0,0,0,0,1
1,0.8960367,-0.1920606,0.9875695,1,0.4285714,4.5,1,1,0,0,0,0,1,0,0
0,0.3602999,-0.0035396,0.3490682,0,0.5714286,5,1,1,0,0,0,0,1,0,0
0,-0.3979631,-0.0556436,1.260275,1,0.2857143,4.5,1,1,0,0,0,0,0,0,1
0,0.4146344,0.5412448,1.260275,1,0.4285714,5,1,1,0,0,0,0,0,1,0
0,0.2019738,-0.0890676,0.3490682,0,1,4.5,1,0,0,0,0,0,0,0,1
1,-0.301872,0.9681265,0.6679905,0,0.7142857,4.75,1,0,0,0,0,0,0,0,1
1,0.3445376,0.2260886,0.3490682,1,0.8571429,4.5,1,0,0,0,0,0,0,0,1
1,-0.3664385,0.2260886,0.6686472,1,0.5714286,4.75,1,0,0,0,0,0,0,0,1
0,0.7999455,0.9172375,1.260275,1,0.7142857,4.75,1,1,0,0,0,0,0,0,0
0,0.8417022,-0.3373757,1.260275,1,0.8571429,4.25,1,1,0,0,0,0,0,0,1
0,0.8385177,-0.9676881,0.9413525,0,0.7142857,4,1,1,0,0,0,0,1,0,0
1,0.8417022,0.2260886,1.260275,1,0.8571429,4.75,1,0,0,0,0,0,1,0,0
0,0.8542801,0.9681265,1.260275,1,0.8571429,4.5,1,0,0,0,0,0,0,0,0
1,0.8542801,0.5412448,1.260275,1,0.4285714,4,1,1,0,0,0,0,0,1,0
0,-0.3664385,-0.4042238,0.6217735,1,0.7142857,5,1,0,0,0,0,0,0,1,0
1,-0.3664385,0.2260886,1.260275,1,1,4.5,1,0,0,0,0,0,0,1,0
0,0.4146344,0.2260886,1.260275,1,1,5,1,1,0,0,0,0,0,0,1
1,-0.2081124,0.9681265,1.260275,1,0.7142857,4.5,1,1,0,0,0,0,0,0,0
0,0.3728777,-0.1399566,0.6217735,1,0.8571429,4,1,1,0,0,0,0,0,1,0
0,-0.182118,0.6529703,0.6679905,1,0.4285714,3.5,1,0,0,0,0,0,0,1,0
0,0.6959539,-0.3795322,0.3490682,1,0.8571429,3.25,1,1,0,0,0,0,0,0,1
1,0.3988721,-1.436726,0.3490682,0,0.7142857,5,1,1,0,0,0,0,1,0,0
0,0.8542801,-0.0890676,1.260275,1,0.5714286,5,0,1,0,0,0,0,0,0,1
0,0.6676137,0.2260886,0.3490682,0,0.7142857,5,1,1,0,0,0,0,0,0,0
0,-0.1663557,0.2260886,1.260275,1,1,5,0,1,0,0,0,0,0,0,1
0,0.8960367,0.2260886,1.260275,1,1,5,1,1,0,0,0,0,1,0,0
1,0.3728777,-3.79069,0.6679905,1,1,3.25,0,0,0,1,0,0,0,0,0
1,-0.3664385,0.2260886,1.260275,1,0.8571429,4,1,1,0,0,0,0,0,0,0
0,0.3673475,0.2173561,0.9875695,1,0.8571429,4.5,1,0,0,0,0,0,0,1,0
0,-0.1380156,0.2260886,0.3490682,1,1,4.75,1,0,0,0,0,0,0,0,1
1,-0.3664385,-0.736845,0.6679905,1,0.7142857,4.25,1,1,0,0,0,0,0,0,1
0,-0.3246819,0.2260886,0.6679905,0,1,4.5,1,0,0,0,0,0,0,0,0
0,-0.3664385,0.2260886,1.260275,1,0.7142857,4.5,1,1,0,0,0,0,0,0,1
1,-0.3246819,0.2260886,0.6686472,1,1,4.75,1,1,0,0,0,0,0,1,0
1,-0.3664385,-0.3373757,1.260275,1,0.7142857,4,0,1,0,0,0,0,0,0,1
1,-0.0667679,1.249859,1.260275,1,0.7142857,4,1,1,0,0,1,0,0,0,1
0,-0.3664385,0.2260886,0.3490682,1,0.7142857,4.5,1,1,0,0,0,0,0,0,1
0,0.3988721,-0.0890676,0.3490682,1,0.7142857,5,1,0,0,0,0,0,0,0,1
0,0.8542801,1.565015,0.3484115,0,0.7142857,5,1,1,0,0,0,0,0,0,0
1,-0.4050107,-1.812719,0.395942,1,0.5714286,5,1,1,0,0,0,0,0,0,0
1,-0.3664385,0.2260886,0.3490682,1,0.8571429,5,1,0,0,0,0,0,0,0,1
0,0.4020565,-0.0556436,1.260275,1,0.8571429,5,1,1,0,0,0,0,0,1,0
0,0.8960367,0.8651335,1.260275,1,0.4285714,5,1,0,0,0,0,0,0,1,0
1,-0.2829252,-1.257987,0.3952852,0,0.8571429,4.5,1,0,0,0,0,0,0,0,1
0,-1.471738,-0.0978001,0.3490682,1,0.5714286,4,1,1,0,0,0,0,0,1,0
0,0.8259399,-0.4042238,0.3952852,1,0.8571429,4.5,1,1,0,0,0,0,0,1,0
1,-0.8060842,-0.0556436,0.6217735,1,0.1428571,4.25,1,0,0,0,0,0,0,0,1
0,0.4146344,0.2260886,0.6679905,1,0.7142857,4,1,0,0,0,0,0,0,1,0
0,0.8417022,0.2260886,0.6679905,1,0.8571429,5,1,0,0,0,0,0,0,0,1
0,-0.3664385,0.2260886,0.3490682,1,0.5714286,5,1,0,0,0,0,0,0,1,0
0,-0.3664385,-0.4129563,0.3490682,1,0.7142857,4,1,1,0,0,0,0,0,0,0
0,-0.1537779,0.2260886,0.6679905,1,0.7142857,4.75,1,1,0,0,0,0,0,0,1
0,-0.3664385,0.2260886,0.3490682,0,1,4.75,0,0,0,0,0,0,0,1,0
1,-0.6311021,0.2260886,0.3490682,0,0.7142857,4.25,1,0,0,0,0,0,0,0,1
1,-0.3664385,0.2348211,0.3490682,1,0.8571429,4.25,1,1,0,0,0,0,0,1,0
0,-0.3664385,0.5499773,0.3952852,1,0.8571429,4.5,1,1,0,0,0,0,0,0,1
1,-0.3664385,0.2260886,0.9406958,1,1,4,1,1,0,0,0,0,0,1,0
1,0.3988721,-0.0890676,0.9875695,1,0.8571429,4.25,1,0,0,0,0,0,1,0,0
1,-0.1380156,0.3290816,0.3952852,1,0.7142857,4.25,1,1,0,0,0,0,0,0,0
0,0.8542801,0.2869251,0.9406958,1,1,4.25,1,1,0,0,0,0,0,0,1
1,0.8542801,0.92597,1.260275,1,0.7142857,4,1,1,0,0,0,0,0,0,1
0,-0.3664385,-2.136608,0.6679905,1,0.7142857,4.75,1,0,0,0,0,0,0,0,1
0,-0.2332681,0.9681265,1.260275,1,0.5714286,5,1,0,0,0,0,0,0,1,0
1,-1.471738,-1.240522,0.6686472,0,0.1428571,3.25,1,1,0,0,0,0,0,1,0
0,-0.3664385,0.9681265,0.6679905,1,0.7142857,4.5,1,1,0,0,0,0,0,0,0
0,0.9094532,0.9681265,-0.243216,1,0.8571429,5,1,0,0,0,0,0,0,0,1
0,0.8542801,-1.812719,-0.2900898,1,0.7142857,3.75,1,1,0,0,0,0,0,0,0
1,0.8960367,0.2348211,-1.519562,1,0.7142857,4.5,1,0,0,0,0,0,0,1,0
0,0.8542801,1.565015,-0.1963423,1,0.4285714,5,1,0,0,0,0,0,1,0,0
0,-0.3822008,-1.564411,-1.153766,1,0.7142857,3.75,1,1,0,0,0,0,0,0,0
0,-1.548585,-0.4129563,-0.5621383,1,1,4.75,1,0,0,0,0,0,0,0,1
0,-0.4751075,0.2260886,-0.8810606,1,0.4285714,4,1,0,0,0,0,0,0,0,1
0,0.4146344,-0.4737927,-0.2894331,0,0.8571429,4.5,1,1,0,0,0,0,0,0,1
0,-0.4491132,-0.6946884,-0.2425593,1,0.8571429,4.75,1,1,0,0,0,0,0,0,0
1,-0.2466846,0.2260886,-0.8804039,0,0.4285714,5,1,1,0,0,0,0,0,0,1
1,0.30163,0.4048278,-0.5621383,0,0.7142857,4.5,1,1,0,0,0,0,0,0,1
0,0.7999455,0.2260886,-0.2894331,1,0.8571429,4,1,1,0,0,0,0,0,0,1
1,0.6416194,0.9681265,-0.5614816,1,0.7142857,4.75,1,1,0,0,0,0,0,0,0
0,-0.1505934,-0.5159492,-0.6083553,1,0.2857143,5,1,1,0,0,0,0,0,0,1
1,0.683376,1.249859,-0.2887764,1,0.5714286,3.75,1,1,0,0,0,0,0,0,1
1,-0.5145326,-0.0890676,-1.20064,1,1,4.25,1,1,0,0,0,0,0,0,1
1,0.8542801,1.565015,-1.474002,1,0.7142857,4.75,1,1,0,0,0,0,0,1,0
1,-0.4751075,0.2260886,-1.20064,1,0.5714286,5,1,0,0,0,0,0,0,0,1
0,-0.8513375,0.6442378,-0.2900898,1,1,4,1,0,0,0,0,0,0,0,1
0,0.7999455,0.6529703,-0.5621383,0,1,4.25,1,1,1,0,0,0,0,0,1
0,0.6392736,0.6529703,-1.520219,0,0.8571429,5,1,1,0,0,0,0,0,0,0
1,-0.420773,-0.4129563,-0.5621383,0,0.5714286,4.25,1,1,0,0,0,0,0,0,0
1,-0.0717025,-0.6946884,-1.153766,1,0.2857143,3.5,1,1,0,0,0,0,0,0,0
1,-0.3246819,-1.052001,-0.5621383,1,0.5714286,4.75,1,1,0,0,0,0,0,0,0
1,0.6959539,0.2260886,-0.5621383,1,0.5714286,4.25,1,0,0,0,0,0,0,0,1
0,0.7684209,0.959394,-1.201296,1,0.7142857,4.25,1,0,0,0,0,0,0,0,1
0,-0.4522976,-0.6612644,-0.882374,1,0.4285714,4,1,1,0,0,0,0,0,1,0
0,0.8542801,-0.0890676,0.3490682,1,0.8571429,5,1,1,0,0,0,0,0,0,1
0,0.3445376,-0.3795322,0.3490682,0,0.5714286,5,1,0,0,0,0,0,0,0,0
1,0.3728777,0.5499773,1.260275,1,1,4.75,1,0,0,0,0,0,0,1,0
0,-0.410541,-0.0890676,1.260275,1,0,4,1,0,0,0,0,0,0,0,1
0,-0.3664385,-0.5159492,0.395942,1,0.5714286,4.75,1,0,0,0,0,0,0,0,1
1,-0.0591247,-1.478883,0.3490682,1,0.7142857,4.25,1,1,0,0,0,1,0,0,0
0,0.8542801,-0.3186958,0.6217735,0,1,5,1,1,0,0,0,0,0,1,0
0,-0.2829252,-0.4042238,0.6217735,1,0.4285714,4.5,1,1,0,0,0,0,0,0,0
1,0.2472956,0.6776618,0.3952852,1,0.5714286,2.75,1,1,0,0,0,0,0,1,0
0,0.683376,1.565015,0.9875695,0,0.8571429,4.75,1,1,1,0,0,0,0,0,1
1,-0.8604187,-1.478883,0.3490682,1,0.5714286,4,1,0,0,1,0,0,0,0,0
1,-0.3246819,-0.3707998,0.9413525,1,0.8571429,3.5,1,0,0,0,0,0,0,0,1
0,-0.1537779,0.9681265,1.260275,1,0.2857143,5,1,0,0,0,0,0,0,0,1
0,0.8259399,-1.39457,0.3490682,1,0.5714286,4.5,1,0,0,0,0,0,0,0,1
0,-0.3699352,-0.8311055,0.076363,1,0.4285714,4.75,1,0,0,0,0,0,0,0,1
0,0.8960367,-1.751882,0.3490682,0,0.7142857,3,1,1,0,0,0,0,0,0,1
0,-0.3664385,0.2260886,0.6686472,1,0.8571429,5,1,1,0,0,0,0,0,0,1
1,0.8542801,0.5499773,0.3490682,0,1,4.25,1,0,0,0,0,0,0,0,1
0,0.7999455,0.9681265,0.6679905,1,0.7142857,4.75,1,0,0,0,0,0,0,0,0
1,-0.3664385,0.2348211,0.3490682,1,0.4285714,4.25,1,0,0,0,0,0,0,0,1
0,0.6100948,0.2260886,0.076363,1,1,4,1,0,0,0,0,0,0,1,0
0,0.8960367,0.4135602,0.076363,1,0.8571429,4.75,1,0,0,0,0,0,0,0,0
0,-0.4987703,-0.6946884,0.076363,0,0.7142857,4.25,1,1,0,0,0,0,0,0,1
0,0.8259399,0.8317094,0.6679905,1,0.4285714,4.5,1,1,0,0,0,0,0,0,0
0,0.3445376,-0.0890676,0.12258,1,0.4285714,4.25,1,1,0,0,0,0,0,0,0
0,-0.5113482,0.2348211,0.3952852,1,0.7142857,5,1,0,0,0,0,0,0,0,1
1,0.8834589,-1.112838,0.3952852,1,0.8571429,4.25,1,0,0,0,0,0,0,0,1
1,-0.3664385,0.2260886,0.3490682,1,0.8571429,4.25,1,0,0,0,0,0,0,0,0
0,0.8542801,0.9681265,0.6211168,1,0.8571429,4.75,1,0,0,0,0,0,0,0,1
1,-0.2285907,0.6442378,0.3490682,1,0.7142857,4.75,1,1,0,0,0,0,1,0,0
1,0.683376,0.5499773,0.9406958,1,0.7142857,4.25,1,1,0,0,0,0,0,0,1
1,0.3255909,-0.6946884,0.3490682,1,1,4,1,0,0,0,0,0,0,0,1
0,0.8385177,-0.2765392,0.6679905,1,1,5,1,0,0,0,0,0,0,0,1
0,0.7999455,0.2260886,0.3490682,1,0.7142857,5,1,0,0,0,0,0,0,0,0
0,0.8385177,0.959394,0.076363,1,0.4285714,5,1,0,0,0,0,0,0,0,1
0,-0.3664385,0.2260886,0.9875695,1,1,3.75,1,0,0,0,0,0,0,0,1
1,0.6518515,1.249859,0.1232367,1,0.4285714,4.5,1,0,0,0,0,0,0,0,1
0,0.2575276,-0.3707998,0.6686472,0,0.4285714,4.5,1,1,0,0,0,1,1,0,0
0,-1.532823,-1.854875,0.3484115,1,0.2857143,3.25,1,0,0,0,0,0,0,0,1
0,0.4248665,-0.0890676,0.9406958,1,0.7142857,4.5,1,0,0,0,0,1,1,0,0
0,0.8542801,0.5499773,0.3490682,1,0.8571429,4.75,1,1,0,1,0,0,0,0,1
1,0.8542801,1.241126,0.9875695,1,1,4.75,1,0,0,0,0,0,0,1,0
0,0.6676137,-0.0803351,0.6217735,1,0.8571429,4,1,1,0,0,0,0,0,0,1
1,0.5636221,0.2260886,-0.5621383,1,0.7142857,4.5,1,1,0,0,0,0,0,0,1
0,0.8385177,0.2260886,-0.2900898,1,0.8571429,4.75,1,1,0,0,0,1,0,0,0
0,-0.3664385,-0.5159492,-0.5621383,1,1,4,1,0,0,0,0,0,0,0,1
1,-0.3144498,0.2260886,-1.792267,1,0.5714286,3.75,1,0,0,0,0,0,0,0,0
0,-0.5948614,-1.001112,-1.20064,0,0.8571429,5,0,0,0,0,0,0,0,0,0
0,-0.9384159,-0.0978001,-0.2900898,0,0.5714286,4.5,1,1,0,0,0,0,1,0,0
1,0.8542801,-0.3707998,-0.8810606,1,0.8571429,4.5,1,1,0,0,1,0,1,0,0
0,-0.8930941,-0.3707998,-0.8355003,1,0.7142857,5,1,0,0,0,0,0,0,0,0
1,-0.420773,-0.6946884,-0.5614816,1,1,4,1,0,0,0,0,1,0,0,1
0,-0.3144498,-0.9764206,-0.2425593,1,1,4.75,1,1,0,1,0,0,0,0,0
0,0.8960367,0.5078208,-0.3363068,1,0,4,1,0,0,0,0,0,0,1,0
0,-0.3664385,-0.0890676,-0.8817173,1,1,4.25,1,1,0,0,0,0,0,0,0
1,-1.077415,-0.9764206,-0.5621383,1,0.8571429,4.25,1,1,0,0,0,0,0,0,0
0,0.1862115,-0.0890676,-0.5621383,0,0.8571429,4.25,1,0,0,0,0,0,0,0,1
0,0.8960367,0.9681265,-0.8810606,0,0.8571429,4.75,1,0,0,0,0,0,0,0,0
1,0.3728777,-0.736845,-0.9279343,1,1,4.5,1,1,0,0,0,0,0,0,0
0,0.7511271,-0.9676881,-1.792924,1,0.4285714,4.25,0,0,0,0,0,0,0,1,0
0,0.8542801,1.565015,-0.5614816,1,0.5714286,4.75,1,0,0,0,0,1,0,0,1
1,-0.4534485,0.2260886,-0.2900898,0,0.8571429,4,1,0,0,0,0,0,0,0,0
1,0.0834392,0.2260886,-0.2887764,1,0.5714286,4,1,0,0,0,0,0,0,1,0
0,0.6676137,0.6442378,-0.6090121,1,1,3.5,1,0,0,0,0,1,0,0,1
0,-0.3664385,-1.070681,-0.2894331,1,1,4.25,0,1,0,0,0,0,1,0,0
0,-0.3664385,0.2260886,-0.243216,1,1,4,1,1,0,0,0,0,0,0,1
1,0.3185433,-1.615465,-1.473345,1,0.7142857,5,1,0,0,0,0,0,0,0,1
1,-0.3822008,-0.6946884,-1.20064,0,0.8571429,4.75,1,0,0,0,0,0,0,0,1
0,-0.3664385,0.2260886,-1.473345,1,0.7142857,4.5,1,0,0,0,0,0,0,0,1
0,0.683376,-0.0890676,-2.384551,0,1,3.75,0,1,0,1,0,0,0,0,1
1,0.7716054,-0.2256503,-0.5159213,0,1,4.75,1,1,0,0,0,0,1,0,0
1,-0.2510199,-0.0556436,-0.2894331,1,0.8571429,4.25,1,0,0,0,0,0,0,0,1
1,-0.3664385,-0.4042238,-0.2894331,0,1,3.75,0,0,0,0,0,0,0,0,1
0,-0.3664385,0.038617,-1.473345,1,1,5,1,1,0,0,0,0,0,1,0
0,-0.9348508,1.249859,-0.5621383,1,1,3.75,1,1,0,0,0,0,0,0,0
1,-0.3664385,-0.0556436,1.260275,1,0.7142857,5,1,1,0,0,0,0,0,0,1
0,0.7219483,0.6863943,0.0301459,1,1,5,1,1,0,0,0,0,0,0,0
0,-0.3664385,0.2260886,0.9406958,0,0.8571429,4.75,1,0,0,1,0,0,0,0,0
0,0.8960367,1.249859,0.9875695,1,0.8571429,5,1,1,0,0,0,0,0,0,0
1,-0.3664385,0.2260886,0.9406958,1,0.8571429,4.75,1,0,0,0,0,0,0,0,1
0,0.8519343,-0.4129563,0.9406958,1,0.7142857,4.75,1,0,0,0,0,0,0,0,1
0,-0.3664385,0.2260886,1.260275,1,0.8571429,5,1,0,0,1,0,0,0,1,0
1,0.8542801,1.565015,0.3490682,1,0.7142857,4.25,1,0,0,0,0,0,0,0,0
0,-0.3664385,-0.3373757,0.3490682,0,0.7142857,4.75,1,0,0,0,0,0,0,1,0
1,-0.2081124,-0.6946884,0.3490682,1,0.8571429,3.5,1,0,0,0,0,0,0,0,1
0,0.7196025,0.0139254,0.9875695,1,0.8571429,3.75,1,0,0,0,0,0,0,0,0
1,-0.4751075,1.565015,0.6679905,1,1,5,1,1,0,0,0,0,0,1,0
0,-0.420773,-0.4042238,1.260275,1,1,4,1,1,0,1,0,0,0,0,0
0,-0.3822008,-0.4042238,0.0294892,0,0.5714286,4.5,1,0,0,0,0,0,0,0,0
0,0.1602171,-0.7034209,0.9406958,1,0.8571429,4.75,1,1,0,1,0,0,0,0,1
0,-0.1797722,0.2260886,0.3490682,1,0.8571429,4.25,1,1,0,0,0,0,0,0,0
0,0.8385177,0.2260886,0.9406958,0,0.8571429,4.75,1,0,0,0,0,0,0,0,1
0,0.8542801,0.6195462,1.260275,0,0.5714286,4.75,1,1,0,1,0,0,1,0,0
1,0.8802744,0.2260886,0.0294892,1,0.8571429,4.25,1,0,0,0,0,0,0,1,0
0,-0.3664385,-0.6859559,0.3490682,1,1,4.75,1,1,0,0,0,0,0,0,0
0,-0.3246819,-1.573143,0.3490682,0,0.8571429,5,1,1,0,0,0,0,1,0,0
0,-0.2986875,-0.0556436,0.0294892,0,0.8571429,4.5,1,1,0,0,0,0,0,0,0
0,0.1149638,-0.4042238,0.3484115,1,0.5714286,5,1,1,0,0,0,0,0,0,1
0,-0.2285907,-0.4129563,0.3490682,0,0.5714286,4.5,1,0,0,0,0,0,0,0,1
1,0.8542801,-1.079414,1.260275,1,0.7142857,4.75,1,1,1,0,0,0,0,0,1
0,0.2732899,-0.4129563,0.3490682,1,0.8571429,4.5,1,0,0,0,0,0,0,0,1
0,0.4146344,-0.9851531,0.9875695,1,0.8571429,4.5,1,0,0,0,0,1,0,0,0
1,0.1149638,0.2260886,0.3021945,1,0.4285714,4,0,0,0,0,0,0,1,0,0
0,-0.3664385,-0.4737927,0.3490682,1,0.8571429,5,1,1,0,0,0,0,0,0,1
1,-0.9383475,0.2260886,0.0301459,1,0.7142857,3.5,1,0,0,0,0,1,0,0,1
0,0.7668893,-0.6525319,0.9406958,1,0.7142857,4.75,1,0,0,0,0,0,0,1,0
0,-0.4806378,-0.3707998,0.0301459,1,0.1428571,4,1,1,0,0,0,0,0,0,0
1,0.7999455,0.2260886,0.3035079,1,0.8571429,5,1,1,0,0,0,0,0,0,1
0,-1.33274,-0.4129563,0.9875695,1,0.7142857,5,0,0,0,0,0,0,1,0,0
0,-0.8636031,0.5499773,0.0301459,1,0.8571429,4,1,0,0,0,0,0,0,0,1
1,0.8542801,0.5499773,0.6679905,1,0.5714286,5,1,0,0,0,0,0,0,0,0
1,-0.0036393,0.2260886,0.0757063,1,0.8571429,5,1,0,0,0,0,0,0,0,1
0,0.8542801,1.565015,0.3021945,1,1,5,1,1,0,0,0,0,0,0,1
0,0.3728777,0.9681265,1.260275,0,0.8571429,4.5,1,0,0,0,0,0,1,0,0
0,0.0775425,0.6442378,0.9875695,1,0.7142857,4.5,1,1,0,0,0,0,0,0,1
0,-0.3506762,0.2260886,0.9406958,1,0.8571429,4.25,0,1,0,0,0,0,0,0,1
0,-0.3822008,-0.0978001,0.3490682,1,0.8571429,4.5,1,1,0,0,0,0,0,0,1
0,0.7999455,0.2260886,0.3490682,1,0.1428571,5,1,0,0,0,0,0,0,0,1
0,0.3988721,-1.539719,0.3490682,1,0.8571429,5,1,1,0,0,0,0,0,0,1
1,0.2347177,-1.112838,0.3490682,1,1,3,1,1,0,1,0,0,0,1,0
0,-0.3664385,0.2260886,0.0294892,0,0.5714286,4.25,1,1,0,0,0,0,0,0,0
0,0.683376,0.2260886,-0.243216,1,0.8571429,5,1,1,0,0,0,0,0,0,1
1,-0.3144498,-1.888299,-0.8817173,1,0.7142857,4,1,0,0,0,0,1,0,0,1
0,0.8542801,0.5078208,-0.2894331,0,0.4285714,4.75,0,1,0,0,0,1,0,1,0
0,-0.5562893,-0.0890676,-0.6076986,0,1,4,1,0,0,1,0,0,0,0,1
0,0.2563083,0.4135602,-2.111846,1,0.4285714,4.25,1,1,0,1,0,0,0,1,0
0,-0.3246819,-1.615465,-0.5621383,1,0.7142857,5,1,0,0,1,0,0,0,0,1
0,-1.213825,-0.4825252,-0.6545724,0,1,3.75,1,1,0,0,0,1,0,0,1
0,-0.3664385,-0.6612644,-0.5621383,0,0.7142857,3.5,1,1,0,0,0,1,0,1,0
1,0.2279681,-1.112838,-0.243216,1,0.8571429,4.5,1,0,0,1,0,0,0,0,1
0,-0.4727759,0.6442378,-0.5621383,0,0.2857143,4.25,0,0,0,1,0,0,0,1,0
0,-0.3664385,-1.709726,-0.6083553,0,0.8571429,3.5,0,1,0,0,0,1,0,1,0
0,-0.3664385,0.2260886,-0.5621383,1,0.7142857,3.25,0,1,0,0,0,1,0,1,0
1,-1.470588,-0.9676881,-1.839141,0,0.5714286,4.25,1,0,0,0,0,0,0,1,0
1,-0.3246819,0.6442378,-0.2425593,0,0.8571429,4,1,0,0,0,0,1,1,0,0
0,0.1602171,0.2260886,-1.20064,1,1,4,0,1,0,0,0,1,0,1,0
1,-1.561163,-1.240522,-2.384551,0,1,4,1,0,0,1,0,0,0,1,0
0,-0.7146154,-0.4216887,-0.8817173,0,0.8571429,3.25,1,0,0,1,0,0,0,0,1
0,-1.208596,-0.7976814,-0.5621383,0,1,2.5,0,0,0,1,0,0,0,1,0
0,-1.5454,-1.112838,-0.4690475,0,1,2.75,1,0,0,1,0,0,0,1,0
1,0.2528116,-0.0978001,-0.0173845,1,0.8571429,4.5,1,1,0,0,0,1,0,0,1
0,-0.2466846,0.2260886,-0.9279343,1,0.7142857,4.5,0,1,0,1,0,0,0,0,1
0,-0.1955345,0.2260886,-1.29373,1,0.5714286,3.5,1,0,0,1,0,0,0,0,1
0,0.5659924,-0.4216887,-0.8348436,1,0.7142857,4.25,0,0,0,1,0,0,0,0,1
0,0.2417653,-0.2952192,-1.247513,1,0.5714286,5,1,0,0,1,0,0,0,1,0
0,0.8133621,0.1926646,-0.2425593,1,0.8571429,5,1,0,0,0,0,1,0,0,1
1,-0.3664385,-1.112838,-0.2894331,1,0.5714286,4.5,1,1,0,1,0,0,0,1,0
0,-1.587157,-0.0890676,-0.5621383,0,0.5714286,5,0,0,0,1,0,0,0,1,0
0,0.8542801,-0.6437994,-1.29373,0,1,3.5,1,0,1,0,0,0,0,1,0
0,-0.3822008,0.2260886,-0.5621383,1,0.7142857,4.75,0,0,1,0,0,0,0,0,1
0,-0.3495253,0.3290816,-0.8810606,1,0.5714286,3.5,0,0,0,1,0,0,0,1,0
0,-1.130598,-0.0803351,-1.201296,1,0.7142857,3.5,0,0,0,1,0,0,0,1,0
1,-0.3246819,-0.4129563,-0.196999,1,0.8571429,3,1,1,0,0,0,0,0,0,0
0,0.3150466,0.6442378,-0.3356501,1,0.7142857,5,1,0,0,1,0,0,0,1,0
0,-0.3664385,-0.0556436,-0.1963423,0,0.8571429,4.25,1,0,0,0,0,1,0,1,0
0,-0.3664385,0.2260886,0.6217735,0,0.5714286,4.75,1,1,0,0,0,0,0,0,1
1,-1.413069,0.2260886,0.0301459,1,1,4.5,1,0,0,0,0,1,0,0,1
0,0.8960367,-0.0978001,0.3490682,1,1,4.5,0,1,0,1,0,0,0,0,1
0,-1.45839,0.5499773,0.3490682,0,0.5714286,4.75,0,0,0,1,0,0,0,0,1
0,-0.9190885,0.2260886,0.9875695,1,0.5714286,5,1,1,0,1,0,0,0,1,0
0,-0.3664385,-0.0890676,0.3490682,0,1,4.5,0,0,0,0,0,1,1,0,0
0,-0.3506762,1.565015,1.260275,0,1,4.75,1,1,0,0,0,1,0,0,1
0,-0.3506762,-0.8311055,1.260275,0,0.8571429,4.75,1,0,0,0,0,1,0,0,1
0,-0.420773,-0.4042238,0.1694537,0,0.4285714,4.25,1,0,0,1,0,0,0,1,0
1,-0.2466846,-0.3707998,1.260275,1,0.7142857,5,1,0,0,0,0,0,0,0,1
0,-0.3664385,-0.8646951,0.3952852,1,0.7142857,3.5,1,0,0,1,0,0,0,0,1
0,-0.3664385,-0.4216887,0.6217735,1,0.5714286,5,1,0,0,1,0,0,0,1,0
0,-0.3664385,0.2260886,0.3490682,0,0.8571429,3.25,0,0,0,0,0,1,1,0,0
0,-0.3664385,0.2260886,0.6679905,0,0.8571429,5,1,0,0,0,0,1,1,0,0
0,-0.9631909,-1.079414,1.260275,0,0.2857143,5,1,1,0,0,0,0,0,1,0
0,-0.7397711,0.2260886,0.0770197,1,1,3.25,1,1,0,1,0,0,0,1,0
0,-0.1797722,0.2260886,1.260275,0,0.8571429,4.75,1,1,0,1,0,0,0,0,1
1,0.7841833,0.3290816,0.3028512,1,0.4285714,4.75,1,0,0,0,0,1,0,1,0
1,0.8385177,-1.436726,0.0301459,0,1,4,0,1,0,0,0,1,0,1,0
0,-0.3664385,0.2260886,0.3490682,1,1,5,1,1,0,1,0,0,0,0,1
1,0.8960367,-0.3707998,0.6224302,1,0.5714286,4.5,1,1,0,0,0,1,1,0,0
0,0.8542801,-0.0469111,0.0301459,0,0.4285714,5,1,0,0,1,0,0,0,0,1
0,0.3445376,-0.0890676,0.3490682,0,0.2857143,5,1,1,0,1,0,0,0,0,1
0,0.6211411,-0.788949,0.0294892,0,1,5,1,0,0,0,0,1,0,0,1
1,0.012123,0.2682451,0.6679905,1,0.8571429,2.75,0,0,0,0,0,1,0,1,0
0,0.6416194,0.0896716,0.9875695,1,0.4285714,5,0,0,0,1,0,0,0,1,0
0,0.3728777,0.6529703,0.6211168,0,0.8571429,5,1,0,0,0,0,1,0,1,0
1,-0.1537779,-0.6946884,0.6679905,1,0.4285714,4.25,1,0,0,0,0,1,0,0,0
0,0.8542801,0.2260886,0.9875695,1,0.8571429,5,0,0,0,0,0,1,0,0,0
0,-0.3664385,0.2260886,0.076363,1,0.7142857,5,1,1,0,1,0,0,0,1,0
0,-0.2081124,-0.0978001,0.3490682,0,1,4.75,1,1,0,0,0,1,0,1,0
0,-0.3664385,-0.4129563,1.260275,0,0.8571429,4.5,0,1,0,0,1,0,0,0,1
0,0.8834589,0.2260886,0.3490682,1,0.7142857,4.75,1,0,0,0,0,1,1,0,0
1,-0.3664385,-0.6525319,0.9413525,0,0.7142857,3.5,1,0,1,0,0,0,0,1,0
1,0.8960367,0.2260886,0.6217735,1,0.8571429,4.75,1,1,0,1,0,0,0,0,1
0,-0.3144498,-0.736845,0.3490682,1,0.7142857,3.5,1,0,0,1,0,0,1,0,0
0,0.8802744,1.241126,0.6211168,1,1,4.25,1,1,0,1,0,0,1,0,0
0,0.8542801,-0.0890676,0.6686472,0,0.4285714,5,1,0,0,1,0,0,1,0,0
0,-0.3404441,-0.6525319,0.3490682,1,0.8571429,4.75,1,0,0,0,0,0,0,0,1
1,-1.67742,-0.3284776,0.7148643,0,0.4285714,4.75,1,1,0,1,0,0,0,1,0
0,0.8542801,1.565015,1.260275,0,1,5,0,0,0,1,0,0,0,0,1
0,0.3319598,-0.3707998,0.6679905,0,0.8571429,4.5,1,1,0,1,0,0,1,0,0
0,-0.3506762,-0.0890676,0.3497249,0,1,4,1,1,0,1,0,0,0,0,1
0,-0.8478408,0.5499773,0.0301459,1,1,4.75,1,1,0,0,0,1,0,0,0
0,-1.587157,-1.018577,0.0301459,0,0.8571429,3.5,1,0,0,1,0,0,0,1,0
1,-0.3246819,-0.6525319,-0.2425593,1,0.8571429,4.25,1,0,0,0,0,0,0,0,1
1,0.8259399,0.2260886,-0.2887764,1,1,5,1,0,0,0,0,0,0,0,0
0,-1.093177,0.2260886,-2.111846,1,0.8571429,4.25,1,0,1,0,0,0,0,0,1
1,-0.3246819,0.2260886,-0.9279343,1,0.7142857,4.25,1,1,0,0,0,0,0,0,0
0,-0.5531048,-0.3707998,-0.8810606,0,0.5714286,4.5,1,0,0,0,0,1,1,0,0
0,-0.2522148,0.5078208,-0.562795,1,0.7142857,4.5,1,0,0,0,0,0,0,0,1
1,-0.3664385,-0.1920606,-0.5614816,1,0.5714286,4,1,1,0,0,0,0,0,0,0
0,-0.4365353,0.2260886,-0.1963423,0,1,4.5,1,0,1,0,0,0,0,1,0
1,-0.3664385,0.2260886,-0.8810606,0,0.8571429,4.75,1,0,0,0,0,0,0,0,1
0,0.3276244,0.2260886,-0.8817173,1,0.7142857,4.25,1,0,0,0,0,0,1,0,0
0,0.302781,1.283283,-0.2894331,0,0.5714286,3.5,1,1,0,0,0,0,0,0,1
0,-0.3404441,-0.4129563,-0.2425593,0,0.1428571,4.5,1,0,1,0,0,0,0,0,0
1,-1.602919,-0.9764206,-0.562795,1,1,3.75,1,0,0,0,0,0,0,0,1
1,-0.9190885,0.5078208,-0.6083553,0,0.2857143,4.5,1,1,1,0,0,0,1,0,0
1,0.0889694,-1.837411,-2.111846,0,1,4.5,1,0,1,0,0,0,1,0,0
0,0.683376,1.565015,-0.9279343,0,1,5,1,0,1,0,0,0,0,0,1
0,0.745611,1.565015,-0.5621383,0,1,4.75,1,0,1,0,0,0,0,0,0
1,-0.3404441,-0.6946884,-0.2894331,1,0.8571429,5,1,0,0,0,0,0,0,0,0
0,0.6676137,-0.9676881,-1.20064,0,0.8571429,4.75,1,0,0,0,0,0,1,0,0
0,0.2019738,0.2260886,-0.6083553,0,0.5714286,5,1,1,1,0,0,0,0,1,0
1,-0.3664385,0.2260886,-0.2894331,1,1,4.25,1,1,1,0,0,0,0,1,0
0,0.1984771,0.2260886,-0.1956856,1,0.8571429,4.75,1,0,0,0,0,0,0,0,1
0,0.3378565,0.2260886,-0.243216,1,0.8571429,5,1,0,0,0,0,0,0,0,1
0,0.1307261,0.9681265,-0.2900898,0,0.8571429,5,1,0,1,0,0,0,0,0,1
1,-0.3664385,-0.4216887,-0.2894331,1,1,4.75,1,1,0,0,0,0,0,0,1
0,0.8542801,0.5078208,-0.2894331,1,0.5714286,4.75,1,1,0,0,0,0,0,1,0
1,0.2972507,0.2260886,-2.384551,1,0.4285714,5,1,0,0,0,0,0,1,0,0
0,-0.3664385,-0.7976814,-1.566436,0,0.4285714,4.25,1,0,0,0,0,0,0,0,0
0,-0.3664385,0.2260886,-0.5621383,1,0.7142857,5,1,1,0,0,0,0,0,0,0
0,-0.2829252,-0.0890676,-1.74605,0,0.7142857,4,1,1,1,0,0,0,0,0,1
0,0.8542801,-0.5493733,-0.8810606,1,0.8571429,3.75,1,1,1,0,0,0,0,0,1
0,-1.587157,-0.4129563,-0.5621383,0,0.8571429,5,1,0,1,0,0,0,0,0,1
1,-0.3664385,-0.3707998,-1.155079,0,0.8571429,4.75,1,0,0,0,0,0,0,1,0
0,-0.3664385,0.2260886,-0.5621383,1,0.7142857,4.5,1,0,1,0,0,0,0,1,0
0,-1.292421,0.2260886,-1.247513,0,1,3.75,0,1,0,0,0,0,0,1,0
0,0.2575276,-0.3954913,-0.6096688,1,0.2857143,4,1,1,0,0,0,0,0,1,0
0,-0.1923501,0.2260886,-0.0173845,1,0.8571429,4.25,1,0,1,0,0,0,0,1,0
1,-0.8320785,-1.436726,-0.5621383,1,0.5714286,4.25,1,1,0,0,0,0,0,0,1
0,0.8542801,0.098404,-0.0167278,0,0.8571429,4.25,1,0,1,0,0,0,1,0,0
1,0.8676965,-0.6946884,-0.2894331,0,0.8571429,5,1,0,0,0,0,0,0,0,0
1,-0.3246819,0.2260886,-0.5621383,0,0.8571429,4.75,1,0,1,0,0,0,0,0,1
1,0.1771988,0.201397,-0.8335301,1,0.4285714,5,0,0,0,0,0,0,1,0,0
0,-0.2986875,0.2260886,-0.1963423,0,0.8571429,4,1,0,0,0,0,0,0,0,0
0,0.8960367,0.2260886,-0.0180412,1,0.8571429,5,1,0,0,0,0,0,0,0,1
0,-0.3664385,0.2260886,-1.566436,0,0.8571429,3.25,1,0,1,0,0,0,0,0,1
0,0.8542801,0.2260886,-1.566436,1,0.8571429,3,1,0,1,0,0,0,0,0,1
0,0.30163,-1.888299,-0.2887764,1,0.7142857,4,1,0,0,0,0,0,1,0,0
1,-0.3822008,0.5499773,-0.5621383,0,0.7142857,5,0,0,1,0,0,0,1,0,0
0,0.8960367,1.565015,-0.8355003,1,0.7142857,4.25,1,1,1,0,0,0,0,1,0
0,0.3728777,0.5499773,-0.2894331,1,0.8571429,5,1,0,1,0,0,0,0,0,1
0,0.8417022,0.2260886,-0.5621383,1,0.8571429,5,1,1,0,0,0,0,0,0,0
0,0.8165465,1.565015,-1.472688,0,1,5,1,1,0,0,0,0,0,0,1
0,-0.410541,-1.112838,-0.2894331,0,0.5714286,3,1,0,0,0,0,0,0,0,1
0,0.8542801,0.5412448,-0.2894331,0,0.4285714,5,1,1,1,0,0,0,1,0,0
1,-0.3822008,0.5412448,-0.2894331,1,0.5714286,5,1,1,0,0,0,0,0,0,0
0,0.8542801,0.959394,-0.3349934,1,0.8571429,4.25,1,1,1,0,0,0,0,0,1
0,-0.5621175,0.5078208,-0.8348436,1,0.7142857,4.5,1,1,0,0,0,0,0,0,0
0,0.0889694,0.3625056,-0.0167278,1,1,4.25,1,1,0,0,0,0,1,0,0
0,0.0322891,0.959394,-0.2894331,1,0.5714286,4.5,1,1,1,0,0,0,1,0,0
0,-0.3664385,0.2260886,-0.2894331,1,1,5,1,0,1,0,0,0,1,0,0
0,-0.1797722,-0.4129563,-1.566436,1,0.8571429,4,1,0,1,0,0,0,0,0,1
0,-0.3664385,0.2260886,-0.9279343,1,0.8571429,4.5,1,0,1,0,0,0,0,0,1
0,-0.1797722,0.2260886,-0.2894331,1,0.8571429,5,1,1,0,0,0,0,0,0,0
0,0.1704492,0.2260886,0.6679905,0,0.7142857,5,1,0,1,0,0,0,0,0,0
0,0.8542801,0.2260886,1.260275,0,0.5714286,5,1,0,0,0,0,0,1,0,0
0,0.9322631,1.565015,0.7148643,1,0.8571429,4.75,1,0,0,0,0,0,0,1,0
0,0.8542801,1.565015,1.260275,0,0.8571429,5,1,0,0,0,0,0,0,0,0
0,-0.3664385,-0.7281125,0.9413525,0,1,4.5,1,1,1,0,0,0,0,1,0
0,0.8259399,-0.0890676,0.3490682,0,0.8571429,4,1,1,0,0,0,0,0,0,0
1,0.8542801,0.2348211,1.260275,1,0.8571429,5,1,0,0,0,0,1,0,0,0
0,0.5250499,0.2260886,0.9406958,1,0.4285714,4.75,1,1,0,0,0,0,1,0,0
0,-0.4117603,-0.8398379,0.6217735,1,0.5714286,4,1,1,0,1,0,0,0,0,1
0,0.8542801,1.565015,0.6217735,1,0.8571429,5,1,1,0,0,0,0,0,0,1
1,0.8960367,-0.0890676,1.260275,1,0.5714286,4.5,1,0,0,0,0,0,0,1,0
0,0.9377933,0.6529703,1.260275,0,0.2857143,4.5,1,0,0,0,0,0,1,0,0
0,0.8417022,0.2260886,0.9875695,0,0.8571429,5,1,1,1,0,0,0,1,0,0
0,-0.3664385,0.2260886,0.9875695,0,1,4.75,1,0,1,0,0,0,0,0,1
0,0.8936909,0.2260886,1.260275,1,0.2857143,4.5,1,1,0,0,0,0,0,1,0
0,0.5668066,0.1926646,0.6686472,1,0.2857143,3.75,1,1,1,0,0,0,0,0,0
0,0.8960367,0.2260886,0.3028512,1,0.8571429,5,1,1,0,0,0,0,0,0,1
0,0.4146344,0.92597,0.3490682,0,0.5714286,5,1,1,0,0,0,0,0,0,1
0,0.3445376,1.565015,1.260275,1,0.7142857,5,1,0,1,0,0,0,1,0,0
0,0.8960367,1.249859,0.6217735,1,0.7142857,5,1,1,1,0,0,0,0,0,1
0,-0.3664385,-0.3707998,0.3490682,1,0.5714286,5,1,0,0,0,0,0,0,0,1
0,-0.3664385,-0.3795322,0.9413525,1,0.8571429,4.75,1,0,0,0,0,0,0,0,1
0,0.8259399,0.8317094,0.3490682,1,1,4,1,0,0,0,0,0,1,0,0
1,-0.3664385,-1.112838,0.3490682,1,1,3.75,1,1,1,0,0,0,0,1,0
0,-0.3246819,0.2260886,0.0770197,1,0.7142857,5,1,1,1,0,0,0,0,0,1
0,0.8542801,1.565015,1.260275,1,1,4.25,1,1,1,0,0,0,0,0,1
0,0.2890522,-0.0978001,1.260275,0,0.5714286,4.25,1,0,0,0,0,0,0,0,1
0,0.8259399,0.2260886,0.0294892,0,0.8571429,5,1,0,0,0,0,0,0,0,0
1,-0.1537779,-0.5159492,0.9413525,1,0.8571429,4.25,1,0,0,0,0,1,0,0,1
0,0.8542801,0.0473494,1.260275,0,0.7142857,4.5,1,1,1,0,0,0,1,0,0
0,0.2019738,1.249859,1.260275,0,1,5,1,1,1,0,0,0,0,0,1
0,0.8542801,1.565015,0.3490682,0,0.7142857,5,1,0,1,0,0,0,0,1,0
0,0.8542801,-0.5495389,0.3490682,0,1,5,1,1,0,0,0,0,1,0,0
0,0.8960367,1.565015,0.6679905,0,0.8571429,5,1,1,1,0,0,0,0,0,1
0,0.8960367,0.5499773,0.3490682,0,0.4285714,5,1,0,1,0,0,0,1,0,0
0,0.3728777,0.6442378,0.3490682,1,0.8571429,5,1,1,0,0,0,0,0,0,0
0,-0.2081124,0.2260886,0.076363,1,0.8571429,4.5,1,1,1,0,0,0,0,0,0
0,0.8542801,0.2260886,0.395942,1,0.7142857,4.75,1,0,1,0,0,0,0,0,1
0,0.1149638,-1.24942,0.9413525,1,0.8571429,4.5,0,1,1,0,0,0,0,1,0
0,0.8417022,0.5499773,0.6686472,1,0.5714286,5,1,0,1,0,0,0,1,0,0
0,-0.2081124,-0.4216887,0.0294892,1,0.8571429,4.5,1,0,0,0,0,0,1,0,0
1,-0.2829252,-1.257987,0.395942,1,0.7142857,5,1,0,0,0,0,0,0,1,0
0,-0.3664385,0.2348211,0.6679905,1,0.8571429,4.5,1,0,0,0,0,0,0,0,1
0,-0.3664385,0.3203491,0.3490682,1,0.8571429,4.75,1,0,0,1,0,0,1,0,0
0,0.8960367,1.241126,0.6217735,0,1,4.75,1,1,1,0,0,0,0,1,0
0,0.8542801,0.0139254,0.3490682,1,0.8571429,3,1,1,1,0,0,0,1,0,0
0,-0.3979631,0.2260886,0.6679905,1,0.8571429,4.75,1,0,0,0,0,0,0,0,1
0,0.8542801,0.3378141,0.0294892,1,0.7142857,5,1,1,0,0,0,0,0,0,1
1,-0.5247647,-0.9676881,0.3490682,1,0.7142857,5,1,0,0,0,0,0,1,0,0
0,-0.3246819,0.2260886,0.3490682,0,0.5714286,5,1,1,0,0,0,0,0,0,0
0,-0.2829252,0.2260886,0.0301459,0,0.7142857,5,1,0,1,0,0,0,0,1,0
0,0.8227555,0.9681265,1.260275,1,0.5714286,5,1,0,1,0,0,0,0,0,0
0,0.7944153,-0.4737927,0.395942,1,0.5714286,5,1,0,1,0,0,0,0,1,0
0,-0.3664385,0.2260886,0.3490682,1,0.8571429,4.5,1,0,0,0,0,0,1,0,0
0,0.8960367,1.565015,0.6217735,1,0.4285714,5,1,1,0,0,0,0,1,0,0
0,-0.3664385,-0.3373757,0.6679905,1,0.8571429,4.5,1,0,1,0,0,0,0,0,1
0,0.8542801,-0.5493733,1.260275,0,0.5714286,4.5,1,1,1,0,0,0,0,1,0
0,0.3728777,0.9347024,1.260275,0,0.5714286,5,1,0,0,0,0,0,1,0,0
0,0.8542801,1.001551,0.9406958,0,0.5714286,5,1,1,1,0,0,0,0,0,1
0,-0.1955345,0.8317094,0.3490682,0,1,5,1,0,1,0,0,0,0,1,0
1,0.8542801,0.8229769,0.395942,0,1,5,1,1,0,1,0,0,0,0,0
0,0.8259399,0.2682451,0.9875695,1,0.4285714,3.75,1,0,1,0,0,0,0,0,1
0,0.8542801,0.6442378,1.260275,0,0.7142857,5,1,1,0,0,0,0,1,0,0
0,0.8542801,0.2260886,0.6217735,0,0.8571429,4.75,1,0,1,0,0,0,0,0,1
0,0.8542801,0.9347024,0.3490682,0,0.7142857,5,1,1,1,0,0,0,0,0,0
0,-0.3664385,0.2260886,0.6679905,1,0.5714286,4.5,1,1,0,0,0,0,0,1,0
0,0.8542801,1.565015,1.260275,0,0.5714286,5,1,1,0,0,0,0,0,0,1
0,-0.3404441,0.2260886,0.7148643,1,0.7142857,5,1,0,0,0,0,0,0,0,1
0,-0.1923501,0.2260886,0.9875695,0,0.8571429,5,1,1,1,0,0,0,0,0,0
0,0.8542801,0.2260886,0.0294892,0,0.7142857,5,1,0,0,0,0,0,0,0,1
0,-0.4365353,0.2260886,-0.5152646,1,0.8571429,4.5,1,1,0,0,0,0,0,0,1
1,0.6959539,0.6442378,-2.064972,1,0.4285714,4.5,1,1,0,0,0,1,0,0,1
0,0.7716054,-0.5159492,-2.384551,1,0.8571429,4.25,1,0,0,0,0,0,0,0,0
0,-0.3246819,0.2260886,0.076363,1,0.5714286,4.25,1,0,0,0,0,0,0,0,1
0,-0.3664385,-0.0890676,0.0294892,0,0.7142857,4.5,1,1,0,0,0,0,0,0,0
0,0.6912766,-1.821451,-1.426471,0,0.8571429,4.25,1,1,0,0,0,0,0,0,1
1,0.8542801,-0.0890676,-0.2425593,1,0.8571429,4.75,1,0,0,0,0,0,1,0,0
0,-0.3664385,-0.3795322,0.0301459,0,0.5714286,5,1,1,0,0,0,0,0,0,1
0,0.8542801,0.2348211,-0.3349934,1,1,4.25,1,1,0,0,0,0,0,0,0
1,0.8417022,-1.291577,0.076363,1,0.7142857,4.75,1,1,0,0,0,0,0,0,0
0,-0.3822008,-0.3795322,0.0294892,0,0.5714286,3.75,1,0,0,0,0,0,0,0,1
1,0.7999455,0.2260886,0.0294892,0,1,4.5,1,1,0,0,0,0,0,0,1
0,-0.5247647,0.2260886,-0.9279343,1,0.8571429,3.5,1,0,0,0,0,0,0,0,1
0,-0.3246819,-0.0890676,0.0294892,1,1,3.75,0,1,0,0,0,0,0,1,0
0,-0.3246819,-0.0556436,-0.2894331,1,0.5714286,4,1,0,0,0,0,0,0,0,1
0,-1.200408,-2.033615,-0.8817173,0,0.8571429,4.75,1,0,0,0,0,0,0,0,1
0,-0.3664385,0.2260886,0.0294892,0,1,4.75,1,0,0,0,0,0,0,0,1
0,-0.3404441,0.2260886,-1.20064,1,1,4.25,1,0,0,0,0,0,0,0,1
0,0.8542801,-0.8311055,-0.243216,1,0.5714286,3.25,1,0,0,0,0,0,0,0,1
0,0.1736336,-2.136608,-0.2419026,1,0.4285714,3.75,1,0,0,0,0,0,0,0,0
0,0.1149638,-1.052001,0.076363,1,0.4285714,5,1,1,0,0,0,0,1,0,0
1,0.2279681,0.9681265,-0.9279343,1,1,4.5,1,1,0,0,0,0,1,0,0
0,-0.420773,-0.3795322,-0.5621383,1,1,4.75,1,1,0,0,0,0,1,0,0
0,-0.3664385,0.5499773,0.0294892,1,0.8571429,5,1,0,0,0,0,0,0,0,1
1,-2.382554,0.6442378,0.076363,1,0.7142857,4.25,1,0,0,0,0,0,1,0,0
0,-0.3664385,-0.0556436,-0.2894331,1,0.7142857,4,1,0,0,0,0,0,1,0,0
0,-0.4081952,-0.0890676,-0.2894331,1,0.8571429,4.5,1,1,0,0,0,0,0,0,1
1,-0.3664385,0.2260886,-0.5621383,1,0.7142857,3.25,1,1,0,0,0,1,0,0,0
0,-0.2081124,0.2260886,-0.2894331,1,1,4.75,1,1,0,0,0,1,0,0,1
0,-0.3664385,0.2260886,-0.0160711,1,0.8571429,4.5,1,0,0,0,0,0,1,0,0
1,-0.3790164,-1.112838,0.0301459,1,0.8571429,4.75,1,0,0,0,0,0,0,0,1
0,-0.9927505,-1.112838,-0.5621383,1,0.5714286,3.5,1,0,0,0,0,0,0,0,1
1,-0.2829252,-0.2852717,-0.5621383,1,0.7142857,4.5,1,0,0,0,0,0,0,0,1
0,-1.587157,0.2260886,-1.473345,0,0.5714286,3.25,1,0,0,0,0,0,1,0,0
0,0.8960367,-0.3707998,-0.8348436,1,1,4,1,0,0,0,0,0,0,0,1
0,0.2019738,0.2260886,-0.6083553,1,0.7142857,3.25,1,0,0,0,0,0,1,0,0
0,-0.5790992,0.2260886,-0.2425593,1,1,5,1,1,0,0,0,0,0,0,1
0,-1.561163,0.6108137,-1.566436,1,0.7142857,4.75,1,0,0,0,0,0,0,0,1
1,-0.3947787,-0.0890676,0.0294892,1,0.7142857,4,1,0,0,0,0,0,1,0,0
0,0.8417022,0.2260886,0.0301459,0,0.7142857,4.5,1,1,0,0,0,1,0,0,1
1,-0.7891025,-1.112838,-0.0160711,1,0.8571429,4.25,1,0,0,1,0,0,0,0,1
0,0.6290416,0.6442378,-1.792924,1,0.7142857,4.75,1,1,0,0,0,0,0,0,0
1,-0.3246819,0.2260886,0.0301459,1,1,4,1,1,0,0,0,0,1,0,0
0,-0.3664385,-0.5072168,0.076363,0,0.5714286,5,1,1,0,0,0,0,1,0,0
1,0.5793844,-0.4737927,0.0294892,1,0.2857143,4.25,0,1,0,0,0,0,0,0,1
1,0.3252786,0.5499773,0.0301459,1,0.8571429,5,1,0,0,0,0,0,0,0,1
0,0.8960367,-1.334783,-0.8804039,1,0.5714286,4.75,1,1,0,0,0,0,0,0,1
0,-1.496582,-0.0978001,-0.8355003,1,0.4285714,5,1,1,0,0,0,0,0,0,1
0,-0.3947787,-0.0978001,-0.2425593,0,0.5714286,4.5,1,0,0,0,0,0,0,0,0
0,-0.3664385,-0.3795322,0.0294892,0,1,4.5,1,0,0,0,0,0,0,0,1
0,-0.420773,-0.0556436,-0.5614816,0,0.8571429,4.5,1,0,0,0,0,0,0,0,0
0,-0.3687843,-0.0978001,-0.8817173,1,0.8571429,4.75,1,0,0,0,0,0,0,0,1
0,-0.3664385,-0.0978001,0.076363,1,0.8571429,2.5,1,1,0,0,0,0,1,0,0
0,-0.3246819,-1.070681,-0.5621383,1,0.7142857,4.75,1,0,0,0,0,0,0,0,0
0,-0.3947787,0.2260886,-0.1963423,0,1,4.25,0,0,0,0,0,0,1,0,0
0,-1.561163,-0.736845,0.076363,1,0.8571429,4.5,1,0,0,0,0,0,1,0,0
1,-0.9033262,-0.0556436,-0.5621383,1,0.8571429,4.75,1,1,1,0,0,0,0,0,1
0,-1.730248,-0.3186958,-0.2894331,1,1,4.25,1,1,0,0,0,0,0,0,1
0,-0.3664385,-1.709726,-0.8817173,0,0.8571429,4,1,0,0,1,0,0,0,0,1
1,-2.168147,-0.6946884,-0.243216,1,0.4285714,4.75,1,0,0,0,0,0,0,0,1
1,-0.8218464,0.2260886,-1.473345,1,0.8571429,4.75,1,0,0,0,0,0,1,0,0
0,-0.3664385,0.2260886,-0.5621383,0,1,4.25,1,0,0,0,0,0,1,0,0
0,-0.1403614,0.6442378,-0.3349934,0,0.4285714,5,1,0,0,0,0,0,1,0,0
0,-0.3664385,-0.9676881,-0.5621383,0,1,5,1,1,0,0,0,0,0,0,1
0,-0.3664385,-0.3373757,-1.566436,1,0.4285714,4.5,1,1,0,0,0,0,0,0,1
1,-0.3144498,0.2260886,0.076363,1,0.8571429,4.5,1,0,0,0,0,0,0,1,0
1,-0.3664385,0.2260886,0.0301459,1,0.8571429,5,1,1,0,0,0,0,0,1,0
0,0.8259399,-0.1312241,-0.5621383,1,1,4.5,1,0,0,0,0,0,0,1,0
1,-0.3246819,0.2260886,-0.8810606,1,1,3.25,1,0,0,1,0,0,0,1,0
0,0.8542801,1.283283,1.260275,0,0.7142857,5,1,0,0,0,0,0,1,0,0
1,0.8802744,1.565015,0.6686472,1,1,4.25,1,1,0,0,0,0,0,0,1
0,0.6416194,0.2260886,0.3490682,0,0.8571429,5,1,1,0,0,0,0,1,0,0
0,0.8259399,0.8317094,0.3490682,1,0.8571429,5,1,0,0,0,0,0,0,1,0
0,0.8960367,-0.4129563,0.3490682,0,0.8571429,4,1,0,0,0,0,0,1,0,0
0,-0.3664385,0.2260886,0.3490682,1,0.8571429,4.25,1,1,0,0,0,0,1,0,0
0,0.8542801,1.565015,0.6217735,0,0.8571429,5,1,0,0,0,0,0,0,0,1
1,-0.3664385,0.2260886,0.3490682,1,0.8571429,4.75,1,0,0,0,0,0,1,0,0
0,-0.3664385,-0.6946884,0.3490682,0,0.8571429,4,1,0,0,0,0,0,0,0,1
0,-0.3664385,-0.0978001,0.6679905,1,0.8571429,4.25,1,1,0,0,0,0,1,0,0
0,0.8676965,0.3625056,0.3028512,1,0.7142857,5,1,0,0,0,0,0,0,0,1
0,-0.3664385,0.2260886,0.6686472,1,0.5714286,4.5,1,0,0,0,0,0,0,0,1
0,-0.2081124,-0.6014773,0.9875695,0,0.8571429,4.75,1,0,0,0,1,0,0,0,1
1,0.3988721,0.2260886,1.260275,1,0.8571429,4,1,0,0,0,0,0,1,0,0
0,-0.3246819,-2.136608,0.6679905,1,0.8571429,4.75,1,1,0,0,0,0,0,0,0
1,0.8417022,0.2260886,0.9875695,1,1,4.75,1,0,0,0,0,0,0,0,1
0,0.8960367,0.1839321,0.9413525,0,0.5714286,5,1,0,0,0,0,0,1,0,0
0,0.922031,0.6442378,1.260275,1,0.2857143,5,1,1,0,0,0,0,0,0,1
1,-1.358734,-0.0978001,0.3490682,1,1,4,1,0,0,0,0,0,0,0,1
0,0.4823854,-0.6102098,0.3490682,1,0.7142857,4.75,1,1,0,0,0,0,0,0,0
0,0.8227555,-0.2590743,1.260275,1,0.5714286,4.75,1,1,0,0,0,0,0,1,0
0,0.2019738,0.5499773,0.3490682,1,0.8571429,4.75,1,1,0,0,0,0,0,0,1
0,-0.3404441,-0.4129563,0.395942,0,1,4.5,1,0,0,0,0,0,0,0,1
0,-0.2081124,0.2260886,1.260275,1,0.5714286,4.25,1,0,0,0,0,0,0,0,1
0,0.3862942,-0.3373757,0.3490682,1,1,4.25,1,0,0,0,0,0,1,0,0
0,0.8542801,1.565015,1.260275,1,0.5714286,5,1,0,0,0,0,1,1,0,0
0,0.9062688,-0.0890676,0.6679905,1,0.1428571,5,1,1,0,0,0,0,0,0,1
0,0.683376,-0.3707998,0.3490682,1,0.8571429,4.5,1,1,0,0,0,0,0,0,0
0,0.8960367,1.565015,1.260275,1,0.8571429,5,1,1,0,0,0,0,1,0,0
0,-0.3664385,0.2260886,0.3490682,0,0.7142857,4.75,1,0,0,0,0,0,1,0,0
0,-0.3404441,0.2260886,0.9875695,1,0.5714286,4.75,1,0,0,0,0,0,0,1,0
0,0.4146344,-1.112838,0.3490682,0,0.7142857,4.5,1,0,0,0,0,0,0,0,0
0,-0.3664385,-1.112838,0.3490682,0,0.8571429,3,1,1,0,0,0,1,0,0,0
1,-0.5531048,-1.240522,0.6679905,1,0,4.75,1,1,0,0,0,0,1,0,0
1,0.3276244,0.5499773,0.9875695,1,0.8571429,4.5,1,1,0,0,0,0,1,0,0
0,-0.3404441,-0.788949,0.3490682,0,0.7142857,4.75,1,0,0,0,0,0,0,0,1
0,-0.3664385,-0.4042238,0.3490682,1,1,5,1,0,0,0,0,0,1,0,0
0,0.683376,-0.3707998,0.3490682,1,0.4285714,5,1,1,0,0,0,0,0,0,1
1,-0.2341067,-1.009845,0.395942,1,1,4,1,0,0,0,0,0,0,0,1
0,-1.491066,0.2260886,0.3484115,1,0.8571429,3.5,1,0,0,0,0,0,0,0,1
0,0.8542801,-0.2343827,1.260275,0,0.8571429,5,1,0,0,0,0,0,0,1,0
0,-0.3664385,0.038617,0.6679905,1,0.8571429,5,1,0,0,0,0,0,0,0,1
0,0.8960367,-0.4638453,0.3497249,1,0.4285714,5,0,1,0,0,0,0,0,0,0
0,-0.3664385,-0.3795322,0.9406958,0,0.7142857,4.5,1,0,0,0,0,0,0,0,1
0,0.8417022,0.9347024,0.6686472,1,0.2857143,4.5,1,0,0,0,0,0,0,0,1
1,-0.1380156,-0.6612644,1.260275,1,1,3.25,1,1,0,0,0,0,1,0,0
0,-0.5405269,0.2260886,0.9875695,1,0.5714286,4.25,0,1,0,0,0,0,0,0,0
0,0.8542801,0.6442378,0.6679905,1,0.5714286,4.75,1,1,0,0,0,0,0,0,0
0,-0.3246819,-0.5072168,0.3490682,0,0.8571429,5,1,0,0,0,0,0,1,0,0
0,0.8542801,0.9681265,0.9406958,1,1,4.75,1,1,0,0,0,0,0,0,1
0,-0.1923501,-0.0890676,1.260275,0,0.4285714,4.75,1,0,0,0,0,0,1,0,0
0,0.3602999,1.283283,0.6679905,1,0.5714286,5,1,0,0,0,0,0,1,0,0
0,0.683376,-0.3284776,0.3490682,0,1,3,1,1,0,0,0,0,1,0,0
0,0.8542801,-0.4216887,1.260275,0,1,4.75,1,0,0,0,0,0,0,0,0
0,0.6676137,-0.4129563,0.3490682,0,0.5714286,3.75,1,0,0,0,0,0,0,0,1
0,0.8960367,0.2260886,1.260275,0,1,4.75,1,0,0,0,0,0,0,0,1
0,0.8542801,0.5078208,0.6679905,0,0.8571429,4.25,1,1,0,0,0,0,0,0,1
0,-0.3404441,-0.0556436,0.3490682,1,0.7142857,3.75,1,0,0,0,0,0,1,0,0
0,-0.3664385,0.2260886,0.6686472,0,0.8571429,5,1,0,0,0,0,0,1,0,0
0,0.8542801,1.565015,0.6679905,0,0.7142857,4,1,1,0,0,0,0,0,0,0
0,0.8259399,-1.112838,0.3490682,1,0.5714286,4.75,1,1,0,0,0,0,0,0,0
1,0.8542801,1.283283,0.6686472,0,0.5714286,5,1,1,0,0,0,0,1,0,0
0,-0.5236138,-0.8311055,0.3490682,1,1,3.5,1,0,0,0,0,0,0,0,1
0,0.3185433,-0.788949,0.3490682,1,1,5,1,1,0,0,0,0,0,0,1
0,0.7999455,0.2260886,1.260275,1,0.2857143,4.75,1,1,0,0,0,0,0,0,1
0,0.8542801,-0.3707998,0.9875695,1,0.5714286,4.75,1,1,0,0,0,0,1,0,0
0,0.1862115,0.5499773,0.9875695,1,0.5714286,5,1,0,0,0,0,0,1,0,0
0,-0.3664385,0.2260886,0.9406958,1,0.5714286,4.75,1,1,0,0,0,0,1,0,0
1,-0.3822008,-0.0890676,-1.566436,1,0.8571429,4.5,1,0,0,0,0,0,0,0,1
0,0.683376,0.6442378,0.0294892,1,0.8571429,5,1,1,0,0,0,0,0,0,1
1,-1.5454,0.2260886,-1.473345,1,0.8571429,4,1,0,0,0,0,1,0,0,0
0,0.8385177,0.2260886,0.0294892,0,0.8571429,4.75,1,1,0,0,0,0,0,1,0
0,-0.3506762,-0.0978001,-0.2894331,1,0.8571429,4.5,1,0,0,0,0,0,0,0,1
0,-0.3167814,-1.112838,-1.29373,1,0.2857143,3.75,1,0,0,0,0,0,0,1,0
0,-0.3822008,-0.6859559,-0.2425593,1,0.8571429,4.75,1,0,0,0,0,0,1,0,0
0,0.8802744,0.2260886,-0.243216,0,0.8571429,5,1,1,0,0,0,0,0,1,0
0,-0.6232016,-0.1920606,-2.064972,1,0.5714286,4.75,0,0,0,0,0,0,0,0,0
0,-0.1978803,0.2260886,-0.2425593,1,0.5714286,5,1,0,0,0,0,1,0,0,1
1,-0.9769881,0.2260886,-0.2894331,0,1,4,1,0,0,0,0,0,0,0,1
0,-0.3404441,0.3290816,-0.243216,1,0.5714286,3.75,1,0,0,0,0,0,0,0,1
1,-0.256023,0.3290816,-2.384551,1,1,4.5,0,0,0,0,0,0,0,0,0
1,-1.428831,0.2173561,-1.426471,1,0.7142857,4.5,1,0,0,0,0,0,0,0,1
1,-0.2986875,-0.3707998,-0.5152646,1,1,4.75,1,0,0,1,0,0,0,0,0
1,-1.747829,-0.8312711,-2.384551,1,1,4.75,1,0,0,0,0,0,0,0,1
0,-0.4660264,1.565015,-1.427128,1,0.8571429,4.75,0,1,0,0,0,0,0,1,0
0,0.2890522,-0.3795322,-0.243216,1,0.5714286,3.5,1,1,0,0,0,0,0,0,1
0,-0.3664385,0.2260886,0.0294892,1,0.7142857,5,1,0,0,0,0,0,0,0,1
0,-0.1380156,0.5412448,0.0294892,1,0.5714286,4.25,1,0,0,0,0,0,0,0,1
1,-0.3562064,0.2260886,-0.8348436,1,0.7142857,4.25,1,0,0,0,0,0,0,0,1
1,0.0763916,-0.0469111,-2.111846,0,1,4.5,1,0,0,0,0,0,0,0,0
1,-0.8793654,0.5078208,-0.2425593,0,0.5714286,4.75,1,0,0,0,0,1,0,0,1
1,0.6652679,0.3290816,-0.5621383,1,0.7142857,4.5,1,1,0,0,0,0,0,1,0
1,-1.105755,-0.6525319,-1.520219,1,1,4.75,0,1,0,0,0,0,0,0,1
0,-0.3664385,0.2260886,-2.111846,0,1,5,1,0,0,0,0,0,0,0,1
1,0.2019738,0.2260886,-0.2894331,0,1,4,0,1,0,0,0,0,0,1,0
0,-0.9631909,-0.4129563,-0.8817173,1,0.8571429,5,1,0,0,0,0,0,0,0,0
0,-0.4081952,-0.1224916,-1.107549,0,0.1428571,4.5,1,1,0,0,0,0,0,0,1
0,-0.3664385,-0.0556436,-0.2894331,1,0.4285714,4.5,1,1,0,0,0,0,0,0,0
1,-0.9644103,0.2260886,0.0301459,1,0.8571429,4.5,1,1,0,0,0,0,0,1,0
0,0.9377933,-3.227226,-0.0167278,1,0.8571429,4.5,1,1,0,0,0,0,0,0,1
1,-0.9088565,0.2260886,-0.8810606,0,1,4.25,1,0,0,0,0,0,0,0,1
0,0.1669525,-1.821451,0.0294892,1,0.7142857,3.5,1,0,0,0,0,0,0,0,1
0,-0.3246819,0.2260886,0.6211168,1,0.8571429,4.25,1,1,0,0,0,1,1,0,0
1,0.8542801,0.2260886,0.9406958,1,0.8571429,5,1,0,0,0,0,0,0,0,1
1,0.8542801,-0.0978001,0.6217735,0,1,5,1,0,0,0,0,0,0,0,1
1,0.8779286,-0.0978001,0.3021945,1,0.8571429,5,1,0,0,0,0,1,0,0,1
0,0.8960367,0.6442378,0.3490682,0,0.8571429,5,1,1,0,0,0,0,0,0,1
1,0.8802744,0.6195462,0.6217735,1,0.5714286,4.5,1,0,0,0,0,0,1,0,0
0,0.370532,-0.0890676,0.6686472,1,0.8571429,4.75,1,0,0,0,0,0,1,0,0
0,0.8802744,0.3378141,1.260275,1,0.8571429,4.5,1,0,0,0,0,0,0,0,1
1,-0.6106238,0.3625056,0.3952852,1,0.8571429,4.25,1,1,0,0,0,0,0,0,1
1,0.3988721,1.565015,0.3497249,1,0.5714286,4.75,1,0,0,0,0,0,1,0,0
1,0.8542801,-1.291577,1.260275,0,0.8571429,4.75,1,1,0,0,0,0,1,0,0
1,-0.2081124,0.2348211,0.3484115,1,0.8571429,4,1,0,0,0,0,0,0,0,1
0,0.8542801,1.565015,1.260275,1,0.7142857,5,1,1,0,0,0,0,0,1,0
0,0.3602999,0.2260886,0.6217735,1,0.5714286,5,1,0,0,0,0,0,1,0,0
0,0.8259399,1.565015,0.6217735,0,0.4285714,4.75,1,1,0,0,0,0,0,1,0
0,0.8960367,1.241126,0.9406958,0,1,4.5,1,1,0,0,0,0,0,0,0
0,-0.3664385,-0.7555249,0.9875695,1,0.7142857,4.5,1,1,0,0,0,0,0,0,1
1,0.0416825,0.6863943,1.260275,1,0.5714286,5,1,1,0,0,0,0,0,0,0
0,-0.3404441,-0.0978001,0.076363,1,0.8571429,4.75,1,1,0,0,0,0,0,0,0
0,0.8542801,0.9681265,1.260275,1,0.8571429,5,1,0,0,0,0,0,1,0,0
0,0.683376,0.2260886,0.3490682,0,0.7142857,4.75,1,1,0,0,0,0,0,0,0
1,0.3728777,-0.0978001,0.3490682,1,0.5714286,5,1,1,0,0,0,0,1,0,0
1,0.8960367,0.92597,0.6679905,1,0.5714286,4.5,1,0,0,0,0,0,0,1,0
0,-0.3246819,-1.009845,0.9406958,1,0.8571429,5,1,0,0,0,0,0,0,0,1
0,0.8802744,-0.0890676,1.260275,0,1,5,1,1,0,0,0,0,1,0,0
1,-0.3246819,-1.018577,0.3490682,1,0.7142857,3.5,1,0,0,0,0,0,0,1,0
0,0.8542801,1.565015,0.6217735,1,0.8571429,4,1,1,0,0,0,0,0,0,1
1,0.8542801,1.565015,0.6217735,1,0.5714286,4,1,1,0,0,0,0,0,0,1
1,0.7999455,0.8317094,0.9406958,0,0.8571429,4.75,1,0,0,0,0,0,0,1,0
0,0.7219483,0.8651335,0.9875695,0,0.5714286,4.75,1,1,0,0,0,0,1,0,0
1,-0.2703474,-1.070681,1.260275,1,1,5,1,0,0,0,0,0,0,0,1
0,0.8542801,0.6442378,0.3028512,1,1,4.25,1,1,0,0,0,0,0,0,0
0,0.3693811,-0.4129563,0.3490682,1,0.8571429,4.5,1,0,0,0,0,0,0,0,1
0,-0.3664385,-0.7281125,0.3484115,1,0.4285714,4.5,1,1,0,0,0,0,0,0,1
0,-0.3664385,0.2260886,0.9406958,1,1,5,1,0,0,0,0,0,1,0,0
1,-0.7607623,-1.63398,0.3497249,1,0.1428571,4.5,1,1,0,0,0,0,0,1,0
0,0.6676137,1.565015,0.3490682,1,0.4285714,4.75,1,0,0,0,0,0,0,0,1
1,-1.400491,-0.5072168,1.260275,0,0.8571429,4.25,1,1,0,0,0,0,1,0,0
0,0.2019738,-1.291577,0.7148643,1,0.7142857,4.75,1,0,0,0,0,0,1,0,0
0,-0.420773,-1.079414,0.3028512,1,0.8571429,4,1,0,0,0,0,0,0,0,1
0,0.8960367,-0.8400036,0.9406958,1,0.1428571,4.75,1,1,0,0,0,0,0,0,1
0,0.6392736,0.2260886,0.3490682,1,0.8571429,3.75,1,0,0,0,0,0,0,0,1
1,-0.8218464,0.2260886,0.3490682,0,0.8571429,4.5,1,0,0,0,0,0,0,0,1
1,0.1862115,0.6442378,0.3490682,1,0.8571429,4.5,1,1,0,0,0,0,0,0,1
0,-0.3404441,0.2260886,-0.2425593,1,0.1428571,4.75,1,1,0,0,0,0,0,0,0
0,-1.471738,-1.052001,-1.154423,0,0.8571429,2.5,1,1,0,0,0,0,0,0,1
0,-0.420773,-0.0890676,-1.20064,1,0.8571429,4.5,1,0,0,0,0,0,1,0,0
1,0.0582835,-0.788949,-0.2887764,1,0.7142857,3,1,0,0,0,0,0,0,0,1
1,0.2326842,-0.0556436,-0.5621383,1,0.8571429,5,1,1,0,0,0,1,1,0,0
0,-0.2305558,-0.5493733,-1.792924,0,0.8571429,4.25,0,0,0,0,0,0,0,0,0
1,-1.548585,-0.0890676,-0.8817173,1,0.8571429,3.5,1,0,0,0,0,0,0,0,1
0,-0.3822008,0.2260886,-0.243216,0,0.8571429,4.75,1,1,0,0,0,0,0,0,1
1,0.1567204,1.241126,-2.384551,1,1,4.5,1,1,0,0,0,0,0,0,0
0,-1.001763,-1.888299,-0.2887764,1,0.8571429,4.5,1,0,0,0,0,0,0,0,0
0,0.5329504,1.241126,-2.384551,1,1,5,1,0,0,0,0,0,0,0,1
1,-0.3664385,0.2260886,-0.5621383,1,1,3.5,1,1,0,0,0,0,0,0,1
0,0.8417022,-0.8311055,-0.5621383,1,1,3.75,1,1,0,0,0,0,1,0,0
0,-0.9348508,-0.7281125,-0.5152646,1,0.7142857,4,1,1,0,0,0,0,0,0,1
0,-0.3822008,-0.4129563,-0.8817173,1,1,2.25,1,0,0,0,0,0,1,0,0
0,-0.8761809,-1.47015,-0.8817173,1,1,4.5,1,0,0,0,0,0,0,0,1
1,0.8542801,-1.112838,-2.384551,1,0.7142857,4.75,1,0,1,0,0,0,1,0,0
0,-0.420773,-0.5072168,-1.154423,0,0.8571429,4.5,1,0,0,0,0,0,0,0,0
0,-0.3664385,-0.0890676,-0.2425593,1,0.8571429,5,1,1,0,0,0,0,1,0,0
0,-0.3246819,0.2260886,-0.5621383,0,0.1428571,4.25,1,1,0,0,0,0,0,0,0
0,-0.3664385,0.2260886,-0.5621383,1,0.8571429,4,1,1,0,0,0,0,0,0,1
0,-0.3664385,-0.0556436,-0.5621383,1,0.7142857,4.75,0,1,0,0,0,0,1,0,0
1,-0.2963417,0.5078208,-2.384551,0,1,4,1,1,0,0,0,1,0,0,1
1,-0.1923501,-0.0556436,-2.384551,1,0.5714286,4.25,1,0,1,0,0,0,0,0,1
1,-1.561163,-1.079414,-0.8348436,1,1,4,1,1,0,0,0,0,0,0,1
1,-1.060501,-0.3795322,-2.064972,1,0.5714286,4,1,1,0,0,0,0,0,1,0
0,-0.3664385,-0.8398379,-0.8810606,1,1,4,1,1,0,0,0,0,0,0,1
1,-1.345318,0.959394,-0.7879698,1,0.8571429,4.75,1,0,0,0,0,0,1,0,0
0,-0.2081124,-0.0978001,-1.473345,0,0.8571429,5,1,1,0,0,0,0,1,0,0
1,-0.4432849,-0.9676881,-0.2425593,0,0.7142857,4,1,0,0,0,0,0,0,0,1
1,-1.067183,-0.7281125,-0.5621383,0,1,4.75,1,0,0,0,0,0,0,0,0
0,-0.3664385,-0.3373757,-0.2425593,0,1,5,1,0,0,0,0,0,1,0,0
0,-0.3664385,0.2260886,-0.2425593,0,1,5,1,0,0,0,0,0,1,0,0
0,-0.2861097,-1.112838,-0.5621383,0,0.8571429,4.5,1,0,0,0,0,0,0,0,1
1,-0.5499204,-1.47015,-1.473345,1,1,3.25,1,1,0,0,0,0,0,0,0
0,-0.3790164,-0.0890676,-0.2894331,0,0.5714286,3.75,1,1,0,0,0,0,0,0,1
1,-0.8930941,-2.136608,-1.74605,0,1,3.75,1,0,0,0,0,0,0,0,1
0,-0.3664385,-1.154994,-0.5152646,1,0.7142857,4.5,1,1,0,0,0,0,0,1,0
0,0.8676965,0.3203491,0.3490682,0,0.8571429,4.5,1,0,0,0,0,0,1,0,0
0,-0.3664385,0.2260886,0.3490682,1,1,4.5,1,1,0,0,0,0,0,0,1
0,0.3445376,0.2260886,0.3497249,1,0.8571429,4.5,1,0,0,0,0,0,0,0,1
0,-0.3664385,0.2260886,0.3490682,0,0.8571429,4,1,0,0,0,0,0,1,0,0
0,-0.3404441,-0.4042238,0.076363,1,0.7142857,4.75,1,0,0,0,0,0,1,0,0
0,-0.3404441,0.2260886,0.3490682,1,0.8571429,4.25,1,1,0,0,0,1,0,0,0
0,0.8259399,0.5078208,0.6679905,1,1,5,1,1,0,0,0,0,0,0,1
0,-0.3404441,0.2260886,0.6679905,0,0.8571429,4.5,1,0,0,0,0,0,0,0,1
0,-0.3664385,0.2260886,0.3490682,1,0.8571429,4.75,1,0,0,0,0,0,0,0,1
0,0.8385177,1.565015,0.0294892,0,1,5,1,0,0,0,0,0,1,0,0
0,0.8542801,-0.3373757,1.260275,0,1,5,1,0,0,0,0,0,0,0,0
0,-0.3664385,0.2260886,0.3490682,1,1,4.75,1,1,0,0,0,0,0,0,1
1,-0.2081124,-0.0556436,0.3497249,1,1,3.75,1,0,0,0,0,0,0,0,1
0,0.4248665,0.5412448,0.3490682,0,0.5714286,5,1,0,0,0,0,0,0,0,1
1,0.9377933,-1.539719,0.6679905,1,0.8571429,4.5,1,0,0,0,0,0,0,1,0
0,0.1862115,-0.8311055,0.0294892,1,0.2857143,4.75,1,1,0,0,0,0,0,0,1
0,-0.3664385,0.2260886,0.9406958,1,0.8571429,4.5,1,1,0,0,0,0,0,0,1
0,0.8542801,0.9681265,0.3497249,1,1,4.75,1,0,0,0,0,0,1,0,0
0,-0.3664385,-1.052001,0.9875695,0,0.8571429,4.75,1,0,0,0,0,0,0,0,1
0,-0.3664385,0.2260886,0.3490682,1,1,4.5,1,0,0,0,0,0,0,0,1
0,-0.1695402,-1.846143,0.6686472,1,1,4.25,1,0,0,0,0,0,0,0,0
0,0.1862115,0.2260886,0.3490682,1,0.8571429,4.75,1,0,0,0,0,0,0,0,1
0,-0.3664385,-0.0556436,0.3490682,1,0.5714286,3.75,1,0,0,0,0,0,0,0,0
0,-0.3979631,-0.4129563,0.6679905,0,0.8571429,5,1,0,0,0,0,0,0,0,0
0,0.8542801,1.249859,1.260275,0,1,5,1,1,0,0,0,0,0,0,1
0,-1.329243,-1.070681,0.6679905,1,1,4.75,1,0,0,0,0,0,1,0,0
0,-0.3664385,0.2260886,1.260275,1,0.8571429,4.25,1,1,0,0,0,0,0,0,1
0,0.7873677,0.6442378,0.3952852,1,0.8571429,5,0,0,0,0,0,1,0,0,0
0,0.3728777,0.2260886,0.3490682,0,1,4,1,1,0,0,0,0,0,0,1
0,0.2019738,-0.4216887,0.6679905,1,1,4.5,1,1,0,1,0,0,1,0,0
0,-1.348502,0.3290816,0.3490682,0,0.8571429,2.25,1,0,0,0,0,0,0,0,1
0,0.8960367,-0.3795322,1.260275,0,0.8571429,5,1,0,0,0,0,0,0,0,0
0,0.8417022,0.8651335,0.3490682,1,1,3.75,1,0,0,0,0,0,0,0,1
0,0.683376,0.2260886,1.260275,1,1,4.5,1,0,0,0,0,0,1,0,0
1,-0.3664385,-1.052001,0.0301459,1,0.7142857,3.5,1,0,0,0,0,0,1,0,0
1,-0.3664385,-1.658671,0.3490682,1,0.7142857,3.75,1,1,0,0,0,0,1,0,0
1,0.8259399,0.2260886,0.3490682,1,0.5714286,5,1,0,0,0,0,0,0,0,1
0,0.8960367,1.146866,0.0301459,1,0.5714286,5,1,0,0,0,0,0,0,0,1
0,-0.3664385,-0.736845,0.3484115,1,0.8571429,4,1,0,0,0,0,0,0,0,1
0,-0.3664385,-0.4042238,0.3484115,1,0.8571429,4.5,1,1,0,0,0,0,1,0,0
0,0.8417022,0.6108137,0.3490682,1,0.7142857,4.5,1,0,0,0,0,0,0,0,0
1,0.8542801,0.2260886,1.260275,0,0.8571429,5,1,1,0,0,0,0,1,0,0
0,-0.3664385,0.2260886,1.260275,1,0.8571429,5,1,1,0,0,0,0,1,0,0
0,0.4809475,1.565015,0.3490682,1,0.8571429,4,1,1,0,0,0,0,0,0,0
0,0.4406288,-0.6946884,0.9406958,1,0.8571429,4.25,1,1,0,0,0,0,0,0,1
0,-0.3404441,-0.6946884,0.0294892,0,1,4.75,1,0,0,0,0,0,1,0,0
0,-0.5247647,0.2260886,0.6679905,1,0.4285714,4.25,1,0,0,0,0,0,0,0,0
0,0.8542801,0.92597,0.9875695,0,0.8571429,4.25,1,1,0,0,0,0,0,0,1
0,0.683376,-0.0978001,0.6217735,1,0.8571429,5,1,1,0,0,0,0,1,0,0
0,0.683376,-1.018577,0.0294892,0,0.5714286,3.75,1,1,0,0,0,0,0,0,1
0,-0.2081124,0.3959297,0.6679905,1,0.7142857,4.75,1,1,0,0,0,0,0,0,1
1,-0.5790992,-0.0556436,0.0301459,1,0.7142857,4,1,1,0,0,0,0,0,0,1
0,0.8417022,0.5499773,0.3490682,0,0.8571429,5,1,1,0,0,0,0,1,0,0
0,0.1862115,-0.0556436,0.3490682,1,1,4.75,1,1,0,0,0,0,0,0,1
0,-0.3979631,0.2260886,0.3490682,0,1,4.75,1,1,0,0,0,0,1,0,0
0,0.8259399,0.2595126,0.3952852,0,0.5714286,5,1,1,0,0,0,0,1,0,0
1,-0.2081124,-0.8311055,0.0301459,1,0.8571429,4.75,1,0,0,0,0,0,1,0,0
0,0.8542801,-1.018577,0.3490682,0,0.8571429,4.5,1,0,0,0,0,0,0,0,1
0,0.8542801,0.2260886,0.3490682,1,1,4.75,1,1,0,0,0,0,1,0,0
0,-0.4987703,-1.47015,0.3490682,1,0.8571429,4.25,1,1,0,0,0,1,0,0,0
0,-0.3246819,-0.0556436,0.9875695,1,0.8571429,4.25,1,0,0,0,0,0,1,0,0
0,0.4146344,0.5499773,0.0301459,1,1,4.5,1,0,0,0,0,0,0,0,0
0,0.8385177,1.565015,0.6211168,1,0.7142857,5,1,1,0,0,0,0,0,0,1
0,0.8676965,-0.0890676,0.6679905,0,0.8571429,4.75,1,0,0,0,0,0,1,0,0
0,-0.3246819,0.2260886,0.6217735,0,0.7142857,4.5,1,0,0,0,0,0,0,0,1
0,0.8542801,1.249859,0.6217735,1,1,5,1,1,0,0,0,0,0,0,1
0,0.4146344,-0.0556436,0.3490682,1,1,4.75,1,0,0,0,0,0,0,0,1
1,-0.3664385,-0.0890676,0.3490682,1,1,4.75,1,1,0,0,0,0,1,0,0
0,-0.2081124,-0.0556436,1.260275,0,1,5,1,1,0,0,0,0,1,0,0
1,0.8542801,-0.822373,0.0301459,1,0.8571429,4.75,1,0,0,0,0,0,0,0,1
0,-0.3664385,-0.6102098,0.3490682,0,1,5,1,1,0,0,0,0,0,0,1
0,-0.3246819,-0.6859559,0.3490682,0,0.8571429,4.75,1,1,0,0,0,0,0,0,1
0,0.8960367,0.2260886,0.076363,1,0.7142857,4.5,1,1,0,0,0,0,0,0,1
0,0.8542801,0.2260886,0.3490682,0,0.8571429,4.75,1,1,0,0,0,0,1,0,0
0,0.8542801,-0.3707998,0.3490682,1,1,5,1,0,0,0,0,0,0,0,0
0,-0.3664385,-0.3373757,0.6217735,0,0.5714286,4.75,1,1,0,0,0,0,0,0,1
0,-0.1663557,0.3712381,-0.5152646,0,0.5714286,5,1,0,0,0,0,0,0,0,1
0,-1.402837,-0.0978001,-1.20064,1,0.5714286,5,1,0,0,0,0,0,0,1,0
0,0.597517,-0.0890676,0.076363,0,1,4.75,1,1,0,0,0,0,0,0,0
0,0.6786987,-0.71938,0.12258,1,1,5,1,1,0,0,0,0,0,0,0
0,-0.3664385,-1.888299,-0.0173845,1,1,4.75,1,1,0,0,0,1,0,0,0
0,0.8542801,-0.4129563,-0.2887764,1,1,4.5,1,1,0,0,0,0,0,0,0
0,-0.2829252,-0.4042238,-0.5621383,1,0.7142857,5,1,0,0,0,0,0,0,0,0
1,-0.410541,-0.4129563,-0.8810606,1,0.7142857,3.5,1,0,0,0,0,0,0,0,1
0,0.3602999,-0.3707998,-0.5621383,0,0.4285714,4.75,1,1,0,0,0,0,1,0,0
0,-0.3947787,0.2260886,-1.746707,0,0.5714286,5,1,1,0,0,0,0,0,0,0
0,0.1862115,-0.0890676,-0.5621383,1,0.5714286,4,1,1,0,1,0,0,0,1,0
0,0.112618,-0.0890676,0.12258,0,0.8571429,4.5,1,1,0,1,0,0,0,1,0
0,-0.3664385,0.2260886,-0.5621383,1,0.8571429,4,1,0,0,1,0,0,0,0,1
0,-0.3664385,-0.8311055,-0.2425593,0,1,4.25,1,1,0,0,0,0,0,0,1
0,-0.3404441,0.9681265,-0.243216,0,0.7142857,4.75,1,0,0,0,0,0,0,0,1
0,0.8259399,0.8317094,-0.243216,0,1,5,1,0,0,0,0,0,1,0,0
0,0.1567204,-0.0978001,-0.2894331,1,0.5714286,4.75,1,1,0,0,0,0,0,0,0
0,-0.420773,0.2260886,-0.5608249,1,0.8571429,5,1,1,0,0,0,0,0,0,1
1,-0.3664385,0.2260886,-1.473345,1,0.7142857,4,1,0,0,0,0,0,0,1,0
0,0.2732899,-1.615465,-0.6076986,1,0.8571429,4.25,1,1,0,0,0,0,0,0,1
0,-0.3790164,-0.0556436,-0.243216,0,0.5714286,4.75,1,1,0,0,0,0,0,0,0
0,0.3185433,1.241126,-1.792924,1,0.8571429,5,1,0,0,0,0,0,0,0,1
0,0.683376,-1.052001,-0.9272776,1,0.5714286,5,1,1,0,1,0,0,0,0,1
1,0.7944153,-0.0890676,-2.064972,1,0.5714286,4.75,1,0,0,1,0,0,0,1,0
1,-0.3664385,-1.709726,0.076363,1,0.5714286,4.5,1,1,0,0,0,0,0,0,0
0,-0.9474286,-0.3795322,-1.473345,1,1,4.5,1,1,0,0,0,0,0,0,1
0,-0.3664385,-0.0890676,-0.5621383,0,1,4.75,1,0,0,0,0,0,1,0,0
0,-0.3979631,0.2260886,0.076363,1,0.7142857,5,1,0,0,0,0,0,0,0,0
0,-0.2829252,-0.3373757,0.0301459,0,0.2857143,4.75,1,1,0,0,0,0,0,1,0
0,0.1149638,0.2260886,-0.8348436,1,1,5,1,0,0,0,0,0,0,0,0
1,-2.197326,0.2260886,-0.5614816,1,0.5714286,4.5,1,0,0,0,0,0,1,0,0
0,0.7093704,-0.7281125,0.076363,0,0.5714286,4.5,1,0,0,0,0,0,0,0,1
0,0.2358686,-0.1312241,0.12258,1,0.8571429,4.25,1,0,0,0,0,0,0,0,1
0,-0.1430187,1.249859,-1.427128,1,0.7142857,4.25,1,0,0,0,0,0,1,0,0
0,0.1409581,0.3203491,-0.7886266,1,1,5,1,1,0,0,1,0,0,0,1
1,-1.105755,0.1318281,-2.384551,0,1,4.75,1,1,0,1,0,0,0,0,1
0,-0.2238747,0.038617,-0.5621383,1,0.8571429,4,1,0,0,1,0,0,0,0,0
1,-0.2963417,0.2260886,-1.473345,1,0.7142857,5,1,0,0,0,0,0,0,0,0
0,0.8542801,0.92597,0.9406958,0,0.8571429,5,1,1,0,0,0,0,0,0,1
0,-0.3979631,-0.0890676,0.6686472,1,0.5714286,2.75,1,0,0,0,0,0,0,0,0
0,0.3831098,-1.300309,0.3497249,1,1,4.5,1,0,0,0,0,0,0,0,0
1,0.8542801,-0.0890676,0.9406958,1,1,5,1,1,0,0,0,0,0,0,0
0,0.8542801,1.283283,1.260275,1,0.7142857,5,1,1,0,0,0,0,0,0,1
0,0.8385177,1.241126,0.6686472,1,0.8571429,5,1,1,0,1,0,0,0,0,1
0,0.4146344,0.2173561,1.260275,1,0.8571429,4.75,1,1,0,0,0,0,0,0,1
0,-0.3664385,0.2682451,0.3490682,1,0.7142857,5,1,1,0,0,0,0,0,1,0
0,-0.3822008,-0.5072168,0.6217735,1,0.7142857,4.5,1,0,0,0,0,0,0,0,0
1,0.8542801,0.3290816,0.395942,1,0.8571429,3.75,1,1,0,0,0,0,0,0,0
1,-0.9088565,-0.0890676,0.3490682,1,0.8571429,4.75,1,0,0,0,0,0,0,0,0
0,-0.2671629,0.2260886,0.3490682,0,0.2857143,5,1,0,0,1,0,0,0,0,1
0,0.7841833,-2.451764,0.9875695,1,0.7142857,5,1,0,0,0,0,0,1,0,0
0,-0.3404441,-0.0978001,0.9875695,0,0.5714286,4.75,1,0,0,1,0,0,0,0,1
1,-0.3790164,-0.925366,0.395942,1,0.7142857,4.5,1,1,0,0,0,0,1,0,0
1,0.8960367,-0.4129563,0.6217735,1,0.5714286,5,1,1,0,0,0,0,1,0,0
1,0.9637877,-1.522254,0.3490682,1,0.8571429,5,1,0,0,0,0,0,1,0,0
0,0.8542801,0.9681265,0.9406958,1,0.7142857,4.75,1,0,0,0,0,0,1,0,0
0,0.8542801,1.001551,1.260275,0,0.8571429,5,1,1,0,0,0,0,0,0,1
0,-0.3144498,0.2260886,0.3490682,1,0.7142857,4.5,1,0,0,0,0,0,1,0,0
0,-0.2829252,0.2260886,0.3490682,0,0.5714286,4.75,1,1,0,1,0,0,0,0,0
0,-0.249869,0.2260886,0.3490682,0,0.8571429,4.75,1,0,0,0,0,0,0,0,1
0,0.8542801,1.283283,1.260275,1,0.5714286,4.25,1,0,0,0,0,0,0,0,1
1,0.8259399,0.2260886,0.9406958,1,0.7142857,5,1,0,0,0,0,0,0,0,0
0,0.6778458,0.8229769,0.3952852,1,0.7142857,5,1,1,0,0,0,0,0,0,1
0,0.1149638,-1.240522,0.3490682,1,0.2857143,4.75,1,0,0,0,0,0,0,0,0
1,-0.3664385,-0.0890676,0.6679905,1,0.8571429,5,1,0,0,0,0,0,0,0,1
0,0.8542801,-0.3707998,0.6224302,1,0.8571429,4.5,1,0,0,0,0,0,0,0,1
0,-0.3664385,-0.4129563,0.9406958,0,1,5,1,1,0,0,0,0,1,0,0
0,0.8960367,-0.5072168,1.260275,1,0.5714286,5,1,0,0,0,0,0,0,0,1
0,-0.3664385,0.2260886,0.9875695,1,0.8571429,4,1,1,0,0,0,0,0,0,0
0,0.8542801,0.2260886,0.6686472,0,0.8571429,5,1,1,0,1,0,0,0,0,1
0,-0.3664385,0.2260886,0.3490682,0,0.7142857,5,1,0,0,0,0,1,0,1,0
0,0.8542801,1.565015,0.3490682,0,0.1428571,5,1,0,0,0,0,0,0,0,1
0,0.683376,0.2260886,0.9875695,1,0.8571429,4.5,1,0,0,1,0,0,0,0,1
1,-0.3246819,0.2260886,1.260275,0,0.8571429,5,1,1,0,0,0,0,0,0,1
0,-0.3822008,-0.0890676,0.6686472,0,0.8571429,5,1,0,0,0,0,0,1,0,0
0,0.0732071,0.2260886,0.6217735,1,1,4.75,1,1,0,0,0,0,0,0,1
1,0.8417022,0.2260886,0.3490682,0,0.4285714,3.25,1,0,0,0,0,0,0,0,1
0,-0.3664385,0.2260886,1.260275,0,1,4.5,1,0,0,1,0,0,0,0,0
0,-0.3664385,-0.0890676,1.260275,0,1,4.5,1,1,0,0,0,0,0,0,1
0,0.3988721,0.2260886,1.260275,1,0.8571429,5,1,0,0,0,0,0,0,0,1
0,0.1149638,0.2260886,0.9875695,0,1,4.75,1,1,0,0,0,0,1,0,0
0,-1.358734,-1.709726,0.9875695,1,0.8571429,4.5,1,0,0,0,0,0,0,0,1
0,0.8802744,-0.2678068,1.260275,1,0.5714286,4.5,1,0,0,0,0,0,0,0,0
0,-0.3664385,0.2260886,0.3490682,1,0.7142857,5,1,1,0,0,0,0,0,1,0
0,-0.3664385,0.2260886,0.9875695,1,0.5714286,5,1,1,0,0,0,0,1,0,0
1,0.6416194,0.098404,-0.9272776,1,0.8571429,4.75,1,1,0,0,0,0,1,0,0
1,-0.8773319,0.2260886,-0.2894331,1,1,5,1,0,0,1,0,0,0,0,1
1,0.8385177,0.2260886,-0.6083553,1,1,4,1,1,0,1,0,0,1,0,0
0,-0.3506762,-0.4042238,-1.20064,1,0.8571429,4.25,1,0,1,0,0,0,0,0,1
0,-0.3246819,-0.9676881,-1.792924,1,0.8571429,3,1,0,0,0,0,0,0,0,1
1,-0.1380156,0.2260886,-0.2887764,1,1,4.5,1,1,0,0,0,0,0,0,1
0,0.8542801,-0.4216887,-0.562795,1,0.8571429,5,1,0,0,1,0,0,0,1,0
1,-1.55707,-0.1920606,-0.9279343,0,1,5,1,1,0,0,0,0,0,0,1
0,-0.5247647,-1.052001,-2.384551,1,0.5714286,4.75,1,1,0,0,0,0,0,0,1
0,-0.3246819,-0.5072168,-0.5621383,0,1,4.5,1,1,0,0,0,0,0,0,0
0,-0.3947787,0.2260886,-0.562795,0,0.8571429,4.5,1,0,1,0,0,0,0,0,0
0,-0.3246819,-0.4551128,-2.384551,1,1,4.5,1,0,0,0,0,0,0,0,1
0,-1.558817,-1.539719,-0.5621383,0,0.4285714,4.75,0,1,0,0,0,0,0,0,1
0,-0.3979631,-1.888299,-0.8810606,1,0.8571429,4.25,1,0,0,0,1,0,0,0,1
0,0.3445376,0.3290816,-0.2887764,1,1,4.75,1,1,0,0,0,0,0,0,0
0,0.5250499,-0.9764206,-0.5621383,1,1,3.5,1,1,0,0,0,0,0,0,0
0,0.6132792,-0.4129563,-0.5614816,1,1,4.5,1,0,0,0,0,1,0,0,1
0,-0.4050107,0.92597,-1.839141,1,1,3.5,1,1,0,0,0,0,0,0,0
1,0.7400808,0.6442378,-2.111846,1,1,5,1,1,0,0,0,0,0,0,1
0,0.8259399,0.2260886,-1.566436,1,1,4.5,1,0,0,0,0,0,0,0,1
0,-0.410541,-1.146262,-2.111846,1,0.7142857,4.5,1,0,0,0,0,1,0,0,1
0,-0.3664385,-0.0978001,-0.243216,1,0.7142857,4.25,1,0,0,0,0,0,1,0,0
1,-0.3246819,-0.4042238,-0.9279343,0,0.8571429,5,1,1,0,1,0,0,1,0,0
0,-0.3822008,-0.0890676,-0.2425593,0,0.7142857,4.75,1,0,0,0,0,0,0,0,1
1,-0.3144498,-1.257987,-0.2425593,1,0.8571429,4,1,0,0,0,0,0,1,0,0
1,0.3118621,-0.1065326,-2.384551,1,1,4,1,1,0,0,0,0,1,0,0
0,-1.503263,-0.4042238,-1.29373,0,0.5714286,4.25,1,0,1,0,0,0,0,0,1
1,-0.3664385,0.2260886,-1.839141,0,0.8571429,3,0,1,0,0,0,0,0,1,0
0,-0.420773,0.2260886,-0.5621383,1,1,4,1,1,0,0,0,0,0,0,1
1,0.3547697,0.9681265,-1.201296,1,1,5,1,0,0,0,0,0,0,0,1
0,-0.420773,-0.4042238,-1.746707,1,0.7142857,4.25,1,0,0,0,0,0,0,0,1
1,0.1567204,0.5078208,-0.5621383,1,1,3.75,1,1,0,0,0,0,0,0,0
0,-0.6232016,-0.5159492,-1.153766,1,0.8571429,4.5,1,0,0,0,0,0,0,0,1
0,-0.5440236,-0.788949,-0.243216,1,0.8571429,3.5,1,0,0,0,0,0,0,0,1
0,-0.8478408,-1.052001,-0.5621383,0,0.4285714,4.5,1,0,0,0,0,0,0,0,1
0,-1.387074,-1.403302,-2.111846,1,0.8571429,4.25,1,0,0,0,0,0,0,0,1
1,0.8542801,-1.112838,-1.29373,1,0.8571429,3.5,1,1,0,0,0,0,0,0,0
0,-0.420773,-1.112838,-0.5621383,0,0.8571429,4.5,0,0,0,0,0,0,0,0,1
1,-1.348502,0.2260886,-0.2894331,1,0.8571429,4.25,1,0,0,0,0,0,0,0,0
1,-1.587157,-0.0890676,-1.792267,1,0.8571429,5,1,0,0,0,0,0,0,1,0
1,-1.483165,-0.4216887,-2.064972,1,1,3.75,1,0,0,0,0,0,0,0,1
1,-1.413069,-0.6946884,-0.5621383,0,0.7142857,4.75,1,0,0,1,0,0,0,0,1
0,0.8542801,1.241126,0.6686472,0,1,4,1,1,0,0,0,0,0,0,1
1,-0.3562064,0.2260886,0.6679905,1,1,4.75,1,0,0,0,0,0,0,0,1
0,0.3728777,1.565015,1.260275,0,1,5,1,1,0,0,0,0,1,0,0
0,-0.3664385,0.2260886,1.260275,0,0.7142857,5,1,0,0,0,0,0,0,0,0
0,0.8542801,1.565015,0.3490682,1,0.7142857,4.25,1,1,0,0,0,0,0,0,1
0,0.8960367,-0.9764206,0.6217735,0,0.8571429,5,1,0,0,0,0,0,1,0,0
0,0.7558431,-0.0556436,0.6686472,1,0.5714286,4.75,1,1,0,0,0,0,0,0,0
1,-0.2081124,-0.5072168,0.3490682,1,0.8571429,4.25,1,0,0,0,0,0,0,0,0
0,0.8385177,0.92597,0.9406958,0,0.5714286,5,1,1,1,0,0,0,1,0,0
0,-0.3664385,0.2260886,0.9406958,0,0.5714286,5,1,0,0,0,0,0,1,0,0
0,-0.3144498,-0.0890676,0.3490682,1,1,4.5,1,1,0,0,0,0,1,0,0
0,0.4146344,-0.4216887,0.9406958,0,0.8571429,4.75,1,1,0,1,0,0,1,0,0
0,-0.8060842,0.2260886,0.395942,1,0.5714286,5,1,0,0,0,0,0,0,0,0
0,-0.3664385,0.2260886,0.3490682,1,0.7142857,5,1,0,0,1,0,0,0,0,0
0,0.9062688,-0.0890676,0.3490682,0,0.5714286,4,1,0,0,0,0,0,0,0,1
0,-0.3822008,0.6442378,0.0301459,1,0.7142857,4.5,1,1,0,0,0,0,0,0,1
0,-0.3664385,0.2260886,0.3490682,1,0.8571429,5,1,1,0,0,0,0,0,1,0
0,-0.3664385,0.2260886,0.7148643,0,0.8571429,5,1,1,1,0,0,0,0,0,1
0,0.8542801,0.2260886,0.6679905,1,1,5,0,0,0,0,0,0,1,0,0
0,0.3445376,-0.4129563,0.9413525,1,0.8571429,5,1,0,0,0,0,0,1,0,0
0,0.8542801,1.565015,0.9875695,1,0.5714286,5,0,0,1,0,0,0,1,0,0
1,-0.3404441,0.2260886,0.0301459,1,0.8571429,4.5,1,0,0,0,0,0,0,0,0
0,-0.0702646,-0.0556436,0.3490682,1,0.7142857,4.25,1,1,0,0,0,0,0,0,1
1,-0.3664385,0.6442378,0.9875695,1,0.8571429,5,0,1,0,0,0,0,0,0,1
0,-0.3664385,-0.0978001,0.3490682,1,0.4285714,5,1,0,0,0,0,0,0,0,0
0,-0.3822008,-0.0978001,0.0301459,1,1,4.75,1,1,0,1,0,0,0,1,0
0,-0.9190885,-1.112838,0.0301459,1,0.8571429,4.25,1,1,0,0,0,0,0,0,0
0,-0.3664385,0.2260886,0.3021945,1,0.4285714,4.75,0,1,0,0,0,0,0,0,1
0,0.8542801,1.565015,1.260275,0,0.7142857,4.5,1,0,0,0,0,0,0,0,1
0,-0.3822008,0.2260886,0.0301459,1,0.8571429,5,1,1,0,0,0,0,0,0,0
0,-0.3404441,-0.0890676,0.6686472,0,0.8571429,4,1,0,0,0,0,0,0,0,0
0,-0.3664385,-1.112838,0.0294892,0,0.8571429,4.5,1,0,0,0,0,0,0,0,1
0,-0.312104,0.2260886,0.9406958,0,0.7142857,4.5,1,0,0,0,0,0,1,0,0
0,-0.3246819,0.2260886,0.6679905,1,0.8571429,3,0,0,0,0,0,0,0,0,1
0,0.3161975,-0.0890676,0.3490682,1,0.7142857,4.75,1,0,0,0,0,0,0,0,1
0,0.8960367,0.2260886,0.6679905,0,0.5714286,5,1,0,0,0,0,0,1,0,0
0,-0.3664385,0.2260886,1.260275,1,0.8571429,4.5,1,1,0,0,1,0,0,1,0
0,0.4406288,1.565015,0.6679905,1,0.7142857,4.75,1,1,0,0,0,0,1,0,0
0,-0.3664385,0.2260886,0.0294892,0,0.8571429,5,1,0,0,0,0,0,0,0,1
0,0.8960367,0.959394,0.3021945,0,0.8571429,4.25,1,0,0,0,0,0,0,0,1
0,-0.1978803,-0.5159492,0.6686472,0,0.8571429,4.75,1,0,0,0,0,0,0,0,0
0,0.3728777,-0.4129563,1.260275,0,0.8571429,4.75,1,1,0,0,0,0,0,0,1
1,-0.1435458,0.5499773,0.3490682,1,0.8571429,4.75,1,1,0,0,0,0,0,0,0
0,-0.1561237,-0.2256503,0.3490682,0,0.4285714,4.75,1,1,0,0,0,0,0,0,0
0,0.8960367,-0.0890676,1.260275,0,1,4,1,1,0,0,0,0,1,0,0
0,0.2732899,-0.0890676,0.9875695,1,1,4.5,1,0,0,0,0,1,0,0,1
1,-0.3979631,0.2260886,0.3490682,0,0.7142857,5,1,1,0,0,0,0,0,0,1
0,0.8542801,0.4046621,0.6679905,1,0.5714286,4.75,0,1,0,0,0,0,0,0,0
0,0.6959539,-0.0978001,-0.2425593,1,0.7142857,4,1,0,0,0,0,0,0,0,1
0,-0.3664385,-1.052001,-0.5621383,1,0.8571429,4.75,0,1,0,0,0,0,1,0,0
0,-0.5066321,-0.3373757,-0.2900898,1,0.7142857,4.75,1,0,0,0,0,0,0,0,0
0,0.9377933,-2.315181,-1.519562,1,0.8571429,5,0,0,1,0,0,0,0,0,0
1,0.9062688,-1.888299,-0.6083553,0,0.7142857,4,1,1,0,0,0,0,1,0,0
1,-0.3664385,-0.6859559,-1.425814,1,0.7142857,3.75,0,1,0,0,0,0,0,1,0
0,-0.746195,-0.8919419,-1.427128,1,0.8571429,5,0,0,0,0,0,0,0,0,1
0,0.1602171,0.2260886,0.076363,1,0.8571429,5,1,1,0,0,0,0,0,0,1
0,-0.5983582,0.038617,-0.8348436,1,1,3,0,1,0,0,0,0,0,0,0
0,0.364378,-2.451764,0.076363,1,0.7142857,4.75,0,0,1,0,0,0,1,0,0
1,-0.3562064,-0.6946884,-0.2425593,1,0.7142857,4,1,0,0,0,0,0,0,1,0
0,-0.3664385,-0.4216887,-0.9272776,1,0.7142857,5,1,1,0,0,1,0,0,0,0
0,0.2019738,-0.5072168,0.0757063,1,0.7142857,5,1,1,1,0,0,0,0,0,1
0,-0.1978803,0.2348211,-1.792267,0,0.8571429,5,1,0,1,0,0,0,0,0,1
0,-0.3664385,0.2260886,0.076363,0,0.8571429,5,1,0,1,0,0,0,0,0,0
0,-0.290787,-0.4216887,0.076363,0,0.8571429,4.25,1,1,0,0,0,1,0,1,0
0,-1.086496,-0.0978001,0.0308026,0,0.4285714,3.75,1,0,1,0,0,0,0,1,0
1,-0.5247647,-2.127875,0.0294892,0,1,4,1,1,0,0,0,0,0,0,0
1,0.1409581,-0.0890676,-0.243216,0,1,3,1,0,0,1,0,0,0,0,0
0,0.8542801,0.9681265,-0.2887764,0,0.8571429,5,1,0,0,0,0,0,1,0,0
0,-0.2081124,0.3203491,-1.473345,0,0.8571429,5,1,0,0,0,0,0,1,0,0
0,-0.3144498,-0.0556436,-0.2894331,1,0.4285714,4.75,1,1,0,0,0,0,0,0,0
1,-0.9348508,0.5499773,0.0294892,1,0.7142857,4.75,1,0,0,0,0,0,0,0,1
1,0.8542801,0.959394,0.0301459,1,0.8571429,4,1,1,0,0,0,0,1,0,0
0,-1.51706,-2.41834,-1.154423,0,0.2857143,3.5,0,0,0,0,0,0,0,0,0
0,-0.249869,-1.112838,-0.5621383,1,0.4285714,5,0,1,0,0,0,0,0,0,1
0,0.1657331,-2.212188,-0.1963423,0,0.7142857,5,1,1,1,0,0,0,0,0,0
1,-0.3822008,0.2260886,-0.5621383,1,1,4,1,1,0,0,0,0,0,0,1
0,-0.3664385,-0.6946884,0.0294892,1,0.7142857,5,1,0,0,1,0,0,0,1,0
1,-0.3664385,-0.5159492,-0.9279343,1,0.8571429,4.25,1,0,0,0,0,0,1,0,0
0,-2.753541,-0.4737927,-1.520219,1,0.7142857,4.75,0,0,0,0,0,0,1,0,0
1,-0.3089196,-0.0978001,0.0294892,1,0.7142857,4.75,1,0,0,0,0,0,0,0,0
0,-1.05142,0.2260886,0.0770197,1,0.4285714,4,1,0,0,0,0,0,0,0,0
0,-0.915904,-0.1920606,-0.5621383,1,0.4285714,4.75,1,1,0,0,0,0,0,0,1
0,-0.3664385,-0.0556436,-0.8348436,1,1,4.75,1,1,0,0,0,0,1,0,0
0,-0.3404441,0.0807735,-0.8810606,0,0.2857143,5,1,0,1,0,0,0,0,0,0
0,0.9377933,-0.4463803,-0.2881196,1,0.8571429,4.75,1,1,1,0,0,0,0,1,0
0,-0.3246819,-0.3795322,-0.243216,0,0.7142857,5,1,1,0,0,0,0,1,0,0
0,0.3602999,0.2595126,-0.2438727,1,0.2857143,4.75,1,1,1,0,0,0,1,0,0
0,-0.1505934,-0.0890676,-0.243216,1,0.8571429,5,1,0,1,0,0,0,1,0,0
0,0.8227555,1.565015,-2.064972,0,1,5,1,0,1,0,0,0,0,1,0
0,0.5250499,0.6442378,-0.2425593,1,1,5,0,1,1,0,0,0,0,0,1
0,0.7841833,-1.888299,-1.246857,1,0.7142857,4.75,1,0,0,0,0,0,0,1,0
0,0.8542801,-0.3373757,0.0294892,0,0.8571429,4.25,1,1,0,0,0,0,0,0,0
0,0.8960367,0.6442378,-0.243216,0,0.7142857,5,1,0,1,0,0,0,0,0,0
1,-0.1663557,0.2260886,0.3490682,1,0.8571429,5,1,1,0,0,0,0,0,1,0
0,-0.3664385,-0.0890676,0.3490682,1,0.8571429,3.5,0,1,0,0,0,0,0,0,1
1,-0.3404441,-0.0978001,0.3490682,1,1,4.5,0,0,0,0,0,0,0,0,0
0,0.3602999,-0.3707998,1.260275,1,0.7142857,5,1,1,0,0,0,0,0,0,1
1,-0.3664385,1.565015,0.6686472,1,0.8571429,5,1,0,0,0,0,0,0,0,1
1,0.3728777,0.9347024,0.6217735,1,0.7142857,5,1,0,0,1,0,0,0,0,0
0,-0.3664385,-2.136608,0.3490682,1,0.5714286,4.5,1,1,0,0,0,0,0,0,1
0,-0.3246819,0.0560819,0.6679905,0,0.5714286,3.5,1,0,0,0,0,0,1,0,0
1,0.8542801,1.565015,0.6686472,1,0.7142857,5,1,1,0,1,0,0,1,0,0
0,0.8385177,1.283283,0.6679905,1,0.4285714,3,1,0,0,0,0,0,0,1,0
1,0.6959539,0.6529703,0.6679905,0,0.8571429,3.75,1,1,1,0,0,0,0,0,1
0,0.8259399,-0.0978001,1.260275,1,0.8571429,4.75,1,0,0,0,0,0,0,0,0
0,-0.3246819,-0.0890676,0.3021945,1,0.8571429,5,1,1,1,0,0,0,0,0,1
0,0.30163,0.6529703,0.6679905,0,0.2857143,4.5,1,1,0,0,0,0,0,0,0
1,-0.3664385,-0.9676881,0.9875695,0,0.1428571,4.75,0,0,0,0,0,0,1,0,0
0,0.8960367,1.283283,1.260275,0,0.8571429,5,0,1,0,0,0,0,0,0,0
0,0.9377933,1.565015,0.9875695,1,0.2857143,4.5,1,0,0,0,0,0,0,0,1
0,-0.3089196,0.6863943,0.6679905,1,0.7142857,4.5,0,0,1,0,0,0,0,0,1
0,0.3728777,0.6442378,0.9413525,1,0.5714286,4.25,1,0,0,0,0,0,0,0,0
0,-0.3979631,-0.4042238,0.6211168,0,0.8571429,4.5,1,0,1,0,0,0,1,0,0
1,0.8542801,-0.736845,0.7148643,0,0.8571429,4.5,1,1,0,0,0,0,0,0,1
0,0.2019738,-0.0890676,1.260275,0,0.5714286,4.25,0,0,0,0,0,0,0,1,0
1,-0.2951224,-0.4216887,0.6217735,1,1,3.75,0,0,0,0,0,0,0,0,0
0,0.8542801,0.9681265,0.9406958,1,1,5,1,1,0,0,0,0,0,0,0
0,0.8069932,0.0298845,0.3490682,1,1,4.5,1,1,0,0,0,0,1,0,0
0,-0.3404441,-0.0890676,1.260275,1,1,4.75,1,0,1,0,0,0,0,0,1
0,-1.471738,-0.3373757,0.6217735,1,1,4.5,0,0,0,0,0,0,0,0,1
0,0.8960367,-0.2950536,1.260275,1,0.7142857,4.75,1,1,0,0,0,0,1,0,0
0,0.8960367,0.9681265,0.3490682,0,0.5714286,5,1,1,0,0,0,0,0,0,1
0,-0.3404441,-0.0890676,1.260275,1,0.8571429,5,1,1,1,0,0,0,1,0,0
0,-0.1923501,-1.104105,0.3490682,0,0.5714286,4.75,1,1,0,0,0,0,0,0,0
1,0.3150466,0.6108137,0.3490682,1,0.8571429,3.5,1,1,0,0,0,0,0,1,0
0,0.8542801,1.565015,1.260275,0,0.8571429,5,1,0,0,0,0,0,1,0,0
0,0.4832932,-1.282679,0.3497249,0,0.7142857,4.5,1,0,1,0,0,0,0,0,1
1,-0.3664385,-0.8398379,0.3490682,1,0.7142857,3.5,1,0,0,0,0,0,0,1,0
0,0.7794672,-0.3795322,0.3490682,1,1,4.5,1,1,0,0,0,0,0,0,0
0,0.3988721,-1.385837,0.9413525,1,0.8571429,4.75,1,0,0,0,0,0,0,0,1
0,0.8834589,-0.0890676,0.3490682,0,0.8571429,5,0,0,1,0,0,0,0,0,1
0,-0.3664385,0.2260886,0.3490682,1,0.8571429,5,1,0,0,0,0,0,0,0,1
0,0.1567204,-0.0890676,0.9406958,0,0.8571429,4.25,1,0,1,0,0,0,1,0,0
0,0.2370493,-0.6612644,1.260275,1,1,4.5,1,0,1,0,0,0,1,0,0
1,0.3185433,-0.3707998,0.9413525,0,0.8571429,4.5,1,0,0,0,0,0,0,1,0
0,0.3602999,0.2260886,1.260275,0,0.2857143,4.75,1,0,0,0,0,0,1,0,0
0,0.7196025,0.0139254,0.6686472,1,0.5714286,5,1,1,0,0,0,0,0,0,1
0,-0.7958521,0.038617,0.3028512,1,0.4285714,4.75,1,1,0,0,0,0,0,0,1
0,0.2122058,0.2260886,0.3490682,1,0.8571429,4.75,1,0,0,0,0,0,0,0,0
1,-0.3979631,-0.4042238,0.395942,1,1,3,1,0,0,0,0,0,1,0,0
0,-0.3664385,-0.4042238,0.9406958,0,0.4285714,4.75,0,1,1,0,0,0,1,0,0
0,0.8542801,1.249859,1.260275,1,0.8571429,5,1,1,1,0,0,0,1,0,0
1,0.7251327,-0.0556436,0.6217735,1,0.7142857,4,0,1,0,0,1,0,0,0,0
0,-0.6830908,0.2260886,-0.2894331,1,0.5714286,4.75,0,0,1,0,0,0,0,0,0
0,0.8960367,0.2260886,-0.5152646,1,0.7142857,5,1,0,1,0,0,0,0,1,0
1,-0.3664385,-0.5072168,-0.2894331,0,0.7142857,5,1,0,1,0,0,0,0,0,1
0,-1.940563,-1.137529,-0.1963423,0,0.7142857,5,1,0,1,0,0,0,0,0,1
0,0.1984771,-0.0556436,-0.8817173,1,0.8571429,4.25,1,0,1,0,0,0,0,0,1
0,-0.8965908,0.5499773,-1.20064,0,0.2857143,5,1,1,1,0,0,0,0,1,0
1,0.8542801,0.9681265,-0.6083553,1,1,5,1,1,1,0,0,0,1,0,0
0,-0.3144498,0.6529703,-0.5621383,1,0.7142857,4.75,1,0,1,0,0,0,0,1,0
0,-0.8335165,0.5499773,-0.9748081,1,0.8571429,4.25,1,0,1,0,0,0,0,0,1
0,-0.3664385,-0.2952192,-1.20064,1,0.4285714,4.5,1,1,1,0,0,0,0,0,1
0,0.7999455,-0.0556436,-0.6090121,1,0.2857143,4.75,1,1,1,0,0,0,0,0,0
0,-0.2341067,-0.4650603,-0.5621383,0,1,5,1,1,1,0,0,0,0,0,1
0,-0.3664385,-0.4042238,-0.2894331,0,0.4285714,4.5,1,1,1,0,0,0,1,0,0
0,-0.3246819,0.2260886,-0.243216,0,0.8571429,4.5,1,0,1,0,0,0,0,0,1
0,-1.1329,0.4990883,-2.064972,0,0.8571429,2.75,1,0,1,0,0,0,0,0,1
0,0.2019738,0.2260886,-0.2894331,1,0.7142857,5,1,0,1,0,0,0,0,1,0
0,-0.3664385,0.2260886,-1.473345,0,0.8571429,3.25,1,1,1,0,0,0,1,0,0
0,-0.5790992,-0.0890676,-1.154423,1,0.8571429,4.75,0,0,1,0,0,0,0,1,0
0,-0.3506762,-0.6946884,-1.20064,0,0.5714286,4.25,1,1,1,0,0,0,0,0,1
0,-0.3562064,-0.7281125,-0.5621383,1,0.7142857,4.5,1,1,1,0,0,0,1,0,0
0,0.6676137,1.565015,-1.839141,1,0.8571429,5,1,1,1,0,0,0,1,0,0
0,0.8417022,-0.3795322,-0.5621383,0,0.7142857,5,1,0,1,0,0,0,1,0,0
0,-0.3664385,-1.052001,-0.6552291,0,0.7142857,3.5,1,1,1,0,0,0,1,0,0
0,0.8519343,0.2260886,-0.562795,0,0.7142857,5,0,0,1,0,0,0,0,1,0
1,-0.9190885,0.2260886,-0.243216,1,0.8571429,5,1,0,1,0,0,0,0,0,0
0,-0.3664385,-1.052001,-0.243216,0,0.7142857,4.25,0,1,1,0,0,0,1,0,0
0,0.8542801,-0.0222195,-0.2425593,1,0.4285714,4.5,1,0,1,0,0,0,0,1,0
0,-0.0705516,-0.0890676,-1.74605,0,0.8571429,3.75,1,0,0,0,0,0,1,0,0
0,-0.6895146,-0.0890676,-0.5621383,1,0.8571429,5,1,0,1,0,0,0,1,0,0
0,0.2028124,-0.3795322,-1.153766,0,0.7142857,4,1,1,1,0,0,0,0,0,1
0,-0.2829252,0.2260886,-1.426471,1,1,5,0,1,0,1,0,0,0,1,0
0,0.2019738,-0.0890676,-0.2894331,0,0.5714286,5,0,0,1,0,0,0,0,0,1
1,-0.3144498,0.2260886,-2.111846,1,1,4.5,1,1,1,0,0,0,0,1,0
1,0.0220571,0.2260886,-0.2894331,1,1,4.75,1,0,1,0,0,0,0,1,0
0,-0.3979631,0.2260886,-0.243216,0,1,4.75,1,0,1,0,0,0,0,0,0
0,-0.3089196,-0.0890676,-1.29373,1,1,5,1,0,1,0,0,0,0,1,0
0,0.7125548,-0.4216887,-1.745393,1,0.7142857,5,1,0,1,0,0,0,0,1,0
1,-0.3664385,0.2260886,-0.2894331,1,1,5,0,1,1,0,0,0,0,1,0
0,0.450237,-0.0890676,-2.384551,1,0.1428571,3.75,1,1,1,0,0,0,0,1,0
0,-0.3664385,-0.6102098,-0.6552291,0,0.7142857,3.5,1,1,1,0,0,0,0,0,0
0,-0.483008,-0.0890676,-0.5621383,0,1,4.25,1,1,1,0,0,0,0,1,0
1,-0.6200172,0.2348211,-1.106892,1,0.4285714,4,1,1,1,0,0,0,1,0,0
0,0.2890522,0.5078208,-0.2900898,1,0.4285714,5,1,0,1,0,0,0,0,0,0
0,0.8417022,0.3290816,-0.882374,1,0.2857143,5,1,0,1,0,0,0,0,0,0
1,-0.3246819,-0.5159492,-0.2425593,1,0.8571429,5,1,0,0,0,0,0,1,0,0
1,0.3433867,-0.8311055,-0.243216,0,1,4.75,1,1,1,0,0,0,0,0,1
1,-0.3979631,0.2260886,-0.2419026,0,0.7142857,4,1,1,1,0,0,0,0,1,0
0,-0.2341067,0.2260886,-1.154423,1,0.7142857,4,0,0,1,0,0,0,0,0,1
1,-0.5113482,-0.9764206,-1.154423,0,0.5714286,4.75,1,1,1,0,0,0,0,0,1
1,-2.751195,-1.052001,-1.473345,1,0.8571429,2.5,1,0,1,0,0,0,0,1,0
0,0.0188726,0.2260886,-1.473345,0,0.8571429,4.75,1,0,1,0,0,0,0,0,0
0,0.8779286,1.565015,-0.8810606,0,1,5,1,0,1,0,0,0,0,0,1
0,0.8417022,0.6529703,-1.20064,0,0.8571429,3.5,1,0,1,0,0,0,0,1,0
0,-0.483008,1.565015,-0.9279343,0,0.7142857,4.5,1,1,1,0,0,0,0,1,0
1,0.2492851,0.2260886,-0.2425593,1,0.7142857,5,1,0,0,0,0,1,0,0,0
1,0.8542801,1.565015,-0.8348436,1,0.5714286,5,1,1,1,0,0,0,0,0,1
0,0.8385177,1.283283,-0.2900898,0,0.4285714,5,1,0,1,0,0,0,0,0,1
1,0.7944153,-0.8311055,-0.8810606,0,1,3.5,1,1,1,0,0,0,1,0,0
1,0.6290416,0.3290816,-0.6558858,1,0.5714286,4.75,0,0,1,0,0,0,0,0,1
0,-0.3790164,-0.0978001,-1.566436,1,0.8571429,4.25,1,0,1,0,0,0,0,1,0
0,-0.3664385,-0.4129563,-0.6090121,1,0.4285714,4,1,0,1,0,0,0,0,0,1
0,-0.420773,0.5499773,-2.384551,1,0.7142857,5,1,1,1,0,0,0,0,1,0
0,-0.2081124,0.8317094,-0.5634518,1,0.5714286,3.25,1,0,1,0,0,0,0,0,0
1,0.8417022,-0.1224916,-0.5614816,0,0.8571429,4.75,1,0,1,0,0,0,0,0,0
0,-0.3664385,0.2260886,-0.2887764,0,1,4.75,1,1,1,0,0,0,0,0,1
1,0.0109721,0.6863943,-1.154423,1,0.8571429,4.25,0,0,1,0,0,0,0,0,0
0,-0.2341067,1.565015,-0.2900898,0,0.5714286,5,1,0,1,0,0,0,0,0,0
0,-0.420773,-0.6946884,-0.8810606,1,0.7142857,4.5,1,1,0,1,0,0,0,0,1
0,-0.3664385,0.2260886,-0.8355003,0,0.7142857,5,1,1,1,0,0,0,0,0,0
0,0.8542801,0.9681265,-0.5621383,1,0.7142857,5,1,0,1,0,0,0,0,0,1
0,0.1704492,-0.4737927,-2.111846,0,1,3.75,1,0,0,0,0,0,1,0,0
0,-0.1398342,-0.3373757,-2.064972,1,0.8571429,4.75,1,1,1,0,0,0,0,1,0
0,-0.3372597,0.2260886,-0.7879698,0,0.5714286,5,0,1,1,0,0,0,0,0,1
0,0.8417022,-0.0978001,-0.2894331,1,0.1428571,3.25,1,0,1,0,0,0,0,1,0
0,-1.587157,0.5499773,-1.20064,1,0.8571429,4.5,1,0,1,0,0,0,0,1,0
0,-0.3790164,-0.0890676,-0.5621383,1,0.8571429,5,1,0,1,0,0,0,0,0,0
0,-0.3144498,-0.0556436,-0.2425593,0,0.8571429,5,1,0,1,0,0,0,0,1,0
0,0.20986,0.6529703,-0.2900898,0,0.2857143,4.75,0,0,1,0,0,0,1,0,0
0,-0.3246819,0.2260886,-0.2894331,1,1,5,1,1,1,0,0,0,0,0,1
0,-0.3664385,0.2260886,0.3484115,1,0.8571429,4.75,1,0,1,0,0,0,1,0,0
1,0.3602999,-1.112838,0.3015378,0,0.5714286,4.75,1,0,1,0,0,0,1,0,0
0,-0.3664385,0.2260886,0.3490682,1,0.5714286,3.5,1,0,1,0,0,0,0,0,1
0,0.3602999,0.2260886,0.6217735,1,0.1428571,4.75,1,0,1,0,0,0,0,0,1
0,0.8259399,-0.0556436,-0.0167278,0,0.4285714,4.25,1,0,0,0,0,0,0,0,1
1,0.97955,0.5499773,1.260275,1,0.8571429,5,1,1,1,0,0,0,0,0,1
0,0.1409581,0.2260886,0.0294892,1,0.4285714,4.5,1,1,1,0,0,0,1,0,0
0,-0.3664385,0.2260886,0.395942,1,0.4285714,4.75,0,1,0,0,0,0,1,0,0
0,-0.3664385,0.3290816,0.3497249,0,0.7142857,4.5,1,0,1,0,0,0,1,0,0
0,0.8542801,0.9681265,0.0301459,1,0.8571429,5,1,1,1,0,0,0,0,0,1
0,0.8960367,1.249859,0.9406958,0,0.4285714,5,1,0,1,0,0,0,0,0,1
0,-0.3506762,-1.522254,0.3490682,0,1,4.25,1,0,1,0,0,0,1,0,0
1,0.8802744,0.2260886,0.3952852,1,0.2857143,5,1,1,1,0,0,0,1,0,0
0,-0.3664385,0.2260886,0.3028512,0,0.4285714,4.75,1,1,1,0,0,0,0,1,0
0,-0.3144498,0.2260886,0.3490682,0,0.5714286,4.75,1,0,1,0,0,0,1,0,0
0,-0.3664385,0.2260886,0.3490682,1,0.8571429,5,1,0,1,0,0,0,0,1,0
1,-1.810645,0.2260886,0.3490682,0,0.8571429,5,1,0,1,0,0,0,0,0,1
0,0.4111377,-0.5072168,1.260275,0,0.7142857,5,1,1,1,0,0,0,1,0,0
0,0.3728777,0.2260886,0.3490682,0,1,5,1,0,1,0,0,0,0,0,1
0,0.8227555,1.565015,0.6679905,0,1,5,1,0,1,0,0,0,0,0,1
0,-0.3833517,0.5412448,0.3490682,1,1,3.25,1,0,1,0,0,0,0,1,0
0,-0.2081124,0.2260886,0.3490682,1,0.8571429,4.75,1,0,1,0,0,0,1,0,0
0,-0.3664385,-0.4216887,0.0294892,0,0.4285714,5,1,0,1,0,0,0,0,1,0
0,0.8802744,-0.0890676,0.3021945,0,0.8571429,5,1,1,1,0,0,0,0,0,1
0,0.9252155,-0.6525319,0.9413525,0,0.8571429,5,1,0,1,0,0,0,0,0,0
0,0.2019738,0.2260886,0.3490682,0,0.7142857,4.75,1,0,1,0,0,0,1,0,0
0,0.8542801,0.2260886,0.076363,1,0.5714286,4.5,1,1,1,0,0,0,0,0,0
0,-0.3506762,-0.0890676,0.0301459,0,0.5714286,4.5,0,1,1,0,0,0,0,0,1
0,0.8542801,-0.4042238,0.9406958,1,0.5714286,4.75,1,0,1,0,0,0,0,0,1
0,-0.3664385,0.2260886,0.9406958,1,0.7142857,4.5,1,1,1,0,0,0,0,0,1
0,-0.3664385,0.2260886,0.3021945,1,0.7142857,4.25,1,0,1,0,0,0,0,0,1
0,-0.3664385,0.2260886,0.6679905,0,1,5,1,1,1,0,0,0,0,1,0
0,0.8542801,1.565015,0.6211168,1,0.8571429,5,1,1,1,0,0,0,1,0,0
0,-0.3979631,-0.9676881,0.076363,0,0.5714286,4.25,1,1,1,0,0,0,0,1,0
0,0.4146344,1.565015,0.9406958,1,0.5714286,5,1,0,1,0,0,0,0,0,1
0,-0.3664385,-1.821451,0.9875695,1,0.8571429,5,0,1,1,0,0,0,1,0,0
1,-0.1663557,0.5499773,0.6679905,0,0.8571429,5,1,0,1,0,0,0,0,0,0
0,0.6959539,-1.301359,0.9406958,0,0.8571429,5,1,0,1,0,0,0,0,0,1
0,0.6959539,0.2260886,0.3490682,1,0.7142857,5,1,1,0,0,0,0,0,0,1
0,-0.3664385,0.2260886,0.3015378,0,0.7142857,5,1,1,1,0,0,0,1,0,0
0,-0.2081124,-0.0890676,0.6679905,0,0.7142857,3.5,1,1,1,0,0,0,1,0,0
1,-0.2049279,0.5499773,0.0301459,1,1,5,1,1,0,0,0,0,0,0,1
0,-0.1797722,0.2260886,0.3490682,0,0.8571429,4,1,1,1,0,0,0,0,0,1
1,-0.3246819,-0.0890676,0.6686472,1,0.2857143,3.25,1,1,0,0,0,0,0,0,1
0,-0.3664385,-1.052001,0.076363,0,1,4.5,1,1,1,0,0,0,0,1,0
1,0.8542801,-0.5072168,1.260275,0,0.5714286,5,1,1,1,0,0,0,1,0,0
0,-0.3664385,0.2260886,1.260275,0,0.8571429,5,1,1,1,0,0,0,0,0,0
0,0.8542801,1.565015,0.6217735,0,0.1428571,5,1,1,1,0,0,0,0,0,0
0,0.7999455,0.2260886,0.9875695,1,1,5,1,0,1,0,0,0,0,0,1
0,-0.3664385,0.2260886,0.076363,0,1,4.75,1,0,0,1,0,0,0,1,0
0,0.8542801,0.2173561,0.9875695,1,1,4.75,1,0,1,0,0,0,0,0,1
0,0.8385177,1.565015,0.6686472,1,0.8571429,5,1,1,1,0,0,0,0,0,1
0,-0.3664385,0.2260886,0.3490682,0,1,4.5,1,1,1,0,0,0,0,0,1
0,-0.2049279,-0.0890676,0.3490682,1,0.2857143,5,1,0,1,0,0,0,0,0,0
0,-0.3246819,-0.0803351,0.0294892,1,1,4.5,1,0,1,0,0,0,0,1,0
0,-0.3664385,0.2260886,1.260275,1,0.1428571,3.25,1,0,1,0,0,0,0,1,0
0,-1.471738,-1.154994,0.9406958,0,0.4285714,5,1,0,1,0,0,0,0,1,0
0,0.3602999,-0.3795322,0.0757063,1,1,3.75,1,0,1,0,0,0,1,0,0
0,-0.420773,0.2260886,0.3952852,1,0.8571429,5,1,0,1,0,0,0,0,0,0
0,-0.1797722,-0.0556436,-0.0173845,1,1,5,1,0,1,0,0,0,0,0,1
0,-0.3947787,-0.1920606,0.3490682,1,0.8571429,4.75,1,1,1,0,0,0,0,1,0
0,0.8542801,0.2260886,0.0294892,1,0.8571429,4.25,1,0,1,0,0,0,0,0,0
0,-0.3144498,-0.4042238,0.3952852,1,0.7142857,4.5,1,0,1,0,0,0,0,0,1
0,-0.3664385,0.2260886,0.6211168,0,0.5714286,4.75,1,0,1,0,0,0,0,1,0
0,0.8542801,1.565015,0.0294892,0,0.4285714,5,1,1,0,0,0,0,1,0,0
0,-0.0457082,0.2260886,0.3490682,1,0.4285714,5,1,1,1,0,0,0,1,0,0
0,-0.3664385,-0.3707998,0.076363,0,0.2857143,3,1,1,1,0,0,0,0,1,0
0,-0.2829252,-0.4042238,0.3021945,0,1,4,0,1,1,0,0,0,0,1,0
0,0.8259399,0.2260886,1.260275,1,0.7142857,5,1,0,1,0,0,0,0,1,0
0,0.683376,-0.5072168,0.0294892,1,0.5714286,4.75,1,0,1,0,0,0,0,0,1
0,0.2437304,0.1926646,0.0294892,0,0.8571429,4.75,1,0,1,0,0,0,1,0,0
0,0.8542801,0.6108137,1.260275,0,0.7142857,5,1,0,1,0,0,0,0,0,1
0,0.3988721,-0.0890676,0.9406958,0,0.8571429,5,1,0,1,0,0,0,1,0,0
0,-0.3664385,0.2260886,0.3490682,1,0.8571429,4.75,1,0,1,0,0,0,0,0,0
0,-0.3506762,0.2260886,0.3490682,0,0.5714286,5,1,1,1,0,0,0,0,0,1
0,0.3602999,0.5499773,0.3490682,0,0.4285714,4.75,1,1,1,0,0,0,1,0,0
0,0.8542801,1.565015,0.9406958,0,0.5714286,3,1,0,1,0,0,0,0,0,0
0,0.8960367,0.6442378,0.3952852,0,0.2857143,5,1,1,1,0,0,0,0,1,0
0,0.302781,0.6442378,0.6686472,0,0.1428571,4.75,1,1,1,0,0,0,0,1,0
0,0.8802744,1.283283,-0.0167278,0,0.4285714,4.5,1,0,1,0,0,0,1,0,0
0,0.8385177,1.283283,1.260275,0,0.7142857,4.5,1,0,1,0,0,0,1,0,0
0,-0.3246819,0.2260886,0.9406958,0,0.8571429,5,1,0,1,0,0,0,0,0,1
0,-0.3664385,0.2260886,0.3490682,0,0.5714286,5,1,1,1,0,0,0,0,0,1
0,-0.3664385,0.2260886,0.0288325,0,0.1428571,4.5,1,0,1,0,0,0,0,1,0
0,-0.3664385,0.2260886,0.3490682,1,0.8571429,5,1,0,1,0,0,0,0,1,0
1,-0.3664385,0.2260886,1.260275,1,0.5714286,4,1,1,1,0,0,0,0,1,0
0,-0.3664385,0.2260886,0.6217735,0,0.5714286,5,1,0,1,0,0,0,1,0,0
0,0.1409581,0.072041,0.0308026,1,1,4,1,1,1,0,0,0,0,0,0
0,0.8542801,-0.1137592,-0.0154144,1,0.5714286,3,1,0,1,0,0,0,0,1,0
0,-0.3664385,0.2260886,0.3490682,0,0.4285714,5,1,1,1,0,0,0,0,0,1
0,0.8960367,-0.2009587,0.7148643,1,0.1428571,4.25,1,0,1,0,0,0,0,1,0
0,0.3433867,0.92597,1.260275,0,0.8571429,3,1,1,1,0,0,0,1,0,0
0,0.1409581,-0.1224916,0.3490682,1,0.7142857,3.5,1,0,1,0,0,0,0,0,1
0,-0.3144498,-0.4042238,-1.473345,1,1,4.25,1,1,0,0,0,0,0,0,1
0,-1.253849,0.6108137,-2.065629,1,1,4.75,1,0,0,0,0,0,0,1,0
0,0.8542801,1.565015,-0.3356501,1,0.5714286,5,1,1,0,0,0,0,0,1,0
0,0.8133621,-3.79069,-0.5621383,1,1,4.25,1,1,0,0,0,0,0,0,1
0,0.8542801,0.7198184,-0.3363068,1,0.8571429,4.25,0,1,1,0,0,0,1,0,0
1,0.9377933,0.2260886,-1.20064,0,1,4,1,0,1,0,0,0,0,1,0
1,-1.189293,0.30439,-1.29373,1,0.8571429,4,1,1,1,0,0,0,0,1,0
1,-2.818108,0.9347024,-0.8804039,1,1,4.5,1,1,0,0,0,0,0,0,0
0,-1.641492,-1.854875,-0.8348436,1,0.7142857,2.5,1,0,1,0,0,0,0,0,1
1,0.8905064,-0.4129563,-0.8810606,0,0.7142857,5,1,1,1,0,0,0,0,1,0
0,0.8417022,0.2260886,-0.8817173,0,0.2857143,4,1,1,0,0,0,0,0,1,0
0,0.3287753,0.9681265,-1.519562,1,0.5714286,5,1,0,0,0,0,0,0,0,1
0,-0.3664385,0.2260886,-0.5621383,0,0.8571429,5,1,1,1,0,0,0,0,0,1
1,-1.454825,0.2260886,-0.8348436,1,1,4.25,1,1,0,0,0,0,1,0,0
0,0.8542801,1.565015,-2.065629,1,0.5714286,3.5,1,0,0,1,0,0,0,0,1
0,-0.3979631,-0.0556436,-2.384551,0,0.8571429,4.25,1,0,0,0,0,0,0,1,0
1,-1.358734,-0.0890676,-1.839141,1,0.5714286,4.5,1,0,0,0,0,0,1,0,0
0,-1.105755,-1.112838,-0.8810606,0,1,5,1,0,0,0,0,0,0,1,0
0,-0.7800898,-1.240522,-1.473345,1,1,5,1,0,1,0,0,0,0,1,0
1,-0.8060842,-0.3707998,-0.8810606,1,0.8571429,4,1,0,0,0,0,0,0,1,0
0,0.5329504,0.2260886,-2.111846,1,0.8571429,4.75,1,0,0,0,0,0,1,0,0
0,0.3988721,0.2348211,-1.199983,0,0.5714286,4,1,1,0,1,0,0,0,0,1
0,-0.3246819,0.2260886,-0.6090121,1,1,4.75,1,0,0,0,0,0,0,0,1
0,-1.461575,-0.1920606,-1.520219,0,0.2857143,5,1,0,0,0,0,0,0,0,1
1,-0.3664385,0.2260886,-1.199983,1,1,2.5,1,1,0,0,0,0,0,0,0
1,0.3728777,-0.4129563,-0.562795,1,1,4.25,1,1,0,0,0,0,0,0,1
0,-0.5531048,0.92597,-1.839141,1,0.7142857,4.5,1,0,0,0,0,1,1,0,0
1,-0.8478408,0.2260886,-1.473345,1,1,4.25,1,0,0,0,0,0,0,1,0
0,-1.496894,0.2260886,-2.384551,1,0.7142857,4.5,1,1,1,0,0,0,1,0,0
0,-0.3664385,0.8229769,0.0294892,1,0.7142857,4.5,1,1,0,0,1,0,1,0,0
1,-0.3664385,0.2260886,0.076363,1,0.8571429,5,1,0,0,0,0,0,0,1,0
0,-0.3664385,0.2260886,-0.2425593,1,0.7142857,4.5,1,1,1,0,0,0,0,0,1
1,0.97955,-0.2518477,1.260275,1,1,5,1,1,0,0,0,0,0,0,1
0,0.8385177,0.959394,0.0294892,0,0.7142857,5,1,1,0,0,0,0,0,0,1
0,0.8960367,-1.112838,1.260275,1,0.8571429,4.5,1,1,0,0,0,0,0,0,1
1,0.8960367,0.5078208,0.3490682,1,1,5,1,0,1,0,0,0,0,1,0
0,-0.3664385,0.2260886,0.0294892,0,0.8571429,4.75,1,0,0,0,0,0,1,0,0
1,-0.7765247,-0.3707998,0.9406958,1,0.4285714,4,1,0,0,0,0,1,0,0,1
1,-0.3664385,-0.4042238,0.0288325,0,0.8571429,4.75,1,0,0,0,0,0,1,0,0
0,-0.2238747,0.5078208,-0.2887764,1,0.8571429,4.25,1,0,0,0,0,0,0,0,1
1,0.7944153,-0.0803351,-0.0160711,0,0.7142857,4.75,1,1,1,0,0,0,0,0,1
0,0.3445376,-0.8311055,0.0294892,1,0.8571429,3,1,0,1,0,0,0,0,0,1
0,0.8676965,0.2260886,0.0770197,1,1,5,1,1,0,0,0,0,0,1,0
0,-0.3089196,-0.822373,-0.2900898,1,1,4.5,1,0,1,0,0,0,0,0,1
0,-0.2986875,0.2260886,0.3497249,1,0.8571429,4.75,1,0,0,0,0,0,0,0,1
1,-0.3246819,-0.0978001,0.9406958,1,0.8571429,5,1,1,0,0,0,0,1,0,0
0,-0.1380156,1.001551,0.6217735,1,0.7142857,3.75,1,1,0,0,0,0,0,0,0
0,-0.1955345,0.2260886,0.3035079,0,0.1428571,4.25,1,1,1,0,0,0,0,1,0
1,0.3602999,0.2260886,0.3490682,1,0.7142857,5,1,1,0,0,0,0,0,1,0
1,-0.8092686,-1.154994,-0.2887764,1,0.7142857,4.25,0,1,0,0,0,0,0,1,0
1,0.8960367,1.565015,0.9406958,0,0.5714286,5,1,1,1,0,0,0,0,0,1
0,0.8259399,0.2260886,1.260275,1,1,5,1,0,1,0,0,0,0,1,0
1,0.8542801,-2.170032,0.6211168,0,0.7142857,4.75,1,1,0,0,0,0,0,0,1
1,-0.3664385,0.2260886,0.0294892,0,0.5714286,5,1,1,0,0,0,0,0,0,1
0,-0.1085245,-0.6946884,0.3028512,1,0.8571429,2.75,0,0,1,0,0,0,0,0,1
0,0.4248665,-0.1224916,0.0288325,1,1,4.75,1,0,1,0,0,0,1,0,0
1,-1.736402,0.2260886,0.3490682,1,1,4.25,1,1,0,0,0,0,1,0,0
1,0.97955,0.7198184,-0.2894331,0,1,4.5,1,1,1,0,0,0,1,0,0
0,0.6258571,1.283283,0.395942,0,0.8571429,5,1,0,0,0,0,0,0,0,1
0,0.30163,-1.043269,0.3021945,1,0.8571429,4.5,1,1,0,0,0,1,1,0,0
0,0.6360891,-0.0890676,0.6679905,1,0.7142857,4.5,1,0,0,0,0,0,0,0,1
0,-0.1211024,-0.0890676,0.9413525,1,0.8571429,5,0,1,1,0,0,0,0,0,1
0,0.8542801,1.565015,0.0301459,1,0.8571429,5,1,1,0,0,0,0,1,0,0
0,-0.312104,-0.0556436,0.0301459,1,0.8571429,4.25,1,1,0,0,0,0,1,0,0
1,-0.3924329,0.5078208,0.3490682,1,0.5714286,4.75,1,1,0,1,0,0,0,1,0
0,-0.3404441,0.2260886,0.076363,0,0.8571429,5,1,0,0,0,0,0,1,0,0
0,-0.3664385,0.5078208,1.260275,1,0.8571429,4.5,1,1,1,0,0,0,0,0,0
0,-0.3664385,0.2260886,0.0294892,1,0.4285714,4.5,1,1,0,0,0,0,0,0,1
0,0.8542801,1.565015,-0.0180412,1,0.8571429,4.25,1,0,0,0,0,0,1,0,0
0,0.8542801,1.565015,0.9875695,0,0.1428571,4.5,1,1,0,0,0,0,0,0,1
0,-0.3664385,-0.0890676,-0.2900898,0,0.7142857,4.75,1,0,1,0,0,0,0,1,0
0,-0.9927505,0.2260886,-1.20064,0,0.5714286,4.5,1,1,1,0,0,0,1,0,0
1,0.1149638,-0.0890676,-0.5621383,1,0.7142857,4.25,1,1,0,0,0,0,0,0,0
1,-1.602919,-0.5072168,-0.5614816,1,0.7142857,4.25,1,1,0,0,0,0,0,0,1
1,0.8542801,-1.573143,-0.6083553,1,0.5714286,5,1,1,0,0,0,0,0,0,0
0,-0.3790164,-0.4216887,-0.5614816,0,1,4.25,1,1,0,0,0,0,1,0,0
0,-0.3404441,0.2260886,-0.2900898,1,0.8571429,4.25,1,0,0,0,0,0,0,0,1
1,-0.3664385,-0.4042238,-0.6083553,1,0.8571429,5,1,0,0,0,0,0,0,0,1
1,0.1862115,0.5078208,-0.8817173,1,0.8571429,5,1,0,0,0,0,0,1,0,0
1,0.1862115,0.2260886,-1.29373,1,0.7142857,5,1,0,0,0,0,0,0,0,0
0,-0.0976969,0.2260886,-1.473345,1,0.8571429,3.75,1,0,0,0,0,0,1,0,0
0,-0.3144498,0.2260886,-0.5621383,0,0.8571429,4.5,0,0,0,0,0,0,0,0,1
0,0.5274202,1.249859,-0.8355003,1,0.7142857,3.5,1,0,0,0,0,0,0,0,1
0,0.3728777,0.6442378,-0.8810606,1,0,4.25,1,1,0,0,0,0,0,0,1
0,-0.182118,-0.0890676,-0.5621383,1,0.7142857,4.5,1,0,1,0,0,0,0,1,0
0,-0.3664385,-0.4042238,-2.384551,1,0.2857143,4,1,0,0,0,0,0,0,0,0
0,-2.436889,-0.736845,-0.8817173,1,0.8571429,4,0,0,1,0,0,0,0,0,1
0,0.2145516,0.5078208,-0.2900898,0,1,5,1,0,0,0,0,0,0,0,1
0,-1.076264,-0.4129563,-0.5614816,1,0.8571429,4.5,1,1,0,0,0,0,0,0,1
0,-0.3246819,0.3290816,-0.243216,1,0.5714286,4.5,1,0,1,0,0,0,0,0,1
0,-0.3664385,0.2260886,-0.8810606,1,0.8571429,4.25,1,0,1,0,0,0,0,0,1
1,-1.936159,-0.1833281,-0.8804039,1,0.1428571,4.5,1,0,1,0,0,0,1,0,0
0,-1.444593,0.2260886,-1.427128,0,0.8571429,4.25,1,0,1,0,0,0,0,0,1
0,0.3728777,0.6442378,-0.2894331,0,0.8571429,4.75,1,1,0,0,0,0,0,0,1
0,0.2732899,-1.709726,-0.243216,1,0.8571429,4.5,1,0,0,0,0,0,0,0,1
0,0.683376,-0.0978001,-0.2425593,0,0.7142857,5,1,1,0,0,0,0,0,0,1
0,-0.3404441,-0.0890676,-0.5621383,0,0.4285714,5,1,1,1,0,0,0,1,0,0
0,-0.8478408,-0.3795322,-0.243216,0,0.7142857,4.75,1,0,0,0,0,0,0,0,1
0,-0.3664385,0.2260886,-0.2887764,1,0.8571429,5,1,0,1,0,0,0,0,0,1
0,0.7298487,1.565015,-0.1963423,1,0.5714286,4.75,1,1,0,0,0,0,0,0,0
1,-0.182118,-1.427994,-0.8341869,1,0.8571429,4.25,1,0,0,0,0,0,0,0,1
0,-1.364264,-0.0890676,-0.243216,0,0.7142857,4.25,1,0,1,0,0,0,1,0,0
0,0.3258058,1.241126,-1.201296,1,0.7142857,3.75,1,0,1,0,0,0,0,0,1
0,0.8542801,1.241126,-0.2894331,1,0.7142857,5,1,1,0,0,0,0,0,0,0
1,-0.3404441,-2.033615,-0.6090121,1,0.8571429,4.25,1,0,0,0,0,0,0,0,1
0,-0.290787,-0.5493733,-0.8810606,1,0.4285714,4,1,1,0,0,0,0,0,0,1
1,0.1862115,0.2260886,-1.153766,1,0.8571429,4.5,1,0,0,0,0,0,0,0,0
0,0.7944153,1.565015,-1.107549,1,0.4285714,4.5,1,1,0,0,0,0,0,0,1
1,0.9062688,1.565015,-1.472688,1,0.5714286,4.5,1,1,0,0,0,0,1,0,0
1,-0.4050107,0.2260886,-2.384551,1,1,4.5,1,1,0,0,0,0,0,0,1
0,0.5376278,0.5078208,-0.9279343,1,0.8571429,3.75,1,0,1,0,0,0,0,0,1
1,-0.0962589,1.283283,-0.9272776,1,1,4.75,1,0,0,0,0,0,0,0,1
1,0.8417022,0.9681265,0.6217735,0,0.7142857,5,1,0,1,0,0,0,0,0,0
1,-0.3664385,-0.4042238,0.3490682,1,0.8571429,4.75,1,0,0,0,0,0,0,0,0
1,0.8542801,1.565015,1.260275,1,0.7142857,4.25,1,1,0,0,0,0,1,0,0
0,-0.4286735,0.2260886,0.0308026,0,0.5714286,4.5,1,0,1,0,0,0,0,0,1
1,-0.3664385,0.2260886,0.6679905,0,0.8571429,5,1,1,0,0,0,0,0,1,0
0,-0.1120212,0.6863943,0.6211168,1,0.8571429,5,1,1,0,0,0,0,0,0,1
1,0.3728777,-0.0978001,0.0294892,1,1,5,1,0,0,0,0,0,0,0,1
0,0.6676137,1.565015,1.260275,0,0.7142857,4.5,1,0,0,0,0,0,1,0,0
0,0.1578713,0.2260886,0.395942,1,0.5714286,4.5,1,0,0,0,0,0,0,0,0
1,0.3602999,0.5499773,0.0770197,1,0.5714286,5,1,0,0,0,0,0,0,0,1
0,0.8542801,0.2260886,1.260275,1,0.8571429,4.5,1,1,0,0,0,0,1,0,0
1,-0.3246819,-0.5072168,0.3028512,0,0.8571429,5,1,0,0,0,0,0,0,0,0
0,0.1149638,0.2260886,0.3015378,1,0.8571429,5,1,1,0,0,0,0,0,1,0
0,0.6959539,0.9681265,1.260275,1,0.8571429,4.75,1,0,0,0,0,0,0,0,1
0,0.6518515,-0.4129563,0.3490682,1,0.7142857,4.25,1,0,0,0,0,0,0,1,0
0,0.8542801,0.8317094,0.6211168,1,1,4,1,1,0,0,0,0,0,0,1
0,0.8960367,1.249859,0.9406958,1,0.8571429,5,1,1,1,0,0,0,1,0,0
0,0.30163,-1.821451,0.3490682,1,0.7142857,5,1,1,1,0,0,0,1,0,0
0,0.5872849,-1.207098,0.3490682,0,0.7142857,3.5,1,1,1,0,0,0,0,0,1
0,0.3445376,0.2260886,0.6679905,1,0.7142857,5,1,0,1,0,0,0,1,0,0
1,-0.1380156,1.283283,0.6211168,1,1,4.75,1,0,1,0,0,0,0,0,0
0,0.3602999,0.6442378,1.260275,1,0.7142857,5,1,1,0,0,0,0,0,0,1
0,0.3445376,-0.013487,0.0294892,1,0.5714286,4.5,1,0,1,0,0,0,1,0,0
0,0.2189554,0.8229769,0.0301459,1,1,4.75,1,1,0,0,0,0,0,0,1
0,-0.3144498,0.2260886,0.3952852,0,1,4.5,1,1,1,0,0,0,1,0,0
0,0.2732899,0.2260886,0.9875695,1,0.8571429,4.5,1,0,0,0,0,0,0,0,1
0,0.9377933,1.565015,0.6217735,1,0.8571429,4,1,0,0,0,0,0,1,0,0
0,0.8542801,-0.0890676,1.260275,0,0.8571429,5,1,1,0,0,0,0,0,0,1
0,0.8802744,-0.7976814,0.9413525,1,0.5714286,4.5,1,0,0,0,0,0,0,0,0
0,-0.3664385,0.2260886,0.395942,1,0.8571429,4.5,1,0,0,0,0,1,0,0,0
0,0.370532,1.565015,0.3484115,1,0.8571429,5,1,1,1,0,0,0,1,0,0
1,-0.3822008,-0.0890676,0.9875695,1,0.7142857,4.75,1,1,0,0,0,0,1,0,0
0,0.1149638,-0.4737927,0.0294892,0,0.5714286,5,1,1,1,0,0,0,0,1,0
0,-0.3664385,-0.0890676,0.3490682,1,0.8571429,5,1,0,1,0,0,0,0,1,0
0,-0.3664385,0.959394,0.3490682,0,0.8571429,5,1,0,0,0,0,0,1,0,0
0,0.8542801,0.92597,0.9875695,1,0.5714286,4.5,1,1,0,0,0,0,0,0,1
1,0.8542801,0.2260886,0.9875695,1,0.8571429,4.25,1,0,0,0,0,0,0,1,0
1,0.8960367,1.249859,0.3952852,1,1,4.5,1,1,0,0,0,1,0,0,1
0,0.8542801,0.2260886,0.3484115,1,0.8571429,5,1,1,0,0,0,0,1,0,0
0,0.8417022,0.2260886,0.6679905,1,0.8571429,4.75,1,0,0,0,0,0,0,0,0
0,0.683376,0.2260886,1.260275,0,0.8571429,2.75,1,1,1,0,0,0,0,1,0
0,0.3445376,-0.0890676,0.6679905,0,0.2857143,4.75,1,0,0,0,0,0,0,0,1
0,0.3728777,-0.788949,0.0301459,0,0.8571429,4.75,1,0,0,0,0,0,0,0,1
0,0.8802744,0.8229769,0.0301459,0,0.5714286,4.5,1,1,0,0,0,0,1,0,0
0,0.7999455,0.5499773,0.0757063,1,0.8571429,5,1,1,0,0,0,0,0,1,0
0,-0.3664385,0.2260886,0.9406958,0,0.5714286,4.5,1,1,0,0,0,0,0,0,1
0,-0.9053597,0.9347024,0.0301459,1,0.4285714,4.75,1,1,0,1,0,0,0,0,1
0,-0.3664385,0.5499773,0.3490682,1,1,4.75,1,1,0,0,0,0,0,1,0
0,0.3728777,0.8317094,0.9413525,1,0.7142857,5,1,1,0,1,0,0,0,0,0
0,-0.3664385,-0.0890676,0.3490682,0,0.8571429,4.75,1,1,0,0,0,0,1,0,0
0,0.8542801,0.2260886,0.3490682,1,0.8571429,5,1,0,0,0,0,0,0,0,0
1,-0.3404441,0.2260886,0.0294892,1,0.8571429,4.5,1,1,0,0,0,0,0,1,0
0,-1.550335,1.249859,0.3028512,1,0.8571429,3.5,1,0,1,0,0,0,0,0,1
0,0.8645121,1.249859,0.395942,0,0.7142857,5,1,0,1,0,0,0,1,0,0
0,-0.9801041,-1.112838,0.7148643,1,0.5714286,4.5,1,0,0,0,0,0,0,1,0
0,0.8542801,0.3712381,0.9406958,0,0.7142857,5,1,1,1,0,0,0,0,0,1
0,0.8259399,0.8229769,0.6217735,0,0.8571429,5,1,0,1,0,0,0,1,0,0
0,0.2732899,0.92597,0.3490682,1,0.8571429,4.5,1,0,0,0,0,0,1,0,0
0,0.6857463,0.2260886,-0.562795,0,1,4.5,1,0,0,0,0,0,0,1,0
0,-0.3664385,0.2260886,0.0294892,1,0.7142857,4.5,1,0,0,0,0,1,0,0,1
0,-0.3664385,0.2260886,0.0294892,1,0.8571429,5,1,1,0,0,0,0,1,0,0
0,-0.3246819,0.5078208,0.0294892,0,1,4.5,1,1,1,0,0,0,0,0,1
0,0.6676137,-0.0556436,0.0301459,1,0.7142857,5,1,0,0,0,0,0,0,0,1
0,0.8676965,-0.5072168,-0.2894331,1,0.8571429,4.5,1,1,0,0,0,0,1,0,0
1,-0.4987703,0.2260886,-0.243216,1,0.2857143,3.5,1,0,0,0,0,0,1,0,0
1,-0.3664385,0.2260886,-0.5621383,1,0.8571429,4.5,1,1,0,0,0,0,0,0,1
0,0.8291243,-1.39457,-1.74605,1,0.8571429,3.25,1,0,0,0,0,0,0,0,1
0,-0.3979631,-0.822373,-0.243216,0,0.8571429,4.5,1,1,0,0,0,0,0,0,1
0,-0.8218464,0.5165532,-0.243216,1,0.8571429,4.5,1,0,0,0,0,0,0,0,1
0,-0.3664385,-0.4216887,-1.792924,1,1,4.25,1,0,0,0,0,0,0,0,1
0,0.8960367,1.249859,-0.7886266,1,0.2857143,5,1,1,0,0,0,0,1,0,0
0,0.3445376,0.9681265,-0.5159213,1,0.8571429,5,1,0,0,0,0,0,0,0,1
0,-1.528419,-0.4042238,-0.2425593,1,0.8571429,3.75,1,0,0,0,0,0,0,0,1
0,-0.4459287,1.241126,-1.106235,1,0.5714286,4.75,1,0,0,0,0,0,0,0,1
0,-0.0433624,-0.4216887,-1.839141,1,0.8571429,4.25,1,1,0,0,0,1,0,1,0
0,-0.3246819,-1.718458,0.0294892,1,0.5714286,4.75,1,1,0,0,0,0,1,0,0
1,-0.6772491,-0.4216887,0.0294892,1,0.8571429,4.75,1,0,0,0,0,0,0,0,1
1,-0.3246819,-0.7281125,-0.9285911,1,0.8571429,3,1,0,0,0,0,0,0,0,1
1,-0.3089196,1.249859,-1.839141,0,0.8571429,4.25,1,0,0,0,0,0,0,0,1
0,-0.483008,-0.4737927,-0.2894331,1,0.8571429,4.5,1,0,0,0,0,0,0,0,1
1,0.1567204,-0.5072168,-0.0167278,1,0.8571429,4.25,1,1,0,0,0,0,0,1,0
0,-0.3664385,-0.4216887,-0.9279343,1,1,4.25,1,0,0,0,0,0,0,0,1
0,-0.3404441,-0.0890676,0.0294892,1,0.8571429,5,1,0,0,0,0,0,0,1,0
0,-0.3664385,0.6442378,-0.243216,1,0.8571429,4.75,1,1,0,0,0,0,1,0,0
1,-0.4412514,0.201397,-1.839141,1,0.8571429,3.75,1,1,0,0,0,0,1,0,0
1,-0.3246819,-0.6946884,0.0294892,1,0.7142857,4.5,1,1,0,0,0,0,1,0,0
0,-0.3664385,-0.3707998,0.0294892,0,0.8571429,4.25,1,0,0,0,0,0,0,0,1
0,0.1149638,-0.7281125,-1.473345,1,0.8571429,3.5,1,1,0,0,0,0,0,0,1
0,-0.3246819,-0.6859559,0.0294892,1,0.8571429,4.5,1,0,0,0,0,0,0,0,1
0,-0.3664385,-0.7976814,-0.2894331,0,0.8571429,5,1,0,1,0,0,0,1,0,0
0,-0.8670998,-1.052001,-0.8341869,1,0.4285714,5,0,0,0,0,0,0,0,0,1
0,0.1149638,0.2260886,-0.3356501,0,0.8571429,4,1,1,0,0,0,0,0,0,1
0,0.1692983,-0.3373757,0.0301459,1,0.8571429,4.75,1,1,0,0,0,0,0,0,1
0,-0.8478408,-0.6946884,-0.9279343,0,1,4,1,0,0,0,0,0,1,0,0
0,-0.3664385,-0.4216887,-0.2900898,1,0.8571429,4.75,1,1,1,0,0,0,0,0,0
1,-0.3845466,0.2869251,-0.2894331,0,1,4.25,1,1,0,0,0,0,0,0,1
1,-0.3664385,-0.7034209,-2.384551,0,0.8571429,4.75,1,1,0,0,1,0,0,0,0
1,0.6676137,0.6776618,-0.5621383,1,0.8571429,4.25,0,0,0,0,0,0,0,0,1
0,-0.3664385,0.2260886,0.0301459,1,0.7142857,4.75,1,0,0,0,0,1,0,0,0
1,-1.736402,-1.615465,-0.2894331,1,1,4,1,0,0,0,0,0,0,0,1
1,-0.8636031,-0.4129563,-1.20064,1,0.8571429,4,1,0,0,0,0,0,0,0,1
1,-0.2081124,0.2260886,-1.566436,1,1,5,1,0,0,0,0,0,0,0,1
0,0.8542801,-0.3373757,0.6217735,1,0.4285714,5,1,1,0,0,0,0,0,0,1
0,-1.432015,-0.4129563,0.9875695,1,0.8571429,5,1,0,0,0,0,0,0,1,0
0,0.2732899,1.565015,0.3497249,0,0.8571429,4.5,1,0,0,0,0,0,1,0,0
1,-0.2986875,-0.3373757,0.9406958,1,0.7142857,5,1,1,0,0,0,0,1,0,0
0,-0.3664385,0.2260886,0.3035079,1,0.7142857,3.5,1,0,0,0,0,0,0,0,1
0,-0.3664385,-0.3373757,0.3490682,1,1,4.75,1,0,0,0,0,0,0,0,1
0,-0.1537779,0.2260886,1.260275,1,0.8571429,4.75,1,0,0,0,0,0,1,0,0
0,-0.2081124,-0.3707998,0.3490682,1,0.8571429,2,1,0,0,0,0,0,0,0,0
0,-0.3404441,-0.0556436,0.3490682,0,0.8571429,4.75,1,0,0,0,0,0,0,0,0
0,0.1862115,-0.0556436,0.6686472,1,1,5,1,1,0,0,0,0,0,0,1
0,0.8542801,0.3712381,0.9406958,1,1,3.5,1,1,0,0,0,0,1,0,0
0,-1.348502,0.2260886,0.3490682,1,0.8571429,5,1,1,0,0,0,0,0,0,1
1,0.3988721,-1.154994,0.9406958,1,1,4.75,1,1,0,0,0,0,0,0,1
0,-0.3664385,0.2260886,0.3490682,1,0.8571429,5,1,1,0,0,0,0,0,0,0
0,0.8960367,0.5412448,0.9406958,1,1,4.25,1,1,0,0,0,0,1,0,0
1,0.1850606,-0.1920606,0.9875695,0,0.5714286,1.5,1,1,0,0,0,0,1,0,0
0,0.3150466,-0.5406408,0.3490682,1,0.4285714,4.5,1,1,0,0,0,0,1,0,0
0,-0.3664385,0.2260886,0.9406958,1,0.7142857,5,1,1,0,0,0,0,1,0,0
0,-0.2238747,-0.0890676,0.6686472,1,0.2857143,5,1,0,0,0,0,1,0,1,0
1,0.0889552,1.565015,0.3021945,1,1,3.75,1,1,0,0,0,0,0,0,1
0,-0.3246819,0.2260886,0.076363,0,0.5714286,5,1,0,0,0,0,0,0,0,0
0,0.8960367,0.9681265,1.260275,0,0.4285714,4.75,1,1,0,0,0,0,0,0,1
0,0.8542801,-1.018577,1.260275,1,0.8571429,3.75,1,1,0,0,0,0,1,0,0
1,-0.3246819,0.2595126,0.6686472,0,0.7142857,4.75,0,1,0,0,0,0,0,0,0
0,-0.3664385,0.2260886,1.260275,1,0.7142857,5,1,0,0,0,0,0,1,0,0
0,-0.8761809,-0.3707998,0.3490682,0,0.1428571,4.75,1,0,0,0,0,0,1,0,0
0,0.6676137,0.2595126,0.3490682,1,0.8571429,4.5,1,1,0,0,0,0,0,0,1
0,-0.3979631,-0.0890676,0.9875695,1,0.8571429,3,1,0,0,0,0,0,1,0,0
0,-0.3664385,0.2260886,0.3490682,0,1,4.5,1,1,0,0,1,0,0,0,1
0,-0.3246819,-0.0978001,0.3490682,0,0.5714286,4,1,1,0,0,0,0,0,0,1
0,0.8487498,1.283283,1.260275,1,1,4.5,1,1,0,0,0,0,1,0,0
0,0.9377933,-1.257987,1.260275,0,1,4.75,1,1,0,0,0,0,0,0,1
1,0.8960367,-0.3795322,0.6217735,1,0.5714286,4,1,1,0,0,0,0,0,1,0
1,-0.1120212,0.2260886,1.260275,1,1,4,1,0,0,0,0,0,0,0,1
0,-0.3664385,0.2260886,0.3490682,1,1,4.75,1,0,0,0,0,0,1,0,0
0,0.3728777,-0.7976814,0.3490682,1,0.5714286,5,1,1,0,0,0,0,1,0,0
0,-0.3664385,0.2260886,0.6686472,0,0.8571429,5,1,0,0,0,0,0,0,0,1
0,-0.3664385,0.2260886,0.6217735,0,0.8571429,5,1,0,0,0,0,0,1,0,0
0,-0.1923501,-0.6946884,0.6686472,1,0.7142857,4.5,1,1,0,0,0,1,0,0,0
1,0.9377933,0.2595126,0.9413525,1,0.1428571,5,1,1,0,0,0,0,0,0,1
0,0.8542801,1.565015,0.3490682,1,0.8571429,4.75,1,1,0,0,0,0,0,0,1
0,-0.3246819,-0.1920606,0.3015378,1,0.8571429,5,1,0,0,0,0,0,0,0,1
0,0.8802744,0.959394,0.6217735,1,0.8571429,4.75,1,1,0,0,0,0,0,1,0
0,0.683376,-1.009845,0.3028512,0,0.2857143,4.5,1,1,1,0,0,0,0,0,1
0,0.7093704,-0.4129563,0.3490682,1,1,5,1,1,0,0,0,0,1,0,0
0,0.3602999,0.8229769,0.6211168,1,0.5714286,5,1,1,0,0,0,0,1,0,0
0,-0.3822008,-0.3707998,0.3490682,0,0.7142857,4.75,1,0,0,0,0,0,0,0,0
0,-0.1789336,-0.0890676,-0.1963423,1,1,5,1,1,0,0,0,0,0,0,1
1,-0.3664385,0.3959297,-0.6083553,1,0.8571429,4.75,1,0,0,0,0,0,0,0,1
1,0.7511271,-0.4042238,-0.243216,0,0.8571429,4.75,1,1,0,0,0,0,0,0,1
0,-0.2081124,0.92597,0.0294892,1,0.8571429,4.5,1,0,0,0,0,0,1,0,0
1,-0.4570137,-0.736845,-0.5621383,1,0.8571429,4.75,1,0,0,0,0,1,0,0,1
1,-0.581445,-1.300309,-2.384551,1,0.8571429,4.25,1,0,0,0,0,0,0,0,1
0,-1.997243,-0.3707998,-1.839141,1,0.8571429,3.75,1,0,0,0,0,0,1,0,0
1,-0.3664385,0.2260886,0.0294892,1,1,5,1,1,0,1,0,0,1,0,0
0,-0.8060842,0.0473494,-0.7873131,1,0.8571429,4,1,0,0,0,0,0,0,0,1
0,0.6676137,0.2260886,-1.20064,1,1,5,1,1,0,0,0,0,1,0,0
0,0.8960367,-2.400875,-1.473345,1,1,4.5,1,1,0,0,0,0,0,0,1
0,-0.3664385,-0.3373757,0.076363,0,0.8571429,4.75,1,0,0,0,0,0,1,0,0
0,-2.424311,-0.0890676,-0.2425593,0,0.8571429,4.5,1,0,0,0,0,0,1,0,0
1,-0.3790164,0.2260886,-1.246857,1,0.8571429,5,1,0,0,0,0,0,0,0,1
1,-0.3246819,-0.3707998,0.0294892,1,0.8571429,4.25,1,1,0,0,0,0,0,0,1
0,-0.3664385,-1.112838,-0.2425593,0,0.8571429,4.25,1,1,0,0,1,0,1,0,0
1,-0.3664385,-0.3707998,-0.2894331,1,0.8571429,4.5,0,0,0,0,0,0,1,0,0
0,-1.034507,0.2260886,-0.2894331,1,0.7142857,4,1,0,0,1,0,0,0,1,0
0,0.8417022,-0.0556436,-0.2425593,1,1,5,1,1,0,0,0,1,0,1,0
1,-0.3822008,-0.3707998,-1.20064,1,0.8571429,4,1,0,0,0,0,1,0,0,1
0,-0.2081124,0.2260886,0.0294892,0,0.8571429,5,1,0,0,0,0,0,1,0,0
0,0.4406288,-2.451764,0.0301459,1,0.4285714,5,1,1,0,1,0,0,1,0,0
1,-0.4365353,-0.5159492,-1.246857,1,0.8571429,3,1,1,0,0,0,0,0,1,0
1,0.8960367,1.001551,0.0308026,1,1,4.25,1,1,0,1,0,0,0,0,1
0,0.1409581,0.2260886,-0.5621383,1,0.8571429,4.25,1,1,0,0,0,0,0,0,1
0,-0.420773,1.241126,-0.2438727,1,0.2857143,5,1,1,0,0,0,0,0,1,0
0,-0.3246819,0.2260886,-0.5621383,1,0.7142857,4.25,1,0,0,0,0,0,1,0,0
1,0.7668893,-0.4042238,-2.384551,1,0.8571429,3.5,1,0,1,0,0,0,0,1,0
0,-0.8773319,-1.112838,-0.5621383,0,1,4.25,1,1,0,0,0,0,0,1,0
0,0.9252155,-0.7281125,-1.520219,1,1,5,1,1,0,0,0,0,1,0,0
1,-1.008513,-0.9676881,-1.473345,1,1,4.5,1,1,0,0,0,0,1,0,0
1,-0.3664385,-0.0890676,0.076363,1,1,5,1,0,0,0,0,0,0,0,1
1,-0.8930941,-0.0890676,-0.5614816,1,1,4,1,0,0,0,0,0,0,0,1
1,0.2890522,0.2260886,-0.2425593,1,0.8571429,4.75,1,1,0,0,0,0,0,0,1
1,0.3445376,0.2260886,-0.8348436,0,0.8571429,4.5,1,1,0,0,0,0,1,0,0
0,-0.3947787,-1.112838,0.076363,1,0.7142857,4.5,1,0,0,0,0,0,0,0,1
0,-1.413069,-1.854875,-1.745393,0,0.5714286,5,1,1,0,0,1,0,0,0,1
0,-1.175852,-1.427994,-0.1963423,1,0.5714286,5,1,0,0,0,0,0,0,0,1
1,-0.3664385,-0.0556436,-2.384551,0,1,5,1,1,0,0,0,0,1,0,0
0,-0.3664385,0.5412448,0.3490682,1,1,4.75,1,0,0,0,0,0,0,1,0
0,0.8542801,-0.0890676,1.260275,1,0.8571429,4.25,1,1,0,0,0,0,1,0,0
0,-1.955487,1.565015,0.9406958,1,0.7142857,5,1,0,1,0,0,0,0,1,0
0,-0.3664385,-0.6859559,0.6686472,1,0.4285714,4.75,1,0,0,0,0,0,1,0,0
0,-0.2238747,-0.5159492,0.9406958,1,0.5714286,4.5,1,1,0,0,0,0,0,0,1
1,-1.428831,0.0051929,0.7148643,0,1,5,1,1,0,0,0,0,0,0,1
0,-0.3664385,-1.709726,0.3490682,1,1,5,1,1,0,0,0,0,0,0,1
1,-1.428831,-0.788949,0.395942,1,0.8571429,3.75,1,0,0,0,0,0,0,0,1
0,-0.5373425,0.2260886,0.6679905,0,0.8571429,4.5,1,1,0,0,1,0,0,0,0
0,0.4823854,-0.3286432,0.6679905,0,0.4285714,4.75,1,1,0,0,0,0,1,0,0
0,0.8542801,-0.0978001,1.260275,1,0.8571429,5,1,0,0,0,0,0,1,0,0
1,0.2019738,-0.6859559,0.6217735,0,1,4.25,1,1,0,0,0,1,0,0,0
0,-0.3664385,-0.0978001,0.9875695,1,1,4.5,1,0,0,0,0,0,1,0,0
0,-0.7800898,-0.0556436,0.6686472,0,0.8571429,4.75,1,0,0,0,0,0,1,0,0
0,0.8542801,-0.0556436,0.6217735,1,0.8571429,5,1,1,0,0,0,0,0,0,1
0,-0.3664385,1.249859,0.6679905,0,0.8571429,5,1,0,0,0,0,0,0,0,1
1,0.8385177,-0.5495389,0.6679905,1,0.8571429,4.75,1,0,0,0,0,0,1,0,0
0,-0.3664385,0.959394,0.9875695,1,1,4.5,1,0,0,0,0,0,0,0,1
0,0.8542801,-2.127875,1.260275,1,0.7142857,5,1,1,0,0,0,0,0,0,0
0,0.8259399,0.2260886,0.9406958,1,0.8571429,5,1,0,0,0,0,0,0,0,1
0,0.8960367,1.249859,0.9406958,0,1,4.75,1,1,0,1,0,0,1,0,0
0,-1.855899,-1.39457,0.3490682,0,0.8571429,4.5,1,0,0,0,0,0,0,0,1
0,0.0992015,-0.3707998,0.3490682,1,0.4285714,4.75,1,1,0,0,0,0,1,0,0
0,0.8417022,-0.0978001,0.3490682,1,0.8571429,4,1,1,0,1,0,0,0,1,0
0,-0.3664385,-0.0890676,0.3490682,1,0.5714286,4.25,1,0,0,0,0,0,1,0,0
1,-0.3664385,-0.5072168,0.3490682,1,0.8571429,4.75,1,0,0,0,0,0,1,0,0
0,0.1862115,-0.3795322,0.6679905,0,0.7142857,4.75,1,1,0,0,0,0,0,0,1
0,0.8960367,-0.0890676,1.260275,1,0.4285714,4.75,1,1,0,0,0,0,0,0,1
1,0.8542801,1.565015,0.3490682,1,0.7142857,4.5,1,1,0,0,0,0,0,0,1
0,-0.2081124,-0.0890676,0.9875695,1,0.8571429,4.5,1,0,0,0,0,0,0,0,0
0,0.7999455,-0.0556436,0.3490682,0,1,5,1,0,0,0,1,0,0,1,0
0,0.8542801,-0.6338519,0.6217735,0,0.8571429,5,1,1,0,0,0,0,0,0,1
0,-0.2285907,-0.736845,1.260275,0,0.8571429,5,1,1,0,0,0,0,0,0,1
0,-0.1797722,0.2260886,0.9406958,0,0.4285714,5,1,1,0,0,0,0,0,0,1
0,0.8417022,1.249859,0.9406958,1,1,5,1,1,0,0,0,0,1,0,0
0,0.8542801,0.1839321,0.3484115,0,0.8571429,4.5,1,0,0,0,0,0,0,0,1
0,0.2279681,-0.6612644,0.3490682,1,0.5714286,4.75,1,1,0,0,0,0,1,0,0
1,-1.374496,-0.0890676,0.3952852,1,1,5,0,1,0,0,0,1,0,0,1
0,-0.2238747,0.2260886,0.6679905,0,1,4.75,1,0,0,0,0,0,1,0,0
0,0.1862115,0.2260886,1.260275,1,0.7142857,4.5,1,1,0,0,0,0,0,0,1
0,0.9062688,1.565015,1.260275,1,0.7142857,5,1,1,0,0,0,0,1,0,0
1,-0.3664385,-0.0890676,0.9875695,0,0.8571429,4.25,1,0,0,0,0,0,1,0,0
0,0.8542801,-0.6946884,1.260275,1,1,5,1,0,1,0,0,0,1,0,0
0,0.3433867,-0.3795322,0.9406958,1,1,4.75,1,1,0,0,0,0,0,1,0
0,0.8960367,0.6442378,0.9875695,0,0.5714286,4.75,1,1,0,0,0,0,0,0,1
0,-0.3246819,-2.451764,1.260275,1,1,5,1,1,0,0,0,0,1,0,0
0,0.8960367,-1.070681,0.6686472,1,0.1428571,4.5,1,1,0,0,0,0,1,0,0
1,-0.2081124,0.2260886,0.9413525,0,0.7142857,5,1,1,1,0,0,0,0,0,0
0,0.8385177,1.565015,1.260275,0,1,4.75,1,0,0,0,0,0,1,0,0
0,-0.3664385,0.0809391,0.3490682,1,0.8571429,4.5,1,0,0,0,0,0,0,0,1
0,-0.3664385,1.283283,1.260275,1,0.8571429,4.75,1,0,0,0,0,0,1,0,0
1,0.8542801,0.0139254,0.6679905,1,0.7142857,5,1,1,0,0,0,0,0,0,1
0,0.8960367,-1.803986,0.3490682,0,1,5,1,1,0,0,0,0,1,0,0
0,-1.532823,0.2260886,0.9413525,1,0.8571429,4.75,1,1,0,0,0,0,1,0,0
0,0.3571154,1.283283,-0.6083553,1,1,4.75,1,1,0,0,0,1,0,0,1
1,-1.506828,0.0895059,0.0301459,1,0.5714286,4.25,1,0,0,0,0,0,0,0,0
0,0.3728777,0.2260886,-0.2425593,0,0.2857143,5,1,0,0,1,0,0,0,0,1
0,-0.2829252,0.5412448,-0.0167278,0,0.8571429,5,1,0,0,1,0,0,0,0,1
0,-1.416253,-1.154994,-0.5621383,1,0.7142857,5,1,0,0,0,1,0,0,0,0
0,-0.1923501,0.2682451,-1.29373,0,0.7142857,4.75,1,1,0,0,1,0,0,0,1
1,-1.602919,0.2260886,-1.246857,1,0.5714286,5,0,0,0,1,0,0,0,1,0
1,-2.087818,-0.4042238,-0.5614816,1,0.8571429,4.25,1,1,0,0,0,0,1,0,0
1,0.1149638,-1.154994,-1.20064,1,0.4285714,4.25,1,1,0,0,0,0,0,0,1
0,-0.1380156,0.1839321,-0.2894331,1,1,4.75,1,0,0,0,0,0,1,0,0
0,-1.501298,-1.173674,-0.5159213,1,0.7142857,3.75,1,1,0,0,0,0,0,0,1
0,-0.3979631,-0.4042238,-0.0154144,1,0.5714286,5,1,1,0,0,0,0,0,1,0
0,-1.51706,0.2260886,-0.2894331,0,0.7142857,4.75,1,1,0,0,1,0,0,0,1
0,-1.532823,-0.0556436,-0.2425593,1,0.7142857,2.75,1,0,0,0,1,0,0,0,0
0,-0.9190885,0.2260886,-0.2425593,1,0.4285714,5,1,0,0,0,1,0,1,0,0
0,-0.3664385,-0.0035396,-0.6090121,0,0.5714286,5,1,0,0,0,0,0,0,0,1
1,-0.3979631,0.1839321,-0.9285911,1,1,4.5,1,0,1,0,0,0,0,0,1
0,-0.3979631,-1.888299,0.0301459,1,0.2857143,5,1,1,0,0,1,0,0,1,0
1,-0.9190885,-0.0890676,0.0301459,0,0.7142857,5,1,0,0,1,0,0,0,0,0
0,-0.420773,-0.0890676,-0.2425593,1,0.4285714,4.5,1,0,0,0,0,0,0,0,1
0,-0.2829252,-0.5159492,-0.6076986,1,0.7142857,5,1,1,0,0,0,1,0,0,1
0,0.8542801,-0.0978001,-0.5621383,1,0.8571429,5,1,0,0,0,1,0,0,0,0
0,0.8834589,-0.3286432,0.0301459,1,0.1428571,5,1,1,0,0,0,0,0,0,1
1,-0.5247647,0.2260886,-1.473345,1,0.7142857,5,1,1,0,0,1,0,0,0,1
0,0.2732899,1.565015,-0.2425593,1,0.7142857,4.5,1,0,0,1,0,0,0,0,1
0,0.240546,1.565015,-0.2887764,1,0.8571429,5,1,1,0,1,0,0,0,0,1
0,-0.3664385,-0.7281125,-0.5621383,0,0.5714286,3,1,0,0,0,1,0,1,0,0
0,0.1862115,0.2260886,0.0294892,1,0.7142857,5,1,1,0,1,0,0,1,0,0
0,-1.587157,-0.0890676,-1.20064,0,0.1428571,4.25,0,0,0,0,1,0,0,0,0
0,-0.8615696,0.2260886,-0.562795,0,0.7142857,5,1,1,0,0,1,0,0,1,0
0,-0.8761809,-0.7281125,-0.5608249,0,0.8571429,5,1,0,0,1,0,0,0,1,0
1,0.1692983,-0.0890676,-1.20064,1,0.8571429,4.5,1,0,0,1,0,0,0,1,0
1,0.8417022,1.565015,-0.2894331,1,0.5714286,5,1,1,0,1,0,0,0,0,1
0,-0.3664385,0.5499773,-0.6083553,1,1,3,0,0,0,0,0,0,0,0,0
0,-0.3664385,-0.4129563,-0.9285911,1,1,4.75,1,1,0,0,1,0,0,0,0
1,-1.907902,-1.207098,-0.2894331,1,0.7142857,4.75,1,0,0,0,1,0,0,1,0
0,0.2145516,0.5165532,-0.8810606,1,0.2857143,5,1,1,0,1,0,0,0,0,1
1,0.6518515,0.2260886,0.0301459,1,0.8571429,5,1,0,1,0,0,0,0,0,1
0,-0.5373425,0.6108137,-0.243216,0,0.1428571,4.5,1,1,0,0,0,0,0,0,1
1,-2.714969,0.8229769,-2.064972,1,0.8571429,4,1,0,0,0,0,1,0,0,1
0,-0.3664385,-0.4129563,0.0294892,0,1,5,1,1,0,0,1,0,0,0,1
0,-0.4081952,-2.170032,-0.2894331,0,0.2857143,4.5,0,1,0,1,0,0,0,0,0
0,-0.8355752,-0.0890676,-2.384551,1,1,4.5,1,1,0,1,0,0,0,0,1
0,-0.2986875,-0.4129563,0.0301459,1,0.8571429,4.75,1,0,0,0,0,0,0,1,0
0,0.2122058,0.5499773,0.0301459,1,0.8571429,4.5,1,0,0,0,0,0,0,0,1
0,-0.483008,-0.6946884,-0.2894331,0,0.8571429,5,1,1,0,1,0,0,0,0,1
1,-0.3664385,-1.615465,-0.6083553,1,0.8571429,4.25,1,1,0,0,0,0,0,1,0
0,0.2019738,-0.3707998,-0.2887764,1,0.7142857,4.25,1,1,0,0,0,0,1,0,0
0,-1.33274,-0.3707998,-0.243216,1,0.7142857,4.75,1,0,0,0,0,1,0,0,1
0,-1.05142,0.3290816,0.0294892,1,0.8571429,4.25,1,1,0,0,0,0,0,1,0
0,-0.3979631,-0.6946884,-0.5152646,1,0.8571429,2.75,1,0,0,0,0,0,0,0,1
0,-1.131749,0.2260886,-0.243216,0,0.7142857,5,1,1,0,0,1,0,0,0,0
0,-0.3664385,-0.6946884,0.0301459,0,0.2857143,5,1,1,0,0,1,0,0,0,0
0,-0.3664385,-0.6946884,0.0294892,1,1,4,1,1,0,0,0,1,0,0,0
0,-1.428831,-0.4129563,-1.519562,0,0.7142857,4.75,1,0,0,0,1,0,0,1,0
0,0.1444548,0.9681265,-0.5614816,1,0.5714286,5,1,1,0,0,0,0,0,0,1
1,0.6801916,0.6442378,0.0294892,1,0.8571429,4.5,1,0,0,0,0,0,1,0,0
0,-0.4365353,0.2260886,-0.2887764,1,0.8571429,5,1,0,0,0,1,0,0,0,0
0,0.8542801,1.565015,-1.106235,1,0.7142857,5,1,1,0,0,0,0,0,0,1
0,-0.3979631,0.2260886,-0.2887764,1,0.8571429,4.5,1,0,0,0,0,0,0,0,0
1,-1.548585,-0.0890676,-0.5621383,0,0.8571429,4.5,1,0,0,1,0,0,0,0,1
1,0.8645121,0.8317094,-1.520219,1,0.7142857,4.25,1,0,0,0,0,0,1,0,0
0,-1.413069,0.5834013,-0.1963423,0,0.5714286,4,1,0,0,0,0,0,1,0,0
1,-0.5271105,-0.5159492,-1.839141,1,0.7142857,3.5,1,0,0,0,1,0,0,0,0
0,-1.217608,-0.8311055,-0.8348436,1,0.4285714,5,1,0,0,1,0,0,0,0,0
1,-0.3687843,0.2260886,-1.20064,1,0.8571429,4,1,0,0,0,1,0,0,0,1
0,0.4146344,0.2260886,-0.2894331,1,0.8571429,4.75,1,1,0,0,1,0,0,0,1
0,-1.761245,-0.0890676,0.076363,1,0.8571429,4.75,1,0,0,0,1,0,0,0,0
0,0.8417022,0.6863943,1.260275,1,0.4285714,5,1,1,0,0,0,0,0,0,1
0,0.3602999,1.249859,0.9875695,1,0.7142857,4.75,1,0,0,1,0,0,0,0,1
0,0.2732899,-0.1920606,1.260275,0,0.5714286,5,1,1,0,0,0,0,0,0,0
0,-0.2081124,-0.4129563,0.3490682,1,0.8571429,5,1,0,0,0,0,1,0,1,0
0,-1.471738,0.2260886,0.6224302,1,1,4.5,0,1,0,0,0,0,0,0,1
0,-0.2081124,-0.3707998,0.076363,1,1,5,1,1,0,0,0,0,0,0,0
0,-0.715509,0.2260886,0.9875695,1,1,5,1,0,0,0,1,0,0,1,0
1,0.7794672,-0.5159492,0.3490682,1,0.8571429,4.25,1,1,0,1,0,0,0,0,0
0,0.2575276,0.3712381,0.6686472,0,0.8571429,4.5,1,0,0,0,1,0,0,1,0
0,0.8542801,1.283283,0.6679905,0,1,4.75,1,1,0,0,0,0,1,0,0
0,-1.571395,0.2260886,0.3490682,0,0.7142857,5,1,0,0,0,1,0,0,1,0
0,-0.3822008,-0.3707998,1.260275,0,0.5714286,4.5,1,0,0,1,0,0,0,1,0
0,-0.9190885,0.6442378,0.9875695,1,0.8571429,4.75,1,1,0,0,1,0,1,0,0
1,-0.3822008,-1.154994,0.3490682,1,0.8571429,4.5,1,0,0,1,0,0,0,0,0
0,0.8960367,-0.8311055,0.3490682,0,0.7142857,4.75,1,0,0,0,0,0,0,0,1
0,0.8542801,1.565015,0.3490682,0,1,5,0,1,0,1,0,0,0,0,1
0,-0.5405269,-1.615465,0.9413525,0,1,3.75,1,0,0,0,0,0,0,0,1
0,0.8542801,1.565015,0.6679905,1,0.8571429,5,1,1,0,0,0,0,1,0,0
0,0.8542801,0.3625056,1.260275,1,1,4.5,1,1,0,0,0,0,0,0,1
0,-0.8478408,-0.0978001,0.3490682,1,1,4.5,1,1,0,1,0,0,0,1,0
0,0.8802744,1.283283,1.260275,1,0.8571429,5,1,0,0,0,0,1,0,0,1
0,0.7093704,-0.9676881,1.260275,1,1,4.5,1,1,0,0,0,0,1,0,0
1,-1.105755,-0.6102098,0.3490682,1,0.8571429,2.5,1,0,0,0,0,0,0,0,1
0,-0.1923501,0.2260886,0.6217735,0,0.8571429,5,1,0,0,1,0,0,0,0,0
0,-0.3687843,-1.018577,0.0770197,1,0.7142857,4.75,1,0,1,0,0,0,1,0,0
0,0.683376,0.2595126,0.3490682,0,0.8571429,5,1,0,0,0,0,0,1,0,0
0,-0.2081124,0.9681265,1.260275,1,0.8571429,4.75,1,0,0,0,1,0,0,0,1
1,-0.3246819,-0.4737927,0.9875695,1,0.7142857,4.75,1,0,0,0,0,0,0,0,1
0,0.2437304,0.2682451,0.3490682,1,0.4285714,4.25,1,1,0,1,0,0,1,0,0
0,0.7251327,-0.0978001,1.260275,0,0.7142857,5,1,1,0,0,1,0,0,0,0
0,0.2019738,0.5412448,0.076363,0,0.7142857,5,1,1,0,0,0,1,0,0,0
1,0.8542801,1.565015,0.3490682,1,0.4285714,5,1,1,0,0,0,1,0,0,0
0,0.6518515,0.2260886,0.6679905,1,1,4.5,1,1,0,0,0,0,0,0,1
0,0.30163,0.1926646,0.3021945,0,0.5714286,5,1,1,0,1,0,0,0,0,1
0,-0.3664385,-0.0890676,0.6679905,0,0.7142857,4.75,1,1,0,0,0,0,0,1,0
0,-0.8060842,0.2260886,0.3490682,1,0.4285714,5,1,0,0,0,1,0,0,0,0
0,-0.5531048,-0.0978001,0.3490682,1,0.8571429,4.75,1,0,0,1,0,0,0,0,0
0,0.3862942,0.2260886,0.395942,1,0.8571429,4.5,1,0,0,0,0,0,0,0,1
0,-0.2829252,-0.4042238,0.3490682,0,0.8571429,5,0,0,0,0,0,0,1,0,0
0,-0.3664385,-0.3795322,1.260275,0,0.8571429,5,1,1,0,1,0,0,0,1,0
0,0.3988721,1.565015,0.6686472,1,0.8571429,5,1,0,0,0,1,0,0,1,0
0,0.4146344,-0.4129563,0.3028512,0,0.8571429,5,1,1,0,0,1,0,0,0,1
0,0.8417022,0.5078208,0.6679905,0,1,4.5,1,0,0,1,0,0,0,0,1
0,0.8542801,-1.112838,0.9413525,1,1,4.5,1,1,0,0,0,0,0,1,0
0,0.8542801,-0.3620673,0.6679905,0,1,5,1,1,0,0,1,0,0,0,1
1,0.221287,0.3203491,0.6217735,1,1,4.25,1,0,0,0,0,0,0,0,0
0,0.2437304,0.2260886,0.3490682,0,0.8571429,4.5,1,0,0,1,0,0,0,0,1
1,-0.6895146,0.8317094,0.3497249,1,0.2857143,4.5,1,1,0,1,0,0,0,0,1
0,0.8542801,0.2260886,0.9406958,0,0.2857143,5,1,0,0,0,0,0,1,0,0
0,-1.561163,-0.8311055,0.6686472,1,0.4285714,4.5,1,0,0,1,0,0,0,0,1
0,0.2385809,-1.240688,0.9875695,0,0.4285714,4,1,0,0,0,0,0,0,0,0
0,0.8542801,0.2260886,0.6679905,0,0.5714286,5,1,0,0,0,0,0,0,1,0
0,-0.3404441,-0.0556436,0.3490682,1,0.8571429,4.75,1,0,0,0,0,0,1,0,0
0,-2.595215,-0.5072168,0.076363,0,0.4285714,4.25,1,0,0,0,1,0,0,1,0
0,0.8542801,1.565015,0.3490682,1,0.4285714,5,1,1,0,0,0,0,0,0,1
0,0.1117793,1.249859,0.3490682,0,1,4.75,1,1,0,0,0,0,0,0,0
0,-0.5405269,0.5078208,0.3490682,0,1,3.75,1,1,0,0,1,0,1,0,0
0,-0.2829252,-1.052001,1.260275,1,1,4.5,1,1,0,1,0,0,0,0,0
0,0.436845,0.5499773,0.0757063,0,1,4.5,1,1,0,0,0,0,0,0,0
0,-0.312104,0.1839321,0.6679905,0,0.4285714,5,1,1,0,0,0,0,0,0,0
0,-1.400491,-0.8311055,0.076363,1,0.7142857,5,1,0,0,0,0,0,0,0,1
0,0.8542801,1.565015,0.3490682,1,1,5,1,0,0,0,0,0,0,0,1
1,-0.5665213,-0.7281125,0.6679905,1,0.5714286,4.75,1,0,0,0,0,0,0,1,0
0,-0.9506131,-0.0222195,0.3490682,0,0.8571429,4.75,0,1,0,0,0,0,0,0,1
0,-0.4570137,-0.0556436,0.3490682,1,1,5,1,0,0,0,1,0,1,0,0
0,-0.5790992,1.565015,0.3952852,0,1,4.75,1,0,0,0,1,0,0,0,0
0,0.1862115,-0.1920606,0.6679905,1,0.2857143,4.75,1,0,0,0,1,0,0,0,0
0,0.3150466,-0.0890676,0.3490682,1,0.7142857,4.75,1,1,0,0,0,0,0,0,0
0,-0.3947787,0.2260886,0.6679905,1,0.4285714,5,1,0,0,1,0,0,0,0,1
0,0.6967925,0.5412448,0.9875695,1,1,3.5,1,0,0,0,0,0,0,0,1
0,-0.3664385,-0.1920606,0.6686472,1,0.4285714,4.75,1,0,0,0,0,0,0,1,0
0,-0.3947787,-0.0978001,0.076363,0,0.4285714,4.5,1,0,0,0,0,1,0,1,0
0,-0.7765247,-0.4737927,0.6679905,0,0.5714286,5,1,1,0,0,0,0,1,0,0
1,-0.2081124,-0.7281125,0.6686472,1,0.7142857,4.75,1,0,0,0,0,0,1,0,0
0,0.8960367,1.565015,1.260275,0,0.4285714,4.75,1,0,0,0,0,0,1,0,0
0,-1.21617,1.565015,1.260275,1,0.4285714,5,1,0,0,0,0,0,0,1,0
0,0.8542801,-0.6946884,0.6679905,1,0.8571429,4.75,1,0,1,0,0,0,1,0,0
0,0.8542801,0.9681265,-0.8817173,0,1,4.5,1,1,0,0,0,0,0,0,1
1,0.8960367,-0.0556436,-0.2894331,1,1,5,1,1,0,0,0,0,0,0,1
1,0.0582835,0.2260886,-0.6090121,1,0.8571429,4.5,1,0,0,0,0,0,0,0,0
0,-0.3664385,-0.0556436,-0.8355003,1,1,4.25,1,1,0,0,0,1,1,0,0
1,0.8542801,0.9347024,-0.6083553,1,0.8571429,5,1,0,0,0,0,0,0,0,0
1,0.2019738,-0.2765392,-0.5621383,1,0.8571429,4.75,1,1,0,0,0,1,0,0,1
0,0.8676965,-0.8311055,-0.5621383,1,1,4.75,1,1,1,0,0,0,0,0,1
0,-0.0717025,-0.5072168,-0.562795,1,1,4,1,1,1,0,0,0,1,0,0
1,-0.3372597,0.3203491,-1.29373,1,1,5,1,1,0,0,0,0,0,0,0
0,-0.3246819,0.2260886,-0.243216,1,1,1.75,1,0,0,1,0,0,1,0,0
1,-0.3664385,0.2260886,-0.243216,1,0.5714286,5,1,1,0,0,0,0,0,0,1
1,-0.3664385,-1.070681,-1.20064,1,1,3.5,1,1,0,0,0,0,0,0,1
0,-0.5928279,1.283283,-0.2894331,0,0.7142857,4.75,1,0,1,0,0,0,0,1,0
0,0.0708613,0.1839321,-0.243216,1,0.8571429,4.75,1,0,0,0,1,0,0,0,1
1,-0.8174427,-0.5072168,-2.384551,1,0.8571429,4.25,1,0,0,1,0,0,0,0,1
0,-1.41975,-0.0556436,-0.8348436,1,0.8571429,4.5,1,0,0,0,0,0,0,1,0
0,0.6810303,0.3290816,-1.473345,1,1,4.75,1,0,1,0,0,0,1,0,0
0,0.1567204,-0.0890676,-0.8817173,0,0.7142857,4.75,0,1,1,0,0,0,0,0,1
0,0.8417022,1.565015,-1.154423,0,0.7142857,5,1,0,1,0,0,0,1,0,0
0,0.30163,0.5499773,-0.8348436,1,0.5714286,4.5,1,1,0,0,0,0,0,0,1
0,-0.3664385,-0.9676881,-2.111846,1,0.7142857,5,1,0,0,0,0,0,1,0,0
1,-0.905672,0.92597,-2.384551,1,0.8571429,4.5,1,1,0,0,0,0,0,0,1
1,0.2744408,1.565015,-0.2894331,0,1,4.75,1,0,1,0,0,0,1,0,0
0,0.6676137,1.565015,-0.0167278,1,0.7142857,4.5,1,1,0,1,0,0,0,0,1
0,-0.3246819,-1.709726,-0.243216,1,0.7142857,5,1,1,0,0,0,0,0,0,1
0,0.8960367,0.6108137,-0.9748081,1,0.7142857,3.75,1,1,1,0,0,0,0,0,1
0,0.8960367,-0.0978001,-0.2894331,0,0.7142857,4.75,1,1,0,1,0,0,1,0,0
1,-1.571395,-0.3707998,-0.8810606,1,0.4285714,3.5,1,0,0,0,0,0,0,0,0
0,-0.3947787,-0.0890676,-0.2425593,0,0.7142857,5,1,1,0,0,0,0,1,0,0
0,0.8542801,1.565015,-0.5614816,0,1,4.75,1,0,0,0,0,0,0,0,1
0,-2.382554,-0.013487,-2.384551,1,0.7142857,4,1,1,1,0,0,0,0,0,1
1,-0.2951908,0.5499773,-1.519562,0,0.5714286,5,1,0,0,0,1,0,0,0,1
0,-0.3664385,-0.0556436,-0.9279343,1,1,5,1,1,0,1,0,0,0,0,0
0,0.2358686,0.92597,-0.1963423,1,0.7142857,4.5,1,1,0,0,0,0,0,0,0
1,-0.3664385,-0.4042238,-0.5152646,1,0.7142857,4.5,1,0,0,0,0,0,0,0,1
0,0.597517,1.565015,-0.1963423,0,0.8571429,4.75,1,0,1,0,0,0,1,0,0
0,0.6676137,0.6442378,-0.5621383,0,1,5,1,1,0,0,1,0,1,0,0
1,0.8542801,0.8229769,-2.384551,0,0.7142857,5,1,1,0,0,0,0,0,0,1
0,-0.7137768,0.6442378,-0.5159213,1,1,4.5,1,0,1,0,0,0,0,1,0
1,-0.3562064,0.2260886,-1.153766,0,0.8571429,5,1,0,0,0,0,0,0,0,1
1,0.8417022,1.565015,-0.5614816,0,1,5,1,1,0,0,0,0,1,0,0
1,-0.4333509,-0.6102098,-1.425814,0,1,4.25,1,0,0,0,0,0,1,0,0
0,0.3862942,-1.112838,-0.562795,0,1,4.75,1,0,0,0,0,0,1,0,0
0,0.8802744,1.241126,-0.243216,1,0.4285714,4.75,1,0,0,0,0,0,0,0,0
1,-0.2782092,-0.3373757,-1.108206,1,0.7142857,4.75,1,0,1,0,0,0,1,0,0
1,-0.3246819,0.2260886,-0.5621383,0,0.8571429,4.5,1,1,0,0,0,0,0,0,0
0,-0.3822008,1.565015,-1.566436,0,1,5,1,1,1,0,0,0,0,0,1
1,-0.2081124,-0.4042238,-0.9279343,1,1,4.75,1,1,0,0,0,0,1,0,0
0,0.8417022,-0.4551128,-1.20064,1,0.2857143,5,1,1,1,0,0,0,0,0,0
1,-0.3664385,0.2260886,0.9406958,1,1,4.75,1,0,0,0,0,0,0,0,1
0,0.8542801,-0.6946884,0.0294892,1,0.8571429,4.5,1,1,0,0,0,0,0,0,1
0,0.3862942,0.9681265,0.3490682,0,0.7142857,4.75,1,0,0,0,0,0,1,0,0
0,0.8417022,0.5499773,0.3484115,1,0.8571429,4.5,1,0,0,0,0,0,1,0,0
0,-0.3664385,0.2260886,0.3490682,1,0.7142857,4.5,1,1,0,0,0,0,0,0,0
1,-2.059478,-1.257987,0.0301459,1,1,5,1,1,0,0,0,0,1,0,0
1,0.8960367,-0.0556436,0.9875695,0,0.5714286,4.5,1,1,0,0,0,0,0,0,1
1,0.6676137,-0.5493733,0.3490682,1,0.8571429,5,1,1,0,0,0,0,1,0,0
1,0.30163,-0.6525319,0.3497249,1,1,5,1,1,0,0,0,0,1,0,0
0,0.3988721,-0.0890676,0.3490682,1,0.5714286,4.5,1,0,1,0,0,0,0,0,0
0,0.3862942,0.2260886,0.3490682,0,0.8571429,4.75,1,0,0,0,0,0,0,0,1
0,0.3445376,0.2260886,0.3952852,1,0.8571429,4.5,1,0,0,0,0,0,0,0,0
0,-0.1505934,-1.291577,0.0301459,0,0.7142857,4.75,1,1,1,0,0,0,0,0,1
1,0.8542801,0.2260886,0.6686472,0,1,4.75,1,0,0,0,0,0,1,0,0
0,-0.5373425,0.2260886,0.076363,1,0.8571429,5,1,1,0,0,0,0,0,0,0
0,-1.571395,-0.3707998,0.3484115,1,0.5714286,3.75,0,1,0,0,0,0,0,0,1
0,-0.8919432,0.3712381,0.3490682,1,0.8571429,5,1,0,1,0,0,0,0,0,1
1,-0.3664385,0.2260886,0.0294892,0,0.8571429,5,1,1,0,0,0,0,0,0,1
0,-0.3664385,0.9681265,0.3490682,1,1,4.25,1,0,0,0,0,0,0,0,1
1,-0.2829252,-1.240522,0.3490682,1,1,4.5,1,0,0,0,0,0,0,0,1
1,0.8417022,0.5078208,0.3490682,1,0.7142857,4.75,1,1,0,0,0,0,0,0,1
0,0.8542801,0.2260886,1.260275,1,0.7142857,5,1,0,0,0,0,1,0,0,0
0,0.8802744,1.565015,0.3484115,1,0.8571429,3.75,1,1,0,0,0,0,0,0,1
1,0.0086263,-0.0890676,0.3490682,0,0.8571429,4.25,1,1,0,0,0,0,0,0,1
1,0.8960367,0.9681265,0.9413525,1,0.7142857,5,1,1,1,0,0,0,1,0,0
1,0.8542801,0.959394,1.260275,1,0.8571429,4.5,1,1,0,0,0,0,1,0,0
0,0.8542801,0.1318281,0.9413525,1,0.5714286,4.5,1,0,0,0,0,1,0,0,1
1,-0.9316664,-0.3707998,0.076363,0,0.4285714,4.75,1,1,0,1,0,0,0,0,1
0,0.8960367,-1.018577,0.9875695,1,0.8571429,4.5,1,0,0,0,0,0,1,0,0
0,0.8417022,-1.146262,0.3490682,1,0.8571429,4.75,1,1,0,0,0,0,1,0,0
0,-0.3822008,-0.5159492,0.0301459,1,0.7142857,4.75,1,1,0,0,0,0,0,0,1
0,0.6967925,1.565015,0.0757063,1,0.7142857,4.75,1,1,0,0,0,0,1,0,0
0,-0.6570964,-1.888299,0.0301459,1,0.4285714,1.5,1,1,0,0,1,0,0,0,1
0,-0.3664385,-0.0890676,0.3490682,1,0.7142857,4.25,1,1,0,0,1,0,1,0,0
1,-0.1663557,-0.3373757,0.0294892,1,0.7142857,5,1,1,0,0,0,0,0,0,1
1,0.1850606,-0.7281125,0.9413525,0,0.8571429,4.75,0,1,0,0,0,0,0,0,1
1,0.8542801,0.959394,0.9406958,0,1,4.75,1,0,0,0,0,0,0,0,1
0,0.8259399,0.6442378,0.3490682,0,0.8571429,5,1,0,0,1,0,0,1,0,0
0,0.8417022,1.249859,0.0294892,1,0.7142857,5,1,1,1,0,0,0,0,0,1
0,0.8542801,0.2260886,0.6679905,0,1,4.75,1,1,0,0,0,0,0,0,1
0,-0.8036699,-0.6612644,1.260275,1,0.7142857,5,1,0,0,0,0,0,1,0,0
0,0.8542801,1.565015,0.6686472,0,0.7142857,5,1,1,0,0,0,0,0,0,1
0,0.3728777,0.2260886,0.0301459,0,0.8571429,4.75,1,1,0,0,0,0,0,1,0
0,-0.3664385,0.2260886,0.0301459,0,1,4.25,1,1,0,0,0,0,1,0,0
0,0.8417022,-0.5072168,0.6679905,0,0.8571429,4.5,1,0,0,0,0,0,1,0,0
0,-0.3246819,-0.0978001,0.3028512,0,0.7142857,4.25,1,1,0,0,0,0,0,0,1
1,-0.8930941,-0.3707998,0.3490682,1,0.5714286,4,1,0,0,0,0,0,0,0,1
1,-0.3246819,-1.112838,0.3497249,0,0.5714286,4.5,1,1,0,0,0,0,1,0,0
0,-0.3664385,-0.4216887,0.9875695,1,0.8571429,4.75,1,0,0,0,0,0,1,0,0
0,0.8542801,0.2260886,0.9406958,1,0.7142857,4.5,1,0,0,1,0,0,0,0,1
0,0.8417022,-0.1920606,0.6679905,1,0.7142857,5,1,1,0,0,0,0,0,0,1
0,0.8417022,0.1839321,0.9875695,0,0.8571429,4.75,1,0,0,1,0,0,0,1,0
1,-0.3664385,0.2260886,0.6679905,0,0.8571429,5,1,0,0,0,0,0,1,0,0
0,-0.3246819,-0.3795322,0.0294892,1,0.8571429,4.75,1,0,0,0,0,0,0,0,1
0,0.8542801,0.30439,0.6679905,1,0.8571429,5,1,0,1,0,0,0,0,0,0
1,-0.5113482,-0.4129563,0.6679905,1,0.8571429,3.5,1,1,0,0,0,0,0,0,1
0,0.6676137,-0.9851531,0.3490682,0,0.8571429,4.75,1,1,0,0,0,0,1,0,0
1,-0.3664385,0.2260886,0.6679905,1,0.8571429,5,1,0,0,0,0,0,0,0,1
1,-0.5215802,-0.0978001,0.9406958,1,0.7142857,4.75,0,1,1,0,0,0,0,0,1
0,-0.3664385,0.2260886,0.6679905,0,1,4.5,1,1,0,0,0,0,0,0,0
0,-0.2081124,-0.0556436,0.6211168,0,0.8571429,4.5,1,0,0,0,0,0,1,0,0
0,-0.2081124,0.2260886,0.3490682,0,0.7142857,4.75,1,0,0,1,0,0,1,0,0
1,0.2890522,0.2260886,0.3490682,1,0.8571429,5,1,1,0,0,0,0,0,0,1
0,0.8960367,-0.0890676,1.260275,1,0.7142857,4.25,1,1,0,0,0,0,1,0,0
0,-0.3664385,0.2260886,0.3490682,0,1,5,1,0,0,0,0,0,0,0,1
0,0.8960367,0.2260886,0.3490682,0,1,5,1,1,0,0,0,1,0,0,0
0,0.1409581,-0.4129563,0.0757063,0,0.5714286,5,1,0,0,1,0,0,1,0,0
0,0.3988721,0.6020813,0.9875695,1,1,4.75,1,0,0,0,0,0,0,0,1
0,-0.3664385,0.2260886,0.9875695,1,1,4.75,0,0,0,0,1,0,0,0,1
1,0.8960367,0.2260886,1.260275,0,0.5714286,5,1,0,0,0,0,0,1,0,0
0,0.8259399,-0.3707998,0.0757063,1,1,4.75,1,0,0,0,0,0,0,0,0
0,-0.3664385,0.2260886,0.9875695,0,0.7142857,4.5,1,0,0,0,0,0,0,0,1
1,-0.6489089,1.283283,0.0301459,1,1,5,1,1,1,0,0,0,0,0,1
1,0.8542801,0.2260886,0.3490682,1,0.8571429,5,1,1,0,0,1,0,1,0,0
0,0.8960367,0.92597,0.6679905,0,0.8571429,4.75,1,1,0,0,0,0,0,0,1
1,0.3728777,0.2260886,1.260275,1,0.8571429,5,1,1,0,0,0,1,0,0,0
0,0.3445376,0.2260886,0.076363,1,0.4285714,4.5,1,0,0,1,0,0,0,0,1
1,0.683376,1.565015,0.3490682,1,0.7142857,4.25,1,1,0,0,0,0,0,0,1
0,0.8960367,1.249859,0.3490682,1,0.8571429,5,1,1,0,0,0,0,0,1,0
0,0.8960367,-0.4042238,1.260275,0,0.5714286,4.75,1,1,0,1,0,0,0,1,0
1,-0.2081124,0.2260886,1.260275,1,1,5,1,1,0,0,0,0,0,0,1
1,0.8417022,0.2260886,0.6686472,0,0.8571429,4.25,1,1,0,0,0,0,1,0,0
0,-0.2963417,-1.240522,0.3490682,1,0.5714286,4.75,1,1,0,0,0,0,1,0,0
0,0.8519343,0.3625056,0.3952852,0,0.7142857,4.75,1,0,0,0,0,0,1,0,0
0,0.3571154,0.5412448,0.3490682,1,0.7142857,5,1,0,0,0,0,0,0,0,1
1,-0.8478408,0.2260886,-0.5621383,0,1,4.75,1,0,0,0,1,0,1,0,0
0,-1.560567,-0.6523663,-0.836157,0,0.7142857,4,1,0,1,0,0,0,0,1,0
0,0.1862115,-0.0890676,-0.6083553,1,0.2857143,4.25,1,1,0,1,0,0,0,0,1
1,-0.5405269,0.5078208,-0.9279343,1,1,4.5,1,0,0,0,0,0,0,0,1
0,-0.3144498,0.2260886,-0.2425593,0,0.8571429,4.5,1,1,0,0,1,0,0,0,1
0,-0.1380156,0.2260886,-0.2894331,0,0.4285714,5,1,1,0,0,1,0,0,0,1
0,-0.3947787,-0.0890676,-0.8817173,0,0.7142857,5,1,0,1,0,0,0,0,0,1
0,-0.8376088,-0.3707998,-1.107549,1,0.7142857,3,1,0,1,0,0,0,0,0,0
1,0.683376,-0.4216887,-2.111846,1,1,4,1,1,0,0,0,1,1,0,0
1,0.456391,0.3378141,-0.8804039,1,1,4,1,1,0,0,0,0,1,0,0
0,0.683376,0.5499773,-0.0167278,0,0.4285714,5,1,1,1,0,0,0,0,0,1
0,0.7251327,-0.0890676,-0.9741514,1,0.8571429,5,1,1,0,0,1,0,0,0,1
0,-1.515841,0.2260886,-0.2425593,1,1,4.75,1,0,0,0,1,0,1,0,0
0,0.4146344,0.3378141,-1.29373,0,0.8571429,4.5,1,1,1,0,0,0,1,0,0
1,0.8960367,-0.4376478,-0.2425593,0,1,4.75,0,1,0,0,1,0,0,0,0
0,-0.3664385,0.2260886,-0.2894331,1,0.8571429,4,1,1,1,0,0,0,0,0,0
0,-0.3664385,-0.0890676,-0.5621383,1,1,4.25,1,1,0,0,1,0,0,0,0
1,-0.3822008,-0.0978001,-0.2425593,1,0.8571429,4,1,1,0,0,0,1,0,0,1
1,-0.6854366,-0.3707998,-2.384551,1,0.2857143,4.75,1,1,0,1,0,0,1,0,0
0,-0.8308591,1.565015,-2.384551,1,0.1428571,5,1,1,1,0,0,0,1,0,0
0,-0.8060842,0.2260886,-0.2894331,0,0.7142857,4.75,1,0,0,0,1,0,1,0,0
0,-1.498928,0.6442378,-0.8348436,0,1,4,1,0,0,0,1,0,0,0,0
0,0.0992015,0.6442378,-0.243216,1,0.8571429,5,1,0,0,1,0,0,0,0,1
1,-0.171886,0.6195462,-2.064972,1,0.1428571,4.75,1,0,0,0,1,0,1,0,0
0,0.6007014,-0.0890676,-1.106892,1,1,5,1,1,0,0,0,1,0,1,0
1,-0.5531048,0.2260886,-1.792924,1,0.8571429,4.5,1,0,0,0,1,0,0,0,1
0,-0.3246819,-0.0556436,-0.8348436,1,0.7142857,4.75,1,0,0,0,0,0,0,0,1
0,-0.6232016,-0.0978001,-0.5621383,0,0.7142857,4.75,1,1,0,0,1,0,1,0,0
1,-0.7257553,1.565015,-0.2894331,0,0,4.25,1,0,0,1,0,0,0,0,1
0,-0.3404441,-0.736845,-0.5621383,0,0.5714286,5,1,1,1,0,0,0,0,0,0
0,-0.2081124,-0.7976814,-0.0160711,1,0.7142857,4.5,1,1,0,0,1,0,0,0,1
1,-2.382554,-0.0978001,-0.9279343,1,0.8571429,4.5,1,0,0,0,1,0,0,0,1
0,0.3445376,-1.052001,-0.8348436,0,1,4.5,1,0,1,0,0,0,1,0,0
0,-0.3664385,0.2260886,-1.20064,1,0.8571429,5,1,1,0,0,1,0,0,0,1
0,-0.9927505,0.2260886,-1.154423,0,0.8571429,4.5,1,0,0,0,0,1,1,0,0
0,0.3988721,0.959394,-0.2900898,1,1,4.75,1,0,0,0,0,0,1,0,0
0,-0.4231188,0.2260886,-0.2419026,0,0.2857143,4.75,0,0,0,0,1,0,0,0,1
1,-0.2829252,-0.6102098,-1.566436,0,0.8571429,4.5,1,0,1,0,0,0,0,0,1
1,0.8542801,0.2260886,-0.9279343,1,0.7142857,5,1,1,0,0,1,0,0,0,0
0,-0.2081124,0.2260886,-0.9279343,0,0.8571429,4.25,1,1,0,0,1,0,0,0,1
0,0.8417022,0.9347024,-0.2887764,0,0.7142857,5,1,1,1,0,0,0,0,0,1
0,0.3602999,0.6442378,-0.243216,1,0.5714286,5,1,0,1,0,0,0,0,0,0
1,0.1952926,-0.788949,0.3028512,1,0.2857143,4.25,1,1,1,0,0,0,0,0,1
0,0.3276244,0.9681265,1.260275,1,1,4.25,1,1,0,0,0,0,0,0,1
0,0.8417022,-1.709726,0.9875695,1,0.7142857,4.75,1,0,0,0,0,1,1,0,0
0,0.6676137,-0.0978001,0.0301459,0,0.7142857,4.75,1,1,0,0,0,0,1,0,0
0,-0.3664385,-0.0556436,0.0301459,1,0.8571429,4.25,1,1,1,0,0,0,1,0,0
0,-0.2986875,0.2260886,0.076363,0,0.5714286,4.75,1,1,1,0,0,0,0,1,0
1,0.8905064,-0.3286432,0.9875695,1,0.2857143,4.75,1,0,1,0,0,0,0,0,1
1,-0.3246819,-0.4042238,0.3490682,0,0.8571429,4.75,1,1,0,1,0,0,0,0,1
0,0.3445376,-0.0890676,0.6686472,1,1,4.5,0,0,0,1,0,0,0,0,0
0,0.8417022,0.2260886,0.3490682,0,1,4,1,0,0,0,1,0,0,1,0
0,-0.9801726,-0.3373757,0.076363,1,0.8571429,4.75,0,0,0,0,0,0,1,0,0
0,-0.3144498,0.2260886,0.076363,1,0.4285714,4.75,1,0,0,0,0,0,1,0,0
0,0.8960367,0.0896716,1.260275,0,0.8571429,5,1,1,1,0,0,0,0,0,1
1,-0.3246819,-0.0556436,0.3952852,1,0.8571429,2.5,1,0,0,1,0,0,0,0,1
0,-1.374496,-0.6946884,0.3490682,0,1,4.75,1,0,0,0,0,0,0,0,1
0,0.8960367,0.6195462,0.0294892,0,1,5,1,0,0,0,1,0,0,0,1
0,0.3988721,-0.3373757,0.6686472,1,1,4.75,1,1,0,1,0,0,1,0,0
0,-1.452494,-1.615465,1.260275,0,0.8571429,4.5,1,0,0,1,0,0,1,0,0
0,-0.3664385,-0.3707998,0.0301459,0,0.8571429,4.5,1,1,0,1,0,0,0,0,1
0,-1.587157,0.3290816,0.3490682,0,0.5714286,4.75,1,1,0,0,0,0,0,0,1
0,0.8645121,-0.4129563,1.260275,0,1,4.25,1,0,0,1,0,0,0,0,1
0,0.1149638,-0.4216887,0.9875695,1,0.8571429,4.25,1,0,0,1,0,0,0,0,1
0,0.8542801,0.2260886,0.3490682,1,1,4.75,1,1,0,1,0,0,0,0,1
0,-0.1380156,0.2260886,0.3490682,0,0.4285714,5,1,0,0,0,1,0,1,0,0
0,0.8542801,1.565015,0.9406958,1,1,4.75,1,1,1,0,0,0,0,0,0
0,0.2437304,0.2260886,0.6679905,0,0.7142857,4.75,1,1,0,1,0,0,0,0,0
0,-2.431616,-0.6946884,0.7148643,0,0.5714286,3.75,1,0,0,1,0,0,0,0,1
0,0.683376,0.2260886,0.0301459,1,0.5714286,4.75,1,1,0,0,0,0,1,0,0
0,-0.3246819,0.1926646,0.0294892,1,0.8571429,4.25,1,0,0,0,0,1,0,0,1
0,0.8212239,0.3712381,1.260275,1,0.7142857,4.25,1,0,0,0,0,1,1,0,0
0,-1.5454,-0.0890676,0.076363,1,1,4.75,1,0,0,0,1,0,1,0,0
0,-0.3664385,0.2260886,0.6217735,1,0.4285714,5,1,0,1,0,0,0,1,0,0
1,-0.2332131,-1.112838,1.260275,1,0.8571429,3.25,1,0,0,1,0,0,1,0,0
0,-0.3947787,0.5078208,0.3490682,1,0.7142857,4.5,1,1,1,0,0,0,0,0,1
0,-0.3664385,0.2260886,0.0294892,1,1,4.25,1,1,1,0,0,0,1,0,0
0,0.8417022,1.283283,0.3490682,1,1,4.75,1,1,0,1,0,0,1,0,0
0,-1.358734,0.2260886,0.9875695,1,0.8571429,4.5,1,0,0,0,0,0,1,0,0
0,0.9377933,1.565015,0.6679905,0,0.1428571,4.75,1,1,0,0,0,1,1,0,0
0,-0.3822008,0.2260886,0.6211168,1,0.5714286,5,1,0,1,0,0,0,1,0,0
0,0.8542801,0.2260886,1.260275,0,0.2857143,5,1,1,0,1,0,0,0,0,1
0,0.8385177,0.3712381,1.260275,1,0.8571429,4.5,1,0,0,0,0,1,0,0,1
1,0.8834589,-0.0978001,0.6686472,1,0.5714286,5,1,1,1,0,0,0,1,0,0
0,0.8385177,0.959394,0.6679905,0,0.8571429,4.5,1,0,1,0,0,0,0,0,1
0,-0.3822008,-1.291577,0.0301459,1,0.8571429,5,1,0,0,0,0,0,1,0,0
0,-1.07976,-0.0890676,0.7148643,0,0.4285714,4.5,1,0,0,1,0,0,0,0,0
0,-1.034507,-1.39457,0.076363,0,0.5714286,4.75,1,0,0,0,1,0,1,0,0
0,-0.1923501,0.6442378,0.0294892,0,1,5,1,1,0,0,1,0,1,0,0
0,-0.3664385,-0.4042238,0.9875695,0,1,4.75,1,0,0,1,0,0,1,0,0
0,0.1149638,0.2260886,0.3490682,1,0.8571429,4.5,1,0,0,0,0,0,1,0,0
1,0.8417022,-0.7281125,0.6679905,1,0.8571429,4.5,1,0,0,0,1,0,0,0,1
0,-0.2963417,-0.0978001,0.9875695,0,0.7142857,4.5,1,0,0,0,1,0,1,0,0
0,-0.2986875,0.5078208,0.076363,1,1,4.25,1,0,1,0,0,0,0,0,1
0,0.8960367,-0.6525319,0.3484115,1,0.8571429,4.75,1,0,0,0,1,0,0,0,0
0,-0.3822008,-0.0556436,0.9875695,1,0.5714286,3.75,1,0,0,0,0,0,0,0,1
0,-2.217804,-1.24942,0.076363,0,0.7142857,5,1,0,0,0,1,0,1,0,0
1,-0.3790164,1.249859,0.0770197,1,0.5714286,3.75,1,0,0,0,1,0,1,0,0
0,-0.5271105,0.2260886,0.6686472,1,1,5,1,0,1,0,0,0,1,0,0
0,-0.2829252,-0.4042238,0.6686472,1,0.7142857,4.5,1,0,1,0,0,0,1,0,0
0,0.6801916,0.6442378,0.3490682,1,0.7142857,4.5,1,1,0,0,0,1,1,0,0
1,-0.3664385,-2.451764,0.0301459,0,0.7142857,5,1,1,0,0,1,0,0,0,1
0,-0.2081124,0.959394,0.0301459,1,0.7142857,5,1,0,1,0,0,0,1,0,0
1,-0.4987703,-1.112838,0.076363,1,0.8571429,4.75,1,1,0,0,1,0,0,0,1
0,-0.3664385,0.2260886,0.3490682,0,0.5714286,5,1,0,0,0,0,0,0,0,0
0,-0.3246819,-0.0978001,0.3490682,1,0.7142857,4.5,1,0,0,1,0,0,1,0,0
0,0.8487498,0.2260886,1.260275,1,0.7142857,5,1,0,1,0,0,0,1,0,0
0,-0.420773,0.5078208,0.395942,1,0.8571429,4.5,1,0,0,0,0,0,0,1,0
0,0.7219483,-0.4129563,0.6211168,1,0.8571429,4.25,1,0,0,1,0,0,0,0,1
1,-0.1505934,0.6442378,0.0301459,0,0.4285714,4.75,1,1,0,0,0,0,0,0,1
0,-0.3664385,0.6863943,0.3490682,0,0.7142857,5,1,0,0,0,0,0,0,0,1
0,0.8227555,-1.718458,-0.2900898,1,0.8571429,5,1,0,0,0,0,0,1,0,0
0,-1.657254,-0.4737927,-1.201296,0,0.8571429,3.25,1,0,1,0,0,0,1,0,0
0,0.8960367,0.8317094,-0.0167278,1,0.5714286,4.5,1,0,0,1,0,0,0,0,1
0,0.8417022,0.5078208,-0.243216,0,1,4.5,1,1,0,0,1,0,0,0,1
0,0.8960367,0.9681265,-2.111846,1,0.7142857,5,0,0,1,0,0,0,1,0,0
0,-0.3246819,-0.736845,-0.2894331,0,0.8571429,5,1,1,1,0,0,0,0,0,1
1,0.1984771,0.2260886,0.0294892,0,0.7142857,4,1,0,1,0,0,0,0,0,1
0,-0.3790164,-1.104105,-0.5621383,1,0.8571429,4.75,1,0,0,0,0,0,1,0,0
0,0.7999455,-0.3707998,-1.154423,1,0.8571429,4.5,1,1,0,0,0,1,1,0,0
0,0.1149638,-0.3707998,-0.5159213,0,0.8571429,5,1,0,0,0,0,0,1,0,0
1,0.8960367,-1.718458,-0.2894331,1,0.5714286,5,1,1,0,0,0,0,0,0,0
0,0.8291243,-0.3707998,-0.2894331,1,0.4285714,4.75,0,1,1,0,0,0,1,0,0
0,0.8802744,-0.0556436,0.0294892,1,0.2857143,5,1,0,1,0,0,0,0,0,1
0,-0.1403614,-2.451764,-0.6090121,1,0.5714286,4.75,1,0,0,0,0,0,1,0,0
0,-0.410541,-0.6859559,-0.1963423,0,0.4285714,5,1,0,0,0,0,0,1,0,0
0,-0.2238747,-1.385837,0.076363,0,0.8571429,5,0,0,0,1,0,0,0,0,1
0,0.8487498,1.001551,-0.6090121,0,0.8571429,5,1,0,0,0,0,1,0,1,0
0,0.8542801,0.9172375,-0.243216,0,0.4285714,5,1,1,1,0,0,0,1,0,0
0,0.2166096,-0.2852717,-2.111846,1,0.7142857,5,0,0,0,0,0,0,1,0,0
0,-0.8919432,1.241126,-1.792924,1,0.8571429,4,1,0,1,0,0,0,0,0,1
0,0.8259399,-1.112838,-0.2900898,1,0.7142857,4.75,1,0,1,0,0,0,0,0,1
0,-0.9474286,-1.436726,-0.243216,0,0.7142857,5,1,0,0,0,0,0,0,0,1
0,-0.2782092,-1.291577,0.076363,1,0.8571429,4.75,1,0,0,0,0,0,0,0,1
0,0.8069932,0.5412448,-0.2900898,1,1,4.75,1,0,0,0,0,0,0,0,1
1,0.683376,-0.9764206,-0.6083553,1,0.7142857,4.75,1,1,0,0,0,0,1,0,0
0,0.5534145,-2.588181,-1.20064,1,0.7142857,2.75,1,0,0,0,0,0,1,0,0
1,0.2437304,-1.47015,-1.247513,1,0.8571429,4.75,1,0,0,0,0,0,1,0,0
0,-0.3246819,0.5499773,0.076363,0,0.8571429,4.75,1,1,0,0,0,0,0,0,1
1,-1.387074,-0.4129563,0.0770197,1,1,4.5,1,0,0,0,0,0,1,0,0
0,0.6132792,-1.052001,-0.516578,0,0.5714286,4.75,1,0,0,0,0,1,0,0,0
1,0.8487498,0.6442378,-1.792924,1,1,5,1,1,0,0,0,0,0,0,1
0,0.922031,0.5165532,-1.839141,1,1,5,1,0,1,0,0,0,1,0,0
0,-1.341821,0.2260886,-1.473345,1,0.5714286,4.5,1,0,1,0,0,0,1,0,0
0,-0.1055587,0.9347024,-2.384551,0,0.8571429,5,1,0,1,0,0,0,0,0,0
0,-0.3664385,-0.3707998,0.3490682,1,1,4.5,1,0,0,0,1,0,1,0,0
0,0.8259399,1.565015,0.395942,1,0.7142857,4.75,0,0,1,0,0,0,1,0,0
0,-0.3664385,-1.564411,0.9406958,0,1,4,1,1,0,0,0,0,0,0,1
0,0.0141566,-1.343515,0.6679905,1,0.7142857,4.75,1,0,1,0,0,0,1,0,0
0,0.8542801,1.565015,0.9875695,0,0.1428571,5,1,0,1,0,0,0,1,0,0
0,0.8542801,1.565015,1.260275,0,0.8571429,5,1,0,1,0,0,0,1,0,0
0,-0.3246819,0.2260886,0.6686472,0,0.1428571,5,1,0,0,0,0,0,0,0,1
0,-0.3664385,1.565015,0.3490682,0,0.5714286,5,1,1,1,0,0,0,0,0,1
1,-0.3664385,-2.451764,0.6686472,1,0.8571429,3.75,1,1,0,0,0,0,0,0,1
0,0.8417022,0.2260886,0.6217735,1,0.8571429,5,1,0,1,0,0,0,0,0,1
1,-0.3246819,-0.0978001,0.6679905,1,0.7142857,4,1,1,0,0,0,0,0,0,1
0,-0.2829252,-0.4216887,0.6211168,0,0.8571429,5,1,1,1,0,0,0,0,0,0
0,-0.3246819,-1.112838,0.3490682,0,0.5714286,4.25,1,1,0,0,0,0,0,0,1
0,-1.374496,0.2260886,0.6679905,1,0.4285714,5,1,0,0,0,0,0,1,0,0
0,0.8259399,0.2260886,0.3490682,1,0.7142857,5,1,1,1,0,0,0,0,0,1
0,-0.3404441,-0.4042238,0.3490682,0,0.8571429,4.5,0,0,1,0,0,0,0,0,1
0,0.8645121,1.565015,1.260275,1,0.7142857,5,1,0,1,0,0,0,1,0,0
0,-0.3506762,-0.788949,0.6211168,1,0.4285714,5,1,0,1,0,0,0,0,0,1
0,-0.1663557,-0.3707998,0.3490682,0,0.8571429,4.75,1,0,0,0,0,0,0,0,0
0,-0.3506762,-0.4737927,0.9406958,1,0.8571429,5,1,0,1,0,0,0,0,0,1
0,0.8542801,-0.3795322,0.3490682,0,0.8571429,5,1,0,1,0,0,0,0,0,1
0,0.4508608,0.2260886,0.6211168,0,0.5714286,4.75,1,1,0,1,0,0,0,1,0
0,0.8542801,0.6442378,0.6686472,0,0.4285714,5,1,0,0,0,0,0,1,0,0
0,0.8417022,-0.8311055,0.6679905,1,0.5714286,4.75,1,1,1,0,0,0,0,0,0
0,-0.3664385,-1.821451,1.260275,0,0.2857143,5,1,0,0,0,0,0,1,0,0
0,0.8960367,-0.0978001,0.6679905,0,0.7142857,4.75,0,0,0,1,0,0,1,0,0
0,0.3602999,-0.3707998,1.260275,0,0.7142857,4.5,1,0,1,0,0,0,0,0,1
0,0.8417022,0.2260886,0.3490682,0,0.1428571,5,1,0,0,0,1,0,0,0,1
0,-0.3246819,-0.8311055,0.3490682,0,0.8571429,5,1,1,1,0,0,0,1,0,0
0,-0.2238747,0.2260886,0.3490682,0,0.4285714,4.75,0,0,0,0,0,0,0,0,1
0,-0.3246819,-0.0890676,0.9406958,1,0.8571429,4.75,1,1,1,0,0,0,0,0,1
0,0.8802744,0.2260886,0.9406958,0,0.7142857,4.75,1,0,1,0,0,0,1,0,0
0,0.8960367,0.9681265,0.9875695,0,0.4285714,5,1,0,0,0,0,0,0,0,0
0,-0.3664385,0.6442378,0.3490682,0,1,4.75,1,1,0,0,0,0,0,0,0
0,0.2019738,0.5499773,1.260275,0,0.4285714,5,1,0,0,0,0,0,1,0,0
0,-0.312104,0.2260886,0.6679905,0,0.7142857,4.75,1,0,0,1,0,0,1,0,0
0,-0.4987703,0.0139254,1.260275,0,0.7142857,4.5,1,0,0,0,0,0,0,0,1
0,0.8542801,0.2260886,1.260275,0,0.8571429,5,1,0,1,0,0,0,1,0,0
0,0.3831098,-0.0890676,0.3497249,1,1,5,1,1,1,0,0,0,1,0,0
0,0.3728777,-0.6859559,0.3490682,0,1,5,1,0,0,0,0,0,0,0,1
0,-0.3246819,0.2260886,1.260275,0,0.7142857,4.25,0,0,0,0,0,0,0,1,0
0,0.1862115,0.2260886,0.3028512,1,0.8571429,4.75,1,0,1,0,0,0,0,0,0
1,0.8960367,0.2260886,0.3497249,1,0.7142857,5,1,0,0,0,0,0,0,1,0
0,0.8542801,-0.3707998,1.260275,1,0.4285714,5,1,0,0,0,0,0,0,0,0
0,-0.2829252,0.6442378,0.9875695,0,0.8571429,4.75,1,0,0,0,0,0,1,0,0
1,-0.3404441,0.2260886,-0.243216,1,0.7142857,4.75,1,1,1,0,0,0,1,0,0
0,-2.766119,-0.3373757,-1.74605,0,0.4285714,4.25,1,0,0,0,0,0,0,0,0
0,-1.428831,-0.6525319,0.0301459,1,1,4.5,1,0,0,0,1,0,1,0,0
1,-0.8478408,-0.7281125,-1.154423,1,0.5714286,5,1,0,0,1,0,0,1,0,0
1,0.1984771,-0.4042238,-0.5621383,0,1,5,1,0,0,0,1,0,1,0,0
0,-1.374496,-0.3373757,0.0301459,0,1,4.75,1,0,0,0,0,0,0,0,0
0,-0.3562064,-0.9676881,-0.243216,1,0.7142857,4.5,1,0,0,0,0,0,0,1,0
0,0.2992843,-0.4129563,0.0294892,0,0.8571429,4.25,1,1,0,0,0,0,0,0,1
1,-0.2963417,0.92597,-0.2894331,1,1,4.5,1,0,0,0,1,0,0,0,1
0,-0.1663557,-0.9851531,-0.5621383,0,0.8571429,5,1,1,0,0,0,0,1,0,0
0,-0.3915942,-0.4042238,-0.8341869,1,0.7142857,5,1,1,0,0,0,0,0,0,1
1,0.3185433,1.565015,-0.2894331,1,0.8571429,5,1,1,0,0,0,0,1,0,0
0,0.3862942,0.959394,-0.2887764,0,0.8571429,4.75,1,0,0,0,1,0,1,0,0
0,-0.3664385,0.8317094,-0.2894331,1,0.8571429,5,1,0,0,0,1,0,0,0,0
0,-0.8501866,0.8317094,-0.8348436,0,0.8571429,4.5,1,0,0,0,0,0,1,0,0
0,-0.8478408,-0.0556436,-0.6083553,1,0.8571429,4.75,1,0,0,0,1,0,0,0,1
0,-0.3664385,0.5412448,-0.6090121,1,0.5714286,5,1,0,0,0,0,0,0,1,0
0,0.7377105,0.2260886,-0.2419026,1,1,4.75,1,1,0,0,0,0,1,0,0
0,-1.400491,0.2260886,-0.2900898,1,1,4.75,1,0,0,0,1,0,1,0,0
1,-0.8670998,-0.6859559,-2.111846,1,1,4.75,1,0,0,0,0,0,0,0,1
0,-0.3664385,0.5499773,-0.5621383,0,0.7142857,5,0,1,0,0,0,0,1,0,0
0,-0.3246819,1.565015,-1.74605,0,0.5714286,3.5,1,0,0,0,0,0,0,0,1
1,-0.7397711,0.5078208,-1.474002,1,0.8571429,4.75,1,1,0,0,0,0,0,1,0
0,0.8542801,0.5499773,0.0301459,0,1,5,1,1,0,0,0,0,1,0,0
1,0.1476392,-1.154994,-0.8817173,0,0.8571429,4.75,1,0,0,0,0,0,1,0,0
0,0.7511271,-0.0978001,-0.6083553,1,1,4.75,0,1,0,0,0,0,0,0,0
0,-1.221173,-0.064376,-0.8348436,0,1,4.25,1,0,0,0,1,0,1,0,0
0,-1.587157,-0.5072168,-0.8810606,0,0.7142857,3.75,1,1,0,0,1,0,1,0,0
0,-0.8636031,-0.7034209,-0.5621383,1,1,4.25,1,0,0,0,0,0,1,0,0
1,-0.1926758,-0.4551128,-0.6096688,1,0.8571429,4.25,1,1,0,0,0,1,1,0,0
0,-0.4570137,-0.9676881,-0.243216,1,0.1428571,4.25,1,1,0,0,1,0,0,1,0
1,-1.247168,0.2260886,-1.20064,1,0.7142857,4.75,1,0,0,0,1,0,1,0,0
0,-0.2364525,0.2260886,-1.154423,0,0.7142857,5,1,1,0,0,0,0,1,0,0
0,-1.062847,0.9681265,-0.1963423,1,1,5,1,0,0,0,1,0,1,0,0
0,-0.3664385,-0.7466268,0.0294892,1,1,4.25,1,1,0,0,1,0,0,0,1
0,-0.4987703,0.2260886,-0.8348436,0,1,4.75,1,0,0,0,0,0,0,0,0
1,-1.390259,-1.112838,-1.425814,1,0.7142857,4.5,1,0,0,0,0,0,1,0,0
0,0.8259399,1.565015,-0.2425593,0,1,4.75,0,1,0,0,0,0,1,0,0
0,-2.584387,0.5078208,-2.064972,1,0.4285714,4,1,0,0,0,0,0,0,1,0
0,0.8960367,0.7198184,-0.8355003,0,0.7142857,5,1,1,0,0,1,0,1,0,0
0,-0.3664385,0.2260886,-0.2425593,1,1,4.25,1,0,0,0,1,0,1,0,0
0,-2.436889,-0.4042238,-0.243216,0,1,4.25,1,0,0,0,1,0,1,0,0
1,0.9377933,0.9172375,-1.792924,1,1,5,1,1,0,0,0,0,1,0,0
0,-0.3947787,-0.0890676,-0.8817173,1,0.8571429,4.75,1,0,0,0,0,0,0,0,0
0,-0.9316664,0.2260886,-1.425814,1,0.2857143,5,1,1,0,0,0,0,1,0,0
1,-0.3664385,0.2260886,-1.473345,0,1,4.75,1,1,1,0,0,0,0,0,1
1,0.2019738,-0.0556436,-2.111846,1,1,5,1,0,0,0,0,0,0,1,0
0,-0.3979631,-0.0556436,-0.2425593,1,1,4.25,1,0,0,0,0,0,1,0,0
0,-1.625729,-0.5072168,-0.8348436,1,0.8571429,4.25,1,1,0,0,1,0,1,0,0
1,-1.506828,0.3290816,-0.5621383,1,0.8571429,4.5,0,1,0,0,1,0,1,0,0
1,0.8542801,0.2260886,-0.3356501,1,0.4285714,5,1,1,0,0,0,0,1,0,0
1,-0.420773,0.2260886,0.0294892,1,0.8571429,5,1,1,0,0,0,0,1,0,0
1,0.922031,-0.0890676,0.0294892,0,1,5,1,1,0,0,0,0,1,0,0
1,-0.4987703,-0.822373,-1.427785,1,0.7142857,4.5,1,0,0,0,0,0,1,0,0
1,-0.3790164,0.2682451,-2.064972,1,1,4.75,1,1,0,0,1,0,0,0,0
1,-0.4885382,0.5078208,-0.5159213,1,0.8571429,5,0,0,0,0,0,0,1,0,0
0,-0.182118,-0.3707998,-0.516578,1,0.8571429,5,1,1,0,0,0,0,1,0,0
0,-2.649549,-2.451764,-1.746707,0,0.8571429,4.5,1,1,0,0,1,0,0,1,0
0,-0.2829252,-0.6525319,-0.2894331,0,0.8571429,4.5,0,0,0,0,1,0,1,0,0
1,-2.256377,-1.48883,-1.20064,1,0.7142857,4,1,0,0,0,0,0,0,0,0
0,0.8960367,0.5499773,-0.6552291,0,0.8571429,4.25,1,1,0,0,0,0,1,0,0
0,0.2122058,1.283283,-0.5152646,1,0.4285714,5,0,0,0,0,0,0,1,0,0
0,0.7196025,0.6195462,-0.243216,1,0.8571429,4.75,1,0,0,0,0,0,1,0,0
0,-0.3947787,-0.5159492,-0.5621383,0,0.7142857,5,1,1,0,0,0,1,1,0,0
0,0.8417022,1.241126,-0.5621383,0,0.7142857,4.75,1,0,0,0,0,0,1,0,0
0,-0.1973532,1.241126,0.0308026,1,1,4.25,0,1,0,0,0,1,1,0,0
0,-0.3790164,-0.6525319,-1.153766,1,0.7142857,4.75,1,0,0,1,0,0,0,1,0
0,0.7999455,0.6442378,0.3490682,0,0.5714286,5,1,0,0,0,0,0,1,0,0
1,-0.3246819,-0.0556436,0.9875695,1,1,3.75,1,0,0,0,1,0,1,0,0
0,0.2019738,-0.9676881,0.3490682,0,1,5,1,0,0,0,0,0,0,0,0
0,0.8385177,0.2260886,0.3490682,0,1,4.25,1,0,0,0,0,0,1,0,0
0,0.3862942,0.2260886,0.9413525,0,0.5714286,4.75,1,1,0,0,0,0,1,0,0
0,0.4146344,1.565015,0.6686472,1,0.8571429,5,1,1,0,0,0,0,0,0,0
0,0.3571154,0.9681265,0.6686472,1,0.8571429,5,1,0,0,0,0,0,1,0,0
0,-0.3822008,0.2260886,0.9406958,1,0.7142857,4.5,1,1,0,0,0,0,1,0,0
0,-0.3664385,-2.451764,0.9406958,0,0.8571429,5,1,1,0,0,1,0,1,0,0
0,0.8417022,0.5933488,0.3490682,0,1,4.25,1,1,1,0,0,0,1,0,0
0,0.6959539,0.5078208,0.3484115,0,0.8571429,4.25,1,0,1,0,0,0,1,0,0
0,-0.483008,-0.6859559,0.3490682,1,0.8571429,4.75,1,1,1,0,0,0,1,0,0
0,-0.8344243,0.2260886,0.076363,1,1,5,1,0,0,0,0,0,1,0,0
0,-0.3664385,0.2260886,0.076363,0,0.8571429,5,1,1,0,0,1,0,0,0,1
0,-0.2986875,-0.0556436,0.3490682,1,0.8571429,5,1,0,0,0,0,0,0,0,1
0,-0.3089196,-0.9676881,0.6679905,1,0.8571429,4.5,1,0,0,0,0,0,1,0,0
0,0.8542801,1.146866,0.3490682,0,0.8571429,4.75,1,1,0,0,1,0,0,0,0
0,-0.3664385,0.2260886,0.9406958,1,1,3.5,1,0,0,0,0,0,1,0,0
0,0.8542801,1.283283,1.260275,0,0.8571429,5,1,0,0,0,0,0,0,1,0
1,0.3276244,0.5078208,0.6217735,1,0.8571429,5,1,0,0,0,1,0,1,0,0
0,-0.2081124,0.2260886,0.3490682,0,1,4.75,1,0,1,0,0,0,1,0,0
0,-0.3404441,-0.4737927,1.260275,1,1,4.75,1,1,0,0,1,0,1,0,0
0,0.8417022,-0.3012308,0.6679905,0,1,5,1,1,0,0,0,0,1,0,0
1,0.4020565,0.5078208,0.9875695,1,0.5714286,3,1,1,0,0,0,0,0,0,0
0,-0.3404441,1.001551,0.395942,1,0.7142857,3.5,1,1,0,0,0,0,0,0,1
0,-0.8060842,-0.0890676,0.6679905,1,1,5,1,1,0,0,1,0,0,1,0
0,0.5589448,1.565015,1.260275,1,1,2.5,1,1,0,0,0,1,1,0,0
0,-1.229899,0.2260886,1.260275,1,0.8571429,3.75,1,0,0,0,0,0,0,0,0
0,-0.410541,-0.3795322,0.6686472,1,1,4.5,1,0,0,1,0,0,0,0,1
1,-0.3979631,-0.822373,0.6686472,1,0.8571429,4.5,1,0,0,0,1,0,1,0,0
0,0.3433867,1.283283,0.3490682,1,0.8571429,5,1,0,0,0,0,0,0,0,0
1,-0.2829252,0.2260886,0.6686472,1,0.8571429,4.75,1,0,0,0,0,0,0,0,0
0,0.3571154,0.8229769,1.260275,0,0.8571429,4,1,0,0,0,0,0,1,0,0
1,-0.2081124,0.6863943,1.260275,1,0.8571429,4.5,1,0,0,0,1,0,0,0,0
1,-0.1923501,-0.0556436,0.9406958,0,0.7142857,4.75,1,1,0,1,0,0,0,0,0
0,0.8960367,-0.0890676,0.6217735,1,1,5,1,1,0,0,0,0,1,0,0
0,-0.3246819,-0.3707998,0.3490682,1,0.8571429,5,1,0,1,0,0,0,1,0,0
0,0.8542801,1.283283,0.6679905,0,1,5,0,1,0,0,1,0,0,0,0
0,-0.3687843,-0.788949,0.3952852,1,0.7142857,5,1,0,1,0,0,0,1,0,0
0,-0.3246819,0.2260886,0.3490682,1,1,5,0,1,0,0,1,0,0,0,1
0,0.683376,0.5499773,0.6679905,0,1,4.75,1,1,0,0,0,0,0,0,1
0,-0.3790164,-0.736845,0.3490682,1,0.7142857,4.75,1,0,1,0,0,0,0,0,0
0,-0.3246819,0.2260886,1.260275,1,1,5,1,0,0,0,0,0,0,1,0
0,0.7841833,-0.3795322,1.260275,1,0.8571429,4.75,1,0,0,1,0,0,1,0,0
0,0.8542801,1.565015,0.9875695,1,1,5,1,0,0,0,1,0,0,0,1
1,-0.3664385,0.6442378,0.076363,1,0.8571429,4.75,1,0,1,0,0,0,1,0,0
0,0.3602999,0.92597,0.076363,0,0.4285714,5,1,1,0,0,0,0,0,1,0
0,-0.3664385,-0.5072168,0.3490682,0,1,5,1,1,0,0,1,0,1,0,0
1,-0.647758,0.2260886,0.076363,1,0.8571429,4.5,1,0,0,0,0,0,1,0,0
1,0.8542801,0.2260886,1.260275,1,0.8571429,5,1,0,0,0,0,0,0,0,1
0,-0.3246819,-0.4042238,0.3021945,1,0.7142857,5,1,1,1,0,0,0,1,0,0
0,0.3445376,-0.0556436,1.260275,1,1,5,1,1,0,0,0,0,1,0,0
0,0.6676137,0.3203491,0.9406958,0,0.7142857,3.25,0,0,1,0,0,0,1,0,0
0,0.2019738,0.2260886,1.260275,0,1,4.75,1,1,1,0,0,0,0,0,1
0,-1.33274,-1.12157,0.395942,1,0.5714286,4.75,1,1,0,0,1,0,0,0,0
0,0.9094532,1.565015,0.3490682,0,1,5,1,0,0,0,0,0,1,0,0
0,0.1567204,0.959394,0.9413525,0,0.8571429,5,1,1,0,0,0,0,1,0,0
0,0.8960367,1.249859,0.6686472,0,0.7142857,4.75,1,1,0,0,0,0,1,0,0
1,0.6676137,-0.2852717,0.9406958,1,1,4.5,1,0,0,0,0,0,0,0,0
1,0.1567204,0.6442378,0.3490682,1,1,4.75,1,0,0,0,0,0,0,0,0
0,-1.497733,1.565015,1.260275,0,0.5714286,5,1,1,0,0,1,0,0,1,0
0,-0.591677,0.2260886,0.076363,0,1,5,1,1,0,0,1,0,0,1,0
0,0.7873677,1.565015,0.6686472,1,1,5,1,1,0,0,0,0,0,1,0
1,0.2019738,-0.6525319,0.6686472,0,1,5,1,0,0,0,0,0,0,0,1
1,-0.3664385,0.2260886,0.3490682,0,1,4.75,1,0,0,0,0,0,1,0,0
1,-0.7596114,-0.8398379,0.6686472,1,0.8571429,5,1,0,0,0,0,0,1,0,0
1,0.8259399,-0.4737927,0.7148643,1,0.8571429,4.75,1,1,0,0,0,0,1,0,0
0,-0.9801726,-0.0978001,0.3490682,1,1,5,1,0,0,0,1,0,1,0,0
0,-0.420773,0.6529703,0.0757063,0,0.5714286,4.5,1,0,0,0,0,0,0,0,1
0,0.8417022,1.565015,1.260275,0,0.8571429,4.5,0,1,0,0,0,0,1,0,0
0,-0.3664385,0.2260886,0.3490682,1,0.8571429,5,1,0,0,0,0,0,1,0,0
0,-0.2081124,0.5499773,0.6679905,1,0.8571429,4.75,1,0,0,0,0,0,1,0,0
0,-0.1695402,-0.0890676,0.3497249,1,1,4.5,1,1,0,0,0,0,0,0,0
0,-0.3404441,-1.112838,0.3490682,1,1,4.75,1,1,0,0,0,1,0,0,1
0,0.6676137,-0.0556436,1.260275,1,0.8571429,4.5,1,1,0,0,0,0,0,1,0
1,-0.3246819,-0.0556436,0.3490682,0,1,5,1,0,0,0,0,0,1,0,0
1,-0.3664385,-0.0556436,0.3490682,1,1,4.75,1,0,0,0,0,0,0,0,1
0,0.8960367,-0.5072168,0.9413525,0,1,4.75,1,1,1,0,0,0,0,0,1
0,0.8542801,0.2348211,1.260275,0,0.8571429,5,1,0,0,0,0,0,1,0,0
0,-0.3687843,-0.0890676,0.6686472,0,1,4.5,1,0,0,0,0,0,0,0,1
0,-0.3144498,-0.7034209,1.260275,0,0.5714286,5,1,0,0,0,0,1,0,0,1
0,-0.3246819,0.3290816,1.260275,1,0.5714286,5,1,1,0,0,1,0,0,1,0
1,-0.2081124,-0.0978001,0.6686472,1,0.7142857,4.75,1,0,0,0,0,0,1,0,0
1,0.8960367,0.6108137,-0.2894331,0,0.7142857,4.25,1,1,0,0,0,0,0,0,0
1,0.7999455,-0.0556436,0.0301459,1,1,5,1,1,0,1,0,0,1,0,0
0,0.4248665,-0.2342171,-1.519562,1,0.8571429,5,1,1,0,0,0,0,0,0,1
1,0.7668893,-0.4129563,-0.0167278,1,0.7142857,4.5,1,1,0,0,0,0,0,0,0
0,-0.4081952,-0.3707998,-0.243216,1,1,4.75,1,1,0,0,0,0,1,0,0
1,-0.3979631,0.2260886,-1.246857,1,0.8571429,4.5,1,1,0,0,0,0,1,0,0
1,-0.1120212,-1.709726,-1.566436,1,1,4.5,1,1,0,0,0,1,0,0,1
1,-0.3246819,0.9681265,0.0294892,1,1,3.75,0,1,0,0,0,0,0,0,1
0,-0.3664385,0.2260886,0.0301459,0,0.8571429,5,1,1,0,0,0,0,1,0,0
0,0.7251327,-0.925366,0.0301459,0,0.8571429,3,1,1,0,0,0,0,0,0,1
0,-0.3664385,0.3290816,-1.473345,0,1,5,1,1,0,0,0,0,1,0,0
0,-0.2829252,-0.788949,0.0294892,1,0.8571429,4.5,1,1,0,0,0,0,0,0,0
1,-0.182118,-0.6946884,-0.6090121,1,1,4.75,1,1,0,0,0,0,1,0,0
0,0.8542801,-0.5072168,-0.2894331,0,1,4.5,1,1,0,0,0,0,1,0,0
1,-0.7753738,-2.127875,-1.473345,1,0.7142857,4.75,1,1,0,0,0,0,1,0,0
0,0.6676137,-1.436726,0.0294892,1,1,5,1,1,0,0,0,0,0,0,0
0,0.8542801,1.249859,0.076363,1,0.7142857,4.5,1,1,0,0,0,0,0,0,1
0,-0.420773,-0.0890676,-2.111846,0,0.8571429,4.5,1,1,0,0,0,1,1,0,0
0,-0.3664385,-1.052001,0.0301459,1,0.8571429,4.25,1,1,0,0,0,0,1,0,0
1,0.7999455,-1.39457,-0.5152646,1,0.5714286,4.75,1,1,0,0,0,0,1,0,0
0,0.2019738,-1.530987,0.0301459,1,0.8571429,5,1,1,0,0,0,0,1,0,0
1,-0.5247647,0.2260886,-0.0167278,1,0.8571429,5,1,1,0,0,0,0,0,0,1
0,-0.483008,-0.3795322,-0.2425593,1,1,3.25,1,1,0,0,0,0,1,0,0
1,-1.625729,-1.709726,-2.065629,1,1,3.5,1,1,0,0,0,0,0,0,1
0,-0.3664385,-0.0556436,0.0301459,1,0.8571429,4.75,1,1,0,0,0,0,1,0,0
0,0.2890522,-0.5072168,0.0757063,1,0.8571429,4.75,1,1,0,0,0,0,0,0,1
0,-0.3664385,0.2260886,0.076363,1,0.8571429,3.25,1,1,0,0,0,0,1,0,0
1,-0.3664385,-0.3795322,-0.2900898,1,1,3.75,1,1,1,0,0,0,0,0,0
1,-0.3822008,-0.0978001,-2.384551,0,0.8571429,4.75,1,0,1,0,0,0,1,0,0
0,-0.905672,-0.3197451,-2.384551,1,0.8571429,4.5,0,1,0,0,0,0,0,0,0
0,-0.1663557,-1.718458,-2.384551,1,0.8571429,5,1,1,0,0,0,0,0,0,1
1,-0.3664385,-0.8398379,0.0301459,1,0.8571429,4.75,1,1,0,0,0,0,0,0,1
1,-0.6176714,0.3290816,-0.8348436,1,0.7142857,4.75,1,1,0,0,0,0,0,0,0
1,-0.3790164,-0.0978001,-0.5621383,0,0.7142857,4.75,1,1,0,0,0,0,0,0,0
1,-0.8198129,1.565015,0.3490682,1,0.7142857,4.5,1,1,0,0,0,0,0,0,1
1,-0.5531048,-0.1920606,0.9875695,0,1,4.5,1,1,0,0,0,1,0,1,0
0,-0.3664385,-0.3373757,0.3490682,1,1,5,1,1,0,0,0,0,1,0,0
0,-0.3506762,-0.4042238,0.3490682,0,1,4.75,1,1,0,0,0,0,0,0,1
1,-1.911384,-0.2950536,0.3490682,1,1,2.5,1,1,0,0,0,0,1,0,0
1,-0.3404441,-1.257987,0.6679905,1,1,3.75,1,1,0,0,0,0,0,0,0
0,-0.3246819,-0.7281125,1.260275,1,1,5,1,1,0,0,0,0,1,0,0
0,0.8542801,0.5078208,1.260275,1,0.4285714,5,1,1,0,0,0,0,1,0,0
0,0.8542801,-0.8311055,0.6217735,0,0.8571429,5,1,1,0,0,0,0,1,0,0
0,-0.3664385,0.2260886,0.3490682,1,0.8571429,4.75,1,1,0,0,0,0,0,0,1
1,0.8960367,-2.136608,0.6679905,1,0.8571429,4,1,1,0,0,0,0,1,0,0
1,0.9377933,1.001551,0.9875695,1,0.8571429,3.75,1,1,0,0,0,0,0,0,1
0,-0.3246819,0.2260886,0.6679905,1,0.5714286,3.5,1,1,0,0,0,0,0,0,1
0,0.8960367,-0.9068516,0.3490682,1,0.4285714,5,1,1,0,0,0,0,0,0,0
1,0.2697248,0.6442378,0.3490682,1,0.8571429,4,1,1,0,0,0,0,0,0,1
0,-0.3822008,-0.8311055,0.3490682,0,0.5714286,5,1,1,0,0,0,0,0,0,1
0,-0.3089196,0.6442378,0.9875695,1,0.7142857,4.75,1,1,0,0,1,0,1,0,0
0,0.8417022,0.2260886,1.260275,0,0.8571429,5,1,1,0,0,0,0,0,0,0
0,-0.3664385,0.2260886,0.9406958,1,0.5714286,5,1,1,1,0,0,0,0,0,1
0,0.7841833,1.565015,1.260275,1,1,5,1,1,0,0,0,0,1,0,0
0,0.1862115,-0.3795322,0.3490682,0,0.5714286,5,1,1,0,0,0,0,0,1,0
1,0.8802744,0.6442378,0.9413525,0,0.8571429,4.75,1,1,0,0,0,0,0,0,0
1,-1.529638,-0.8734276,0.9406958,1,0.7142857,3.25,1,1,0,0,0,0,1,0,0
0,0.8960367,0.6529703,0.3021945,0,0.8571429,5,1,1,0,0,0,0,0,0,1
1,0.8542801,-0.3707998,0.3490682,0,0.5714286,5,1,1,0,0,0,0,0,0,0
0,0.7377105,0.12293,0.6686472,1,0.5714286,4.5,1,1,0,0,0,0,1,0,0
0,-0.3664385,-0.4042238,0.9406958,0,0.8571429,4.75,1,1,0,0,0,0,1,0,0
0,0.7219483,-0.5072168,1.260275,0,0.8571429,4.75,1,1,0,0,0,0,1,0,0
0,0.8542801,0.0473494,0.6217735,0,0.8571429,4.75,1,1,0,0,0,1,1,0,0
1,-0.3246819,0.6442378,0.9875695,0,1,4.5,1,1,0,0,0,0,0,0,0
0,0.3602999,-0.0890676,0.6679905,0,0.8571429,4.75,1,1,0,0,0,0,0,0,1
0,-0.3979631,0.5499773,0.3490682,1,0.8571429,5,1,1,0,0,0,0,0,0,1
1,0.8542801,-0.7802165,0.3490682,0,0.7142857,5,1,1,0,0,0,0,0,0,1
0,-0.3664385,-1.173674,0.9413525,0,0.8571429,4.75,1,1,0,0,0,0,0,0,0
0,-0.3246819,0.9681265,0.6217735,1,0.5714286,4.75,1,1,0,0,0,0,0,0,0
1,-0.3246819,-0.788949,0.6217735,0,0.2857143,4.75,1,1,0,0,0,0,0,0,1
1,-0.2829252,0.1926646,0.3490682,0,0.5714286,5,1,1,0,0,0,0,0,0,1
0,0.2701055,1.249859,1.260275,0,1,5,1,1,0,0,0,0,0,0,1
1,-0.2671629,-0.4042238,1.260275,1,0.7142857,4.75,1,1,0,0,0,0,0,0,1
1,-0.3144498,-0.4216887,0.9875695,1,0.5714286,5,1,1,0,0,0,0,1,0,0
0,-0.3404441,-1.854875,0.3490682,1,1,4.5,1,1,0,0,0,0,0,0,1
0,-0.3664385,0.5499773,1.260275,1,0.5714286,5,1,1,0,0,0,0,0,1,0
1,-1.358734,0.1839321,0.3490682,1,0.7142857,4.5,1,1,0,0,0,0,1,0,0
0,-0.3664385,0.2260886,0.3490682,0,0.4285714,4.75,1,1,0,0,0,0,1,0,0
1,0.3602999,1.565015,0.6686472,1,0.8571429,4.75,1,1,0,0,0,0,1,0,0
0,-0.3664385,-1.052001,0.3490682,1,0.8571429,5,1,1,0,0,0,0,1,0,0
0,0.1862115,-0.0978001,0.3490682,1,0.7142857,4.75,1,1,0,0,0,0,0,0,0
1,-0.1403614,-1.146262,1.260275,1,0.7142857,4.5,1,1,0,0,0,0,0,0,0
0,0.2575276,0.5499773,-0.0160711,1,1,5,1,1,0,0,0,0,0,0,0
0,0.9322631,1.283283,-1.519562,0,0.8571429,5,1,0,0,0,0,0,0,0,0
0,-0.5247647,0.2260886,-0.2900898,1,0.8571429,3.25,1,0,0,0,0,0,0,0,0
0,-0.3664385,0.2260886,0.0301459,0,0.8571429,4.75,1,0,0,0,0,0,0,0,0
0,-0.8670998,-0.4129563,0.0301459,1,1,4.75,1,0,0,0,0,1,0,0,1
1,-0.3404441,0.2260886,-1.839141,1,1,4,1,0,0,1,0,0,0,0,0
0,0.6109335,-0.1075819,-0.5608249,1,1,4.5,1,1,0,0,0,0,0,0,1
1,-0.3246819,-0.3795322,-0.5621383,1,0.7142857,5,1,0,0,1,0,0,0,1,0
0,-0.2829252,0.1839321,-0.2425593,1,1,5,1,1,0,0,0,0,0,1,0
1,-0.483008,-1.888299,-0.2900898,1,0.8571429,4,1,1,0,0,0,0,1,0,0
1,-1.13843,-0.0978001,-0.6076986,1,0.5714286,3.75,1,0,0,0,0,0,1,0,0
1,0.8960367,0.2260886,0.0301459,0,0.8571429,4.25,1,0,0,0,0,0,0,0,1
0,-0.3947787,0.2260886,-0.5621383,1,1,4.25,1,0,0,0,0,0,0,0,1
1,-0.1923501,-0.6946884,-1.839141,1,1,4.25,1,1,1,0,0,0,0,0,1
0,0.8802744,-3.79069,-0.0180412,0,0.2857143,4.5,1,1,0,0,0,1,1,0,0
1,-0.3664385,-0.0890676,-0.2894331,1,1,4.25,1,1,0,0,0,0,0,0,1
0,-0.3664385,-0.0556436,-2.111846,1,0.8571429,4.25,1,0,0,0,0,0,0,0,1
0,-0.3506762,0.2260886,0.0294892,1,1,4.75,1,1,0,1,0,0,0,0,1
0,-0.3664385,0.2260886,-0.5621383,1,0.7142857,4.75,1,0,0,0,0,0,0,0,1
1,0.8259399,0.6442378,-0.2894331,1,0.8571429,4.5,1,0,0,0,0,0,0,0,1
1,-0.2081124,-0.4042238,0.0294892,1,0.8571429,4.75,1,0,0,0,0,0,0,0,1
0,0.6518515,0.6442378,-0.8810606,0,0.8571429,4.5,1,1,0,0,0,1,0,0,0
0,0.8259399,-0.5072168,0.0301459,1,0.7142857,4.25,1,1,0,0,0,0,1,0,0
0,0.8802744,1.241126,-0.2894331,1,0.8571429,5,1,1,0,0,0,0,0,0,1
1,0.6290416,-0.788949,-0.2425593,1,0.5714286,3.5,1,1,0,0,0,0,0,1,0
1,-3.390612,-0.4216887,-1.566436,1,1,5,1,0,0,1,0,0,0,0,1
0,0.3602999,0.2260886,-0.8817173,1,0.7142857,4.25,1,0,0,0,0,0,0,0,0
1,-0.3664385,0.2260886,-0.2900898,1,1,4.25,1,1,0,0,0,0,0,0,1
1,-0.3664385,0.2348211,-0.9279343,0,0.8571429,3.75,1,0,0,0,0,0,1,0,0
0,-2.691306,-0.5159492,-1.792267,1,0.5714286,4.25,1,0,0,0,0,0,1,0,0
0,-0.3664385,-0.6946884,0.0301459,1,0.7142857,4.75,1,1,0,0,0,0,1,0,0
1,-1.358734,0.9681265,-0.2894331,1,1,4,1,1,0,0,0,0,0,0,0
0,0.7093704,-0.7034209,-1.519562,1,1,4,1,0,0,0,0,0,0,0,1
0,-0.3822008,0.6442378,-0.8810606,1,1,4.5,1,0,0,0,0,0,0,0,1
0,-0.3632541,-1.291577,0.0301459,0,0.4285714,4.75,1,0,0,0,0,0,1,0,0
0,0.1862115,0.6776618,-0.1963423,1,0.7142857,5,1,1,0,0,0,0,0,0,1
1,-0.3664385,0.2260886,-1.108862,1,0.7142857,4.25,1,1,0,0,1,0,0,0,0
0,0.8676965,0.2682451,-0.2425593,1,0.4285714,4.75,1,1,0,0,0,0,0,0,1
0,-0.5688671,-1.615465,-1.199983,1,0.8571429,4.75,1,1,0,0,0,0,0,0,0
1,0.3602999,-0.0890676,-0.2894331,1,0.5714286,4.5,1,0,0,0,0,0,0,1,0
0,-0.239637,-0.6946884,-0.243216,1,0.7142857,5,1,0,0,0,0,0,0,0,0
1,-0.3664385,-0.1920606,-0.1956856,0,1,4.5,1,0,0,0,0,0,1,0,0
1,-0.3089196,-0.5072168,-0.5608249,1,1,4.5,1,1,0,0,0,0,1,0,0
0,-0.3246819,0.8651335,-0.5621383,1,1,5,1,1,1,0,0,0,0,0,1
0,0.8101776,-0.4216887,-0.1963423,0,0.8571429,4.5,1,0,0,0,1,0,1,0,0
1,-0.3664385,0.2260886,0.0301459,0,0.7142857,4.25,1,0,0,0,0,0,1,0,0
0,0.5872849,1.565015,0.9875695,1,1,3.5,1,1,0,0,0,0,0,0,0
0,0.1862115,-0.7976814,0.3490682,1,1,4.5,1,1,0,0,0,0,0,0,1
1,-0.3246819,-0.0556436,0.9875695,1,1,5,1,1,1,0,0,0,0,0,1
1,-0.3664385,-0.0556436,0.076363,1,0.7142857,4.25,1,1,0,0,1,0,1,0,0
1,0.7999455,-1.112838,0.0770197,1,0.7142857,4.25,1,0,0,0,0,0,0,0,0
1,-0.3664385,-0.3795322,0.3490682,1,0.8571429,4.75,1,0,0,0,0,0,1,0,0
1,0.8960367,0.2260886,0.6217735,1,0.8571429,5,1,1,0,0,0,0,0,0,1
1,-1.374496,-0.4129563,0.9413525,1,0.8571429,5,1,0,0,0,0,0,1,0,0
1,0.2279681,-0.2678068,0.6679905,1,0.7142857,4.25,1,1,0,0,0,1,0,0,0
1,-1.416253,0.5078208,0.3490682,1,0.8571429,5,1,0,0,0,0,0,1,0,0
1,0.8960367,0.2260886,1.260275,1,0.5714286,5,1,0,1,0,0,0,0,0,0
0,-0.3822008,-1.052001,0.0770197,1,0.7142857,5,1,0,0,0,0,0,1,0,0
0,0.8069932,0.9681265,1.260275,1,0.4285714,5,1,0,0,0,0,0,1,0,0
0,0.8101776,-0.0556436,0.442159,1,0.4285714,5,1,1,0,0,0,0,0,0,1
0,0.7999455,-0.0978001,0.9406958,1,0.4285714,4.75,1,0,0,0,0,0,1,0,0
0,0.8417022,-0.0556436,0.076363,0,0.7142857,4.75,1,1,0,0,0,0,0,0,1
0,0.370532,-0.4737927,0.3490682,0,1,4.75,1,1,0,0,0,0,1,0,0
0,0.0834392,0.3625056,0.6217735,1,0.8571429,4.75,1,0,0,0,0,0,0,0,1
1,0.922031,0.2260886,0.6679905,1,0.8571429,4.75,1,1,0,0,0,0,0,0,1
0,-0.1695402,0.2260886,0.3028512,1,0.8571429,5,1,0,0,0,0,0,0,1,0
0,-0.3404441,0.9681265,0.3497249,1,0.7142857,5,1,0,0,0,0,0,0,0,1
1,-0.3664385,-0.8311055,0.3490682,1,1,4.5,1,0,0,0,0,0,1,0,0
0,0.2019738,-1.112838,0.3490682,1,0.8571429,4.5,1,1,0,0,0,0,1,0,0
0,0.9377933,-0.788949,1.260275,1,1,5,1,0,0,0,0,0,0,0,1
0,0.2732899,0.2260886,0.6679905,0,0.8571429,3.75,1,0,0,0,0,0,0,0,1
1,-0.8930941,-1.427994,0.3490682,1,0.8571429,5,1,1,0,0,0,0,0,0,1
0,0.1724827,0.2260886,0.3490682,0,0.5714286,5,1,1,0,0,0,0,0,0,1
0,0.8542801,-0.0890676,0.3490682,1,1,4.5,1,1,0,0,0,0,0,0,1
0,-0.6667047,0.9681265,0.9875695,0,1,4.75,1,0,0,0,0,0,0,0,1
0,-0.4955859,-2.451764,0.3490682,1,0.4285714,4.5,1,1,0,0,0,0,1,0,0
0,0.8542801,0.2260886,0.6679905,0,0.7142857,5,1,1,0,0,0,0,0,0,0
0,-0.3246819,-1.154994,0.395942,1,0.7142857,4.5,1,1,0,0,0,0,0,0,0
0,-0.1923501,1.565015,0.3490682,1,0.8571429,4.5,1,1,0,0,0,1,1,0,0
0,0.3862942,-0.3707998,0.395942,0,0.7142857,4.25,1,0,0,0,0,0,0,1,0
1,-0.3664385,0.2260886,0.3490682,0,0.5714286,4.5,1,1,0,0,1,0,0,0,1
0,-0.3664385,0.2260886,0.076363,0,0.7142857,4.75,1,1,0,0,0,0,0,0,1
0,0.1862115,-0.3707998,0.9875695,1,0.8571429,4.25,1,0,0,0,0,0,0,0,0
0,-0.3947787,-0.3707998,0.3490682,1,0.8571429,4.5,1,0,0,0,0,0,0,0,1
0,-0.3664385,0.2260886,0.3490682,1,1,5,1,1,0,0,0,0,1,0,0
1,-0.3664385,-0.6859559,0.3490682,1,0.8571429,4.25,1,1,0,0,0,0,0,0,1
0,0.1149638,0.2260886,1.260275,1,0.8571429,4,1,1,0,0,0,0,0,0,1
1,0.1862115,0.2260886,0.6217735,0,1,4.25,1,1,0,0,0,0,0,0,1
0,0.8542801,1.241126,1.260275,1,0.7142857,5,1,1,0,0,0,0,1,0,0
0,0.4146344,-1.803986,0.3490682,0,0.8571429,5,1,1,0,0,0,0,0,1,0
0,-0.3664385,0.2260886,0.3490682,0,0.8571429,4.25,1,0,0,0,0,0,0,0,1
0,0.4146344,-1.052001,0.6217735,1,0.8571429,4.75,1,1,1,0,0,0,0,0,1
0,0.4406288,-0.0890676,0.076363,1,1,4.75,1,0,0,0,0,0,0,0,0
0,0.8542801,-0.3373757,0.6679905,1,0.8571429,4.75,1,0,0,0,0,0,0,0,1
0,-0.1923501,-0.3795322,0.3484115,1,0.8571429,4.5,1,1,0,0,0,1,0,0,0
0,-0.3664385,-0.4042238,1.260275,0,0.7142857,5,1,1,0,0,0,0,0,0,1
0,0.8417022,-0.4042238,0.3028512,0,1,5,1,1,0,0,0,0,0,1,0
0,-0.3506762,-0.3795322,1.260275,1,0.5714286,4.75,1,1,0,0,1,0,0,0,1
0,-0.7415176,-1.522254,0.3490682,1,0.5714286,4.75,1,0,0,0,0,0,0,0,1
1,0.044867,-0.4129563,-0.2425593,1,0.7142857,4.5,1,0,0,0,0,0,0,0,0
1,-0.3664385,-1.112838,-0.243216,1,0.5714286,3.75,1,1,0,0,0,0,0,0,1
1,-0.2332681,-0.3373757,-2.384551,1,0.8571429,4,1,0,0,0,0,0,0,0,1
1,-0.3979631,-0.788949,-0.5621383,1,1,4.75,1,0,0,0,0,1,0,0,0
0,0.8385177,1.283283,-1.426471,1,0.5714286,4.75,1,1,0,0,0,0,0,0,0
1,-0.6106238,0.2260886,-1.473345,0,0.8571429,4.25,1,1,0,0,0,0,1,0,0
0,-0.8670998,-0.5072168,-0.2425593,1,0.8571429,4.75,1,0,0,0,0,0,0,0,1
0,-0.6194178,-1.009845,-0.5621383,1,0.7142857,3,1,0,0,0,0,0,0,0,1
0,0.3445376,0.9681265,0.0301459,0,0.4285714,4.25,1,1,0,0,0,0,0,0,0
0,-0.5656826,-0.0890676,-0.5621383,0,0.8571429,4.5,1,1,0,0,0,0,0,0,1
1,0.2110549,-0.0890676,-1.153109,1,0.8571429,4.5,1,1,0,0,1,0,1,0,0
0,-0.2986875,0.2260886,0.0294892,0,0.5714286,4.25,1,0,0,0,0,0,1,0,0
0,0.8542801,-0.6612644,-0.2900898,0,1,4.75,1,1,0,0,0,0,1,0,0
0,-0.4365353,-0.8311055,-0.8817173,0,0.2857143,4.75,1,0,0,0,0,0,0,0,1
1,-0.3664385,-1.888299,0.076363,1,0.8571429,5,1,1,0,0,0,1,1,0,0
0,0.3728777,0.6355053,-0.5621383,1,0.4285714,4.25,1,0,0,0,0,0,0,0,1
0,-0.3664385,-0.3795322,-0.2894331,1,0.8571429,4.5,1,1,0,0,0,0,0,0,1
0,-0.4274541,-1.300309,-0.1963423,1,0.5714286,4.5,1,1,1,0,0,0,0,0,1
1,-0.3246819,-0.4042238,-0.5621383,1,0.8571429,4.25,1,0,1,0,0,0,0,0,1
0,-0.3506762,-0.788949,0.0294892,1,0.8571429,4.75,1,0,0,0,0,0,0,0,1
0,0.8385177,0.2260886,-0.6545724,0,0.5714286,5,1,1,0,0,0,0,0,0,1
1,0.4809475,-0.2863211,-2.384551,1,0.8571429,5,1,0,0,0,0,0,0,0,1
0,0.8259399,-0.9764206,-0.2887764,1,0.8571429,5,1,1,0,0,0,0,1,0,0
1,-0.4522976,-0.3373757,0.0301459,0,0.8571429,4.5,1,0,0,0,0,0,1,0,0
0,-0.3664385,-0.4216887,0.0301459,1,0.1428571,4.5,1,1,0,0,0,0,0,0,0
0,-0.3947787,-1.079414,-0.243216,1,0.8571429,4.5,1,0,0,0,0,0,1,0,0
0,-1.628914,0.0809391,-1.427128,0,0.7142857,4.25,1,0,0,0,0,0,0,0,1
0,-0.3664385,-0.0978001,-0.8810606,0,0.4285714,5,1,0,0,0,0,1,0,0,0
0,-0.3664385,0.2260886,-0.2425593,1,0.5714286,4.5,1,1,0,0,0,0,0,0,1
1,0.3602999,0.5499773,-0.2900898,1,0.5714286,5,1,1,0,0,0,0,0,0,1
0,0.370532,-1.436726,-1.20064,1,0.7142857,4.75,1,1,0,0,0,0,0,0,0
1,0.6550359,-1.530987,-0.8817173,1,0.8571429,4.5,1,0,0,0,0,0,1,0,0
0,-0.3664385,0.2260886,-0.2425593,1,0.5714286,4.5,1,0,0,0,0,0,0,0,0
0,-0.483008,0.6442378,-0.8817173,0,0.7142857,4.25,1,1,0,0,0,0,0,0,1
0,0.7093704,0.2260886,-0.5159213,0,0.8571429,3,1,0,0,0,0,0,0,0,0
1,-0.3246819,-2.451764,-2.384551,1,0.8571429,4.75,1,0,0,1,0,0,1,0,0
0,-0.3979631,-0.4042238,-0.8817173,1,0.8571429,4.5,1,0,0,0,0,0,0,0,1
0,-0.2081124,0.2260886,0.0294892,1,1,4,1,0,0,0,0,0,0,0,0
0,-0.3664385,-0.0890676,0.076363,1,0.7142857,4,1,0,0,0,0,0,1,0,0
1,-0.8828621,0.2260886,-0.2419026,1,0.7142857,5,1,0,0,0,0,0,0,0,1
0,-0.3246819,-0.0890676,-1.473345,1,0.4285714,4.25,1,0,0,0,0,0,0,0,0
0,0.1567204,-1.436726,-1.153766,1,0.8571429,4,1,0,0,0,0,0,0,0,1
0,0.1307261,-0.8311055,0.0301459,1,0.7142857,5,1,0,0,0,0,0,1,0,0
0,-1.441409,-0.8311055,-1.107549,1,0.5714286,5,1,0,0,0,0,1,1,0,0
0,0.683376,0.1230956,-0.2425593,0,0.5714286,4.75,1,1,0,0,0,0,1,0,0
0,-0.3664385,-1.333733,0.0294892,1,1,5,1,0,0,0,0,0,1,0,0
0,0.8542801,1.241126,-0.5621383,0,0.7142857,5,1,1,0,0,0,0,0,0,0
1,-0.3822008,-1.154994,0.0294892,1,0.4285714,4.25,1,1,0,0,0,0,0,0,0
1,0.3433867,0.6442378,-0.0154144,1,1,5,1,1,0,0,0,1,1,0,0
1,-0.8773319,-0.0890676,-0.243216,1,0.7142857,5,0,0,0,0,0,0,0,0,1
1,0.9377933,0.4135602,-0.3356501,1,0.5714286,4.5,1,1,0,0,0,0,1,0,0
0,-0.3664385,-0.8311055,-0.8810606,0,0.8571429,5,1,0,0,0,0,0,0,0,0
1,-0.8604187,-1.427994,-0.5621383,1,1,4.75,1,0,0,0,0,0,0,0,1
0,0.8542801,1.249859,0.0294892,1,1,4.75,1,1,0,0,0,1,0,1,0
1,-0.3664385,-0.7976814,0.0294892,1,0.7142857,4,1,1,0,0,0,0,0,0,1
0,-0.2986875,-0.9676881,0.076363,1,1,4.25,1,0,0,0,0,0,1,0,0
0,-0.6895146,-0.0978001,0.0301459,0,0.4285714,4.5,1,0,0,0,0,1,0,0,1
1,-0.3246819,0.2260886,-2.384551,0,1,4.75,1,1,0,0,1,0,0,0,1
0,-0.3915942,-0.925366,-1.154423,0,0.8571429,4.75,1,0,0,0,0,0,1,0,0
0,-1.828158,-1.39457,-1.74605,0,0.8571429,3.5,1,0,0,0,0,0,0,0,0
0,0.7716054,0.2260886,1.260275,1,0.7142857,4.5,1,0,0,0,0,1,0,0,1
0,-0.3246819,-0.0978001,0.3497249,1,0.8571429,4.5,1,0,0,0,0,0,0,0,1
0,0.8542801,-0.4216887,0.9406958,1,0.7142857,4.75,1,0,0,1,0,0,1,0,0
0,-0.3664385,0.2260886,0.6679905,0,1,4.5,1,0,0,0,0,0,0,0,1
1,0.8542801,-1.112838,1.260275,1,1,4.75,1,1,0,0,0,0,0,0,1
0,0.8542801,0.2260886,1.260275,0,0.8571429,4.5,1,0,0,0,0,0,1,0,0
0,-0.3822008,0.2260886,0.3490682,0,0.8571429,4.25,1,0,0,0,0,0,0,0,1
0,0.8385177,0.2260886,0.9875695,1,0.8571429,4.75,1,1,0,0,0,0,0,0,1
1,0.1567204,0.6442378,0.3490682,1,0.8571429,4.75,1,0,0,0,0,0,0,0,1
0,0.8542801,-0.9764206,0.9413525,1,1,4.5,1,1,0,0,0,0,0,0,1
0,0.8542801,0.9681265,1.260275,1,0.7142857,4.5,1,1,0,0,0,0,0,0,1
0,0.8259399,0.6442378,0.3490682,0,0.8571429,4.75,1,0,0,0,0,0,0,0,1
1,0.6676137,-0.788949,0.3490682,1,0.8571429,5,1,1,0,0,1,0,0,0,1
0,0.8417022,-0.582963,1.260275,1,0.5714286,3,1,1,0,0,0,0,0,0,1
0,0.8960367,0.9681265,0.6679905,1,0.4285714,5,1,0,0,0,0,0,1,0,0
0,0.3445376,0.2260886,0.3490682,0,0.4285714,4.75,1,0,0,0,0,0,1,0,0
1,0.8960367,-0.4129563,0.9406958,1,0.8571429,4.75,1,1,0,0,0,0,0,0,1
0,-0.1923501,0.2260886,1.260275,1,0.7142857,4.5,1,0,0,0,0,0,0,0,1
0,0.8542801,-0.2678068,1.260275,0,1,4.75,1,0,0,0,0,0,0,0,0
0,0.8960367,0.4469843,0.395942,1,0.8571429,4.75,1,0,0,0,0,0,1,0,0
0,0.8542801,0.959394,1.260275,0,0.8571429,5,1,0,0,0,0,0,0,0,1
1,0.8542801,-0.0556436,1.260275,1,0.2857143,5,1,1,0,0,0,0,1,0,0
0,0.30163,-1.112838,0.6686472,1,0.7142857,4.5,1,1,0,0,0,0,1,0,0
0,-0.2081124,-0.6612644,0.9413525,0,0.5714286,5,1,1,0,0,0,0,1,0,0
0,0.8542801,-0.0890676,1.260275,1,0.8571429,5,1,1,0,0,0,0,0,0,0
0,0.8960367,0.5165532,0.6211168,1,0.5714286,4.25,1,1,0,0,0,0,1,0,0
1,0.3602999,-0.9340984,0.3490682,1,0.7142857,4.25,1,1,0,0,0,0,1,0,0
0,-0.3664385,-0.0556436,1.260275,0,0.8571429,4.25,1,1,0,0,0,0,0,0,0
0,-0.3664385,0.2260886,0.3490682,1,0.8571429,4.75,1,0,0,0,0,0,0,0,1
0,-0.1537779,0.2260886,0.3490682,0,0.2857143,5,1,0,0,0,0,0,1,0,0
0,0.8542801,0.2682451,0.9406958,0,0.8571429,4.75,1,0,0,0,0,0,0,0,0
0,0.2145516,0.6442378,0.9413525,1,0.4285714,4.5,1,1,0,0,0,0,0,0,1
0,0.8542801,-0.3707998,0.9875695,1,0.8571429,4.5,1,1,0,0,0,0,1,0,0
0,0.4146344,-0.0556436,0.6679905,0,0.4285714,5,1,0,0,0,0,0,0,0,0
0,-0.7146154,-1.052001,0.3490682,1,0.5714286,4.5,1,0,0,0,0,0,0,0,1
1,-0.8513375,0.2260886,0.3490682,1,1,4.5,1,0,0,0,0,0,0,0,1
0,0.3988721,0.6442378,0.3490682,0,0.2857143,4.75,1,0,0,0,0,0,0,0,1
0,0.30163,-1.112838,0.9875695,1,0.5714286,5,1,0,0,0,0,0,0,0,1
0,0.8542801,-1.018577,0.3490682,1,0.8571429,4.75,1,1,0,0,0,0,1,0,0
0,0.8542801,-0.0556436,0.3028512,1,0.7142857,4.75,1,0,0,0,0,0,0,0,1
0,0.8960367,0.2260886,0.6679905,1,1,4.5,1,0,0,0,0,0,1,0,0
0,0.6360891,0.2260886,0.6686472,1,0.4285714,4.75,1,0,0,0,0,0,0,0,1
0,-0.3664385,0.2260886,0.6686472,0,0.2857143,3.75,1,0,0,0,0,0,0,0,1
0,-0.3246819,-0.6525319,0.9406958,1,0.5714286,5,1,1,0,0,0,1,1,0,0
0,0.8542801,-3.79069,0.6217735,0,0.7142857,4.5,1,1,0,0,0,0,1,0,0
0,0.683376,-0.0978001,0.3021945,0,0.1428571,4.75,1,1,0,0,0,0,0,0,1
0,0.3276244,-0.0890676,0.3497249,1,0.5714286,4.25,1,1,0,0,0,0,0,0,0
1,0.8542801,-0.0890676,1.260275,1,0.7142857,4.75,1,1,0,0,0,0,0,0,1
0,0.8542801,0.8317094,1.260275,1,0.7142857,4.25,1,1,0,0,0,0,1,0,0
0,-0.3664385,0.2260886,0.3490682,0,0.8571429,4.75,1,1,0,0,0,0,1,0,0
0,0.8542801,-0.6349013,0.6217735,1,0.7142857,5,1,0,0,0,0,0,0,0,0
0,0.8802744,-0.7281125,1.260275,0,0.8571429,4.25,1,1,0,0,0,0,0,0,0
0,-0.3924329,-1.249255,0.6679905,0,0.8571429,5,1,1,0,0,0,0,1,0,0
0,-0.3856975,0.4046621,0.3490682,1,0.7142857,4.75,1,1,0,0,0,0,0,0,1
0,0.8542801,0.8229769,1.260275,1,1,5,1,1,0,0,0,0,1,0,0
1,0.1149638,-0.0556436,0.9875695,0,1,4.25,1,1,0,0,0,0,1,0,0
0,0.8542801,-0.3795322,0.9875695,1,0.5714286,5,1,0,0,0,0,0,0,0,1
0,0.4146344,1.241126,0.3490682,1,0.5714286,4.75,1,0,0,0,1,0,0,0,1
0,-0.3664385,-0.8398379,0.3490682,0,1,5,1,0,0,0,0,0,0,0,1
0,-0.3664385,0.2260886,0.9406958,0,0.5714286,5,1,0,0,0,0,0,1,0,0
1,-0.3664385,-0.5072168,0.3490682,0,0.7142857,4.75,1,0,0,0,0,0,1,0,0
0,0.8542801,1.249859,0.9406958,0,1,4.5,1,1,0,0,0,0,0,0,1
0,-0.7867709,-0.3707998,0.3490682,1,0.8571429,4.25,1,0,0,0,0,0,0,0,0
0,-0.3246819,1.565015,0.9875695,1,1,4.5,1,0,0,0,0,0,0,0,1
0,0.3445376,-0.8311055,0.9406958,0,0.7142857,3.5,1,0,0,0,0,0,0,0,1
1,-0.2829252,-1.718458,0.3490682,1,0.8571429,4.75,1,1,0,0,0,0,0,0,1
0,0.9094532,0.3712381,0.9406958,1,0.4285714,4.5,1,1,0,0,0,0,0,0,1
0,-0.3664385,-0.0556436,1.260275,1,0.8571429,4.75,1,0,0,0,0,0,0,0,1
0,-0.6635203,-1.24942,1.260275,1,0.2857143,5,1,0,0,0,0,0,0,0,1
0,0.8960367,0.9681265,0.3490682,1,0.8571429,5,1,0,0,0,0,0,0,0,1
0,-0.1380156,-1.427994,0.3490682,0,0.8571429,5,1,1,0,0,0,0,0,1,0
0,0.8960367,-0.1224916,0.6679905,1,1,3.25,1,0,0,0,0,0,1,0,0
0,-0.3562064,0.2260886,0.9875695,1,0.5714286,5,1,0,0,0,0,0,1,0,0
0,0.8676965,0.3203491,1.260275,1,0.5714286,5,1,1,0,0,0,0,0,0,1
0,-0.3144498,-2.451764,0.6686472,1,0.8571429,4.5,1,1,0,0,0,0,0,0,0
0,-0.3246819,0.2260886,0.6217735,1,0.8571429,3.75,1,0,0,0,0,0,0,0,1
0,-0.3790164,0.5499773,0.3490682,0,0.7142857,4.75,1,1,0,0,0,0,0,0,1
0,-0.3664385,-0.9676881,0.6679905,0,0.7142857,4.75,0,1,0,0,0,0,1,0,0
1,-0.3664385,-0.3373757,0.3490682,1,1,4.5,1,0,0,0,0,0,1,0,0
0,-0.8478408,-0.4737927,0.3497249,1,1,4.75,1,0,0,0,0,0,0,0,1
0,0.8542801,-0.788949,0.6679905,1,0.4285714,4.75,1,1,0,0,0,0,0,0,1
0,0.8960367,-1.018577,0.6217735,1,0.2857143,5,1,1,0,0,0,1,1,0,0
1,-2.891389,-0.4216887,0.6217735,1,0.7142857,4,1,0,0,0,0,0,0,0,1
0,-0.182118,-1.615465,0.3490682,1,0.5714286,4.75,1,1,0,0,0,0,1,0,0
0,-1.267265,-0.5072168,-0.2425593,1,0.2857143,3.75,0,0,0,1,0,0,0,0,1
1,-0.1663557,0.2260886,-1.473345,1,0.8571429,4.5,1,0,0,0,0,0,0,0,1
0,-0.3246819,-0.0556436,-0.5614816,1,1,5,1,1,0,0,0,0,0,0,1
1,-0.2364525,0.2781926,-2.111846,1,1,4,1,0,0,0,0,0,0,0,1
0,-0.8761809,1.565015,-0.5621383,1,0.8571429,5,1,1,0,0,0,0,0,0,1
1,-0.4231188,-0.0890676,-0.6090121,1,0.8571429,5,1,0,0,0,0,0,0,0,1
0,0.9062688,0.2260886,-1.839141,1,0.8571429,5,0,1,1,0,0,0,0,0,1
0,-0.182118,0.2260886,-0.2894331,0,0.5714286,5,1,0,0,0,0,0,1,0,0
1,-1.060501,-0.5159492,-0.2425593,1,0.8571429,4.25,1,0,0,0,0,0,0,0,1
0,-0.3664385,0.2260886,-0.5159213,0,0.8571429,5,1,0,0,1,0,0,0,0,1
0,-0.3664385,0.2260886,-1.20064,1,1,4.75,1,1,0,0,0,0,1,0,0
0,-0.3664385,-0.4737927,-0.5621383,0,1,5,1,0,0,0,1,0,0,0,1
0,0.7873677,-0.3795322,-0.5621383,0,0.7142857,5,1,1,0,0,0,1,0,0,1
0,-0.5247647,0.2260886,-0.8348436,1,0.4285714,5,1,0,0,0,0,0,0,0,1
0,-0.3246819,0.5499773,-2.111846,1,0.8571429,4.75,1,0,0,0,0,0,0,0,1
0,-0.2081124,0.2260886,-0.9279343,0,0.7142857,4.75,1,0,0,0,0,0,0,0,1
0,-0.3246819,-0.9851531,-0.5621383,0,0.8571429,5,1,1,0,0,0,0,0,0,1
0,-2.014225,0.9681265,-1.473345,1,0.8571429,4.25,1,1,0,0,0,0,0,0,0
0,-0.3664385,0.2260886,-0.6083553,0,0.2857143,5,1,1,1,0,0,0,0,0,1
1,-0.353022,-0.4216887,-1.199983,1,1,5,1,0,0,0,0,0,1,0,0
0,-0.4522976,0.6442378,-1.20064,1,0.8571429,4.5,1,0,0,1,0,0,0,1,0
0,-0.3664385,0.2260886,-0.0160711,1,0.5714286,5,1,0,1,0,0,0,0,0,1
0,-0.0825302,1.249859,-1.154423,1,0.8571429,5,1,0,0,0,0,0,0,1,0
1,-0.3664385,0.5499773,-0.9279343,1,1,3.75,1,1,0,0,0,0,0,0,1
0,-0.3404441,-1.146262,-0.5621383,0,0.7142857,4.75,1,1,0,0,0,0,1,0,0
0,0.1567204,0.2260886,-0.2894331,1,0.8571429,4.5,0,1,0,0,0,0,0,0,1
0,0.044867,1.565015,-1.520219,1,0.8571429,4,1,0,0,0,0,0,1,0,0
0,-0.4593452,0.2260886,-1.20064,1,0.8571429,4.75,1,0,0,0,0,0,0,0,1
0,0.8542801,-3.79069,-0.5621383,1,0.4285714,5,1,0,0,0,0,0,0,0,1
0,-0.3790164,-1.112838,-1.74605,0,0.5714286,4,1,0,0,0,0,1,0,0,1
1,0.4213698,-2.024717,-1.745393,1,0.8571429,5,1,0,0,0,0,0,0,0,1
0,0.8542801,1.241126,-1.20064,1,0.7142857,5,1,0,0,0,0,1,0,1,0
0,-0.3664385,0.2260886,-0.2894331,1,0.8571429,4.75,1,1,0,0,0,0,1,0,0
1,-2.911867,1.249859,-1.566436,0,0.8571429,2.5,1,0,0,1,0,0,0,0,1
1,-0.8761809,0.2260886,-1.20064,0,0.7142857,4.75,1,0,0,0,0,0,0,0,1
0,0.8542801,1.565015,-0.5621383,1,1,4.25,1,0,0,0,0,0,0,0,1
0,0.8417022,-0.3707998,-1.20064,1,0.8571429,4.5,1,0,0,0,0,1,0,1,0
0,0.922031,0.6442378,-0.3356501,0,0.4285714,5,0,0,1,0,0,0,0,0,0
0,-1.860833,0.3625056,-0.5621383,1,0.8571429,4.25,1,1,0,0,0,0,1,0,0
1,0.8542801,0.2260886,-1.246857,1,0.7142857,5,1,1,0,0,0,0,0,0,1
0,0.683376,0.2260886,-0.2894331,1,0.8571429,5,1,0,0,0,0,1,0,1,0
0,-1.536319,-1.112838,-2.384551,1,0.8571429,4.75,1,1,0,0,0,0,0,0,1
0,0.3445376,-0.0890676,-1.20064,1,1,5,1,1,1,0,0,0,1,0,0
0,0.1149638,0.2260886,-0.243216,0,0.8571429,5,1,1,0,0,0,0,0,0,1
0,0.467531,-0.0978001,-0.6096688,1,0.1428571,3.25,1,1,0,0,0,0,0,0,1
0,-0.3664385,-1.009845,-0.8817173,1,1,5,1,0,0,0,1,0,0,1,0
0,0.8542801,1.565015,-0.3349934,1,0.8571429,4.5,1,0,1,0,0,0,0,0,1
1,-0.905672,-0.0890676,-2.384551,1,0.8571429,4.75,0,0,0,0,0,0,0,0,1
0,-0.6153398,0.1751996,-1.20064,0,0.7142857,5,1,0,0,1,0,0,0,0,1
0,0.302781,-0.3707998,-0.2900898,0,0.8571429,5,1,0,0,0,0,0,0,0,1
0,-1.095523,0.2260886,-1.839141,1,1,5,1,0,1,0,0,0,0,0,1
1,-0.2624469,0.5499773,-0.7892833,1,0.7142857,4.25,1,0,0,1,0,0,0,0,1
1,0.3433867,-0.7976814,-0.2425593,0,0.8571429,4.25,1,0,1,0,0,0,0,0,1
0,-0.4073565,0.5499773,-1.154423,1,1,5,1,1,0,0,0,0,0,0,1
1,-0.3664385,0.2260886,-1.246857,1,0.8571429,4.75,1,1,0,0,0,0,0,0,1
1,-0.3664385,0.2260886,0.6686472,0,1,4.5,1,0,0,0,0,0,0,0,1
0,0.8802744,1.565015,0.6686472,1,0.8571429,5,1,1,0,0,0,0,0,0,1
0,-0.3664385,0.6442378,0.9413525,0,1,4.5,1,0,0,0,0,0,0,0,1
0,0.3728777,0.2348211,0.9406958,1,0.7142857,4.5,1,1,0,0,0,0,0,0,0
1,-0.249869,0.2260886,0.6679905,0,0.5714286,4.25,1,0,0,0,0,0,0,0,1
0,0.7999455,-0.6946884,1.260275,1,0.7142857,4.5,1,0,0,0,0,0,0,0,1
0,0.3602999,0.2260886,0.6217735,1,1,4.75,1,1,0,0,0,0,0,0,1
0,0.3276244,-0.0890676,0.6686472,1,0.8571429,5,1,1,0,0,0,0,0,1,0
0,0.0471986,0.5499773,0.6686472,1,0.5714286,4.5,1,0,0,0,0,0,1,0,0
0,0.8417022,1.249859,0.6679905,1,1,4.5,1,0,0,0,0,0,0,0,1
0,-0.3664385,-0.1586365,0.3490682,1,1,4.25,1,1,1,0,0,0,1,0,0
1,-1.292134,-1.888299,0.3497249,1,0.8571429,4.75,1,1,0,0,0,0,0,0,1
0,0.3571154,1.241126,1.260275,1,0.7142857,5,1,1,0,1,0,0,0,0,1
1,0.8542801,-0.3373757,1.260275,1,0.7142857,5,1,1,0,0,0,0,0,0,1
0,-1.644676,-1.009845,0.0301459,1,0.7142857,4.5,1,0,0,0,0,0,0,0,1
0,0.8802744,0.959394,0.6217735,1,0.7142857,4.5,1,1,0,0,0,1,0,0,0
1,-0.3506762,0.2260886,0.9406958,0,0.8571429,4.75,1,0,0,0,0,0,0,0,1
0,0.8385177,1.241126,0.3490682,1,0.8571429,4.75,1,0,0,0,0,0,0,0,1
0,-0.2986875,-0.0890676,0.6679905,1,0.2857143,5,0,0,0,0,0,0,0,0,1
0,-0.3664385,-0.8311055,0.3490682,1,0.7142857,4.25,1,1,0,0,0,0,1,0,0
0,0.8542801,-0.1586365,1.260275,1,0.8571429,5,1,0,0,0,0,0,0,0,1
0,0.1602171,-0.0978001,0.9406958,1,0.8571429,5,1,1,0,0,0,0,0,0,1
0,0.1275416,0.9681265,1.260275,0,0.5714286,4.5,1,1,0,0,0,1,0,1,0
0,0.3728777,0.9172375,1.260275,1,0.5714286,4.5,1,1,0,0,0,0,0,0,1
1,0.3249671,0.92597,0.6217735,1,0.5714286,5,1,0,0,0,0,0,0,0,1
0,0.8542801,1.249859,0.3490682,1,0.5714286,5,1,0,0,0,0,0,0,0,1
0,0.8542801,-0.0556436,1.260275,1,0.8571429,5,1,1,0,0,0,0,0,0,0
0,0.30163,0.5078208,1.260275,1,0.8571429,3.25,1,0,0,0,0,0,0,0,1
0,0.6550359,-0.4129563,0.0294892,0,0.7142857,4.5,1,0,0,0,0,0,0,0,1
0,0.8542801,-0.4216887,0.6217735,1,0.7142857,5,1,1,0,0,0,0,1,0,0
1,0.6676137,-0.4216887,0.6686472,0,1,4.5,1,0,0,0,0,0,0,0,1
0,-0.2081124,0.5078208,0.3490682,1,0.4285714,5,0,0,0,0,1,0,0,0,1
0,-0.1923501,0.6442378,0.6679905,1,0.4285714,5,1,1,0,0,0,0,0,0,0
0,0.3728777,-0.1920606,0.6211168,1,1,4.5,1,1,0,0,0,0,0,0,1
0,0.8259399,0.2260886,0.3490682,0,0.8571429,5,1,0,0,0,0,0,0,0,1
0,0.8960367,0.2260886,0.0294892,1,0.5714286,4.5,1,1,0,0,0,0,0,1,0
0,0.8802744,-0.822373,0.3490682,0,0.8571429,5,1,1,0,0,0,0,0,0,1
0,-0.3506762,-0.8311055,0.0294892,0,0.8571429,4.5,1,1,0,0,0,0,1,0,0
0,-1.644676,-0.7976814,0.0294892,1,0.8571429,4,1,0,0,0,0,0,0,0,1
0,-0.3664385,-0.4042238,0.3490682,1,0.8571429,4.5,1,1,0,0,0,0,1,0,0
1,0.8802744,0.2260886,0.9413525,1,0.8571429,5,1,1,0,0,0,0,0,0,1
1,0.8960367,0.6529703,0.0294892,1,1,5,1,0,0,0,0,0,0,0,1
0,0.4280509,-0.4042238,0.3490682,1,0.5714286,5,1,0,0,0,1,0,0,0,1
0,0.8542801,0.6195462,0.9406958,1,1,4.75,1,1,0,0,0,0,1,0,0
0,0.5250499,-0.0469111,0.6679905,1,1,3.75,1,1,0,0,0,0,0,0,1
1,0.8417022,0.0809391,0.3490682,1,1,3.75,1,1,0,0,0,0,0,0,0
1,-0.3404441,-0.6946884,0.3490682,1,0.8571429,3.5,1,0,0,0,0,0,0,0,1
0,0.3728777,-0.1920606,0.3028512,1,0.8571429,4,1,1,0,0,0,0,0,0,0
1,-0.9281839,0.1926646,0.6686472,1,0.7142857,2.75,1,0,0,1,0,0,0,0,1
0,0.4248665,0.9681265,0.3028512,1,1,5,1,0,1,0,0,0,0,0,1
0,0.683376,0.9681265,0.6217735,1,0.7142857,5,1,1,0,0,0,0,0,0,1
0,0.8542801,1.565015,0.6679905,1,0.4285714,5,1,1,0,0,0,0,0,0,1
1,-0.3664385,0.9681265,0.0294892,0,0.8571429,4.25,1,0,0,0,0,0,0,0,1
0,-0.3506762,0.8317094,0.0757063,1,0.8571429,4.75,1,1,0,0,0,1,1,0,0
0,0.8542801,0.8651335,0.9406958,0,0.7142857,4.25,1,1,1,0,0,0,0,0,0
0,-0.3664385,-0.3707998,0.0301459,0,0.8571429,4.25,1,1,0,0,0,0,0,1,0
0,-0.3664385,1.565015,0.0308026,1,0.5714286,4.75,1,1,0,0,0,0,1,0,0
0,0.8542801,0.2260886,0.6217735,1,0.8571429,5,1,0,0,0,0,0,0,0,1
0,0.8417022,0.3290816,0.442159,1,0.5714286,5,1,1,0,0,0,0,0,0,1
1,0.922031,-1.854875,0.9875695,1,0.4285714,4.5,1,0,0,0,0,0,1,0,0
0,0.8542801,-1.888299,0.6217735,0,0.8571429,4.75,1,0,1,0,0,0,0,0,1
0,-0.2986875,-0.4216887,0.076363,1,0.8571429,4.5,1,0,0,0,0,0,0,0,1
0,0.683376,0.2260886,0.3490682,1,0.8571429,5,1,0,0,0,0,0,0,0,0
0,-1.374496,0.1839321,0.3490682,1,0.4285714,4.75,1,0,0,0,0,0,0,0,1
0,0.7511271,-1.812719,0.3484115,0,0.5714286,5,0,1,0,1,0,0,0,1,0
0,0.1669525,-1.009845,0.3490682,1,0.8571429,5,1,0,0,1,0,0,0,0,1
0,-0.3404441,0.2260886,0.3490682,1,0.8571429,4.5,1,0,0,0,0,0,0,0,1
0,0.8960367,0.2260886,0.9413525,1,1,4.75,1,0,0,0,0,0,0,0,1
0,-0.3664385,-0.3373757,0.9406958,1,0.8571429,5,1,0,0,0,0,0,0,0,1
0,0.1149638,0.2260886,0.3490682,0,1,3.5,1,1,0,0,0,0,0,1,0
0,0.9377933,0.5499773,0.0294892,1,0.8571429,4.25,1,0,0,0,0,0,0,0,1
1,0.8802744,-1.803986,1.260275,1,0.8571429,5,1,0,0,0,0,0,1,0,0
0,-0.1537779,0.2260886,0.3490682,1,1,4.75,1,1,0,0,0,0,0,0,1
1,-0.8761809,1.565015,0.3497249,1,0.8571429,5,1,0,0,0,0,0,1,0,0
1,0.4020565,-0.0890676,0.3490682,1,0.8571429,4,1,1,0,0,0,0,0,1,0
0,-0.9190885,-1.300309,0.3497249,1,0.8571429,5,0,1,0,0,0,0,0,0,0
0,-0.3664385,0.2260886,0.0294892,1,0.8571429,4.5,1,1,0,0,0,0,0,1,0
0,0.8542801,1.565015,0.9406958,1,0.5714286,4.75,1,1,0,0,0,0,0,0,1
0,-0.3664385,-0.3707998,0.3490682,1,0.8571429,4.5,1,1,0,1,0,0,0,0,1
0,-0.1380156,-0.788949,0.0301459,1,0.7142857,4.75,1,1,0,0,0,0,0,0,0
0,-0.2364525,-0.0978001,0.3490682,1,1,5,1,0,0,0,0,0,0,0,1
0,-0.3664385,0.2260886,0.3490682,0,1,5,1,0,0,0,1,0,1,0,0
0,0.8542801,-0.3707998,0.3490682,1,0.8571429,5,1,0,0,0,0,0,0,0,1
1,-0.8198129,-1.112838,1.260275,1,0.8571429,2.75,1,1,0,0,0,0,1,0,0
0,0.7841833,0.2348211,0.6217735,1,1,5,1,1,0,0,0,0,0,0,1
1,-0.4175886,-0.0890676,0.3490682,1,0.5714286,4.5,1,1,0,0,0,0,0,0,1
0,0.1602171,0.2260886,1.260275,1,0.2857143,4.75,1,1,0,0,0,0,0,0,1
0,-0.3664385,-1.751882,0.0301459,0,1,4,1,1,0,0,0,0,0,0,1
0,0.8385177,1.283283,0.3490682,1,1,4.5,1,0,1,0,0,0,0,0,1
0,-0.3246819,0.2260886,0.3490682,0,1,4.25,1,0,0,0,0,0,0,0,1
0,0.2279681,0.2595126,0.6679905,1,0.2857143,4,1,1,0,0,0,1,0,0,1
0,0.456391,0.2260886,0.3490682,1,0.7142857,5,1,1,0,0,0,1,0,0,0
1,0.1117793,-0.5072168,-0.2887764,1,0.8571429,4.75,1,1,0,0,0,0,1,0,0
0,0.8960367,-1.112838,-0.5621383,1,0.7142857,5,0,1,0,0,0,1,0,0,0
0,-2.54088,-0.0890676,-1.472688,1,1,4.25,1,1,0,0,0,0,0,0,1
0,-0.2206902,-1.112838,-1.20064,0,0.5714286,4.5,1,1,0,1,0,0,1,0,0
1,-0.1923501,-0.1920606,-0.8355003,0,0,4.5,1,0,1,0,0,0,0,1,0
1,-0.3246819,-0.8311055,-0.2425593,1,0.8571429,4.5,1,0,0,1,0,0,0,0,0
1,-0.2288778,0.6355053,-0.8810606,1,1,3.5,1,0,0,1,0,0,0,1,0
0,0.6936081,0.2260886,-0.243216,1,1,4,1,1,0,1,0,0,0,0,0
0,0.8542801,0.3290816,-1.566436,1,1,4,1,0,1,0,0,0,0,0,1
0,-0.3562064,-0.0890676,-0.8355003,1,1,4.75,1,1,1,0,0,0,0,0,0
0,0.0775425,0.2260886,-1.74605,0,1,4.5,1,0,1,0,0,0,0,0,0
0,-0.6311021,-0.9676881,-0.6090121,1,0.4285714,4.75,1,1,0,0,0,0,0,0,1
0,-0.3664385,0.2260886,-0.5614816,1,0.7142857,4.5,1,0,1,0,0,0,0,0,1
0,-0.864754,0.2260886,-0.5621383,0,1,4,1,1,1,0,0,0,1,0,0
0,0.7377105,0.6529703,-0.5621383,0,0.8571429,5,0,1,0,1,0,0,0,1,0
1,-0.244353,-0.4042238,-0.8817173,1,0.8571429,4.5,1,0,1,0,0,0,0,0,1
0,-0.3664385,0.2260886,-0.2425593,0,0.8571429,4.5,1,1,0,1,0,0,0,0,0
1,0.8259399,0.2260886,-0.243216,1,0.2857143,4.25,1,0,1,0,0,0,0,0,1
0,-0.4376862,0.6529703,-0.5621383,1,1,5,1,1,0,1,0,0,0,1,0
0,-0.3506762,0.2260886,-0.2425593,0,0.4285714,4.5,1,1,0,0,0,0,0,1,0
0,-0.3664385,-0.4042238,-0.5159213,1,1,4.5,1,0,1,0,0,0,0,0,1
1,-1.105755,0.2260886,-1.153766,1,0.5714286,4.75,1,0,0,0,0,0,0,0,0
1,0.8542801,1.283283,-2.384551,1,1,5,1,1,1,0,0,0,0,0,0
1,-1.108101,-0.6859559,-1.745393,1,0.8571429,4.75,1,0,0,1,0,0,0,0,1
0,0.7999455,1.565015,-0.9741514,1,1,5,1,1,0,0,0,0,0,0,1
0,-0.3915942,-1.173674,-0.2887764,0,0.8571429,4.75,1,0,0,1,0,0,0,0,1
1,-0.3790164,-0.7555249,-0.2894331,1,0.4285714,5,1,1,1,0,0,0,0,0,1
0,-0.3246819,-1.112838,-0.9279343,0,0.7142857,4,1,1,1,0,0,0,0,0,0
0,-0.4987703,-1.112838,-0.6083553,1,0.8571429,4.75,1,1,0,1,0,0,0,1,0
1,-0.5790992,-0.0890676,-0.8817173,1,0.5714286,5,1,1,0,0,0,0,1,0,0
0,-0.3664385,-0.4216887,-0.2894331,1,0.4285714,5,0,0,0,1,0,0,0,0,0
0,-0.5373425,-0.0890676,-0.6090121,1,0.2857143,4.5,1,1,0,1,0,0,1,0,0
0,-0.3664385,0.2260886,-0.2900898,1,0.8571429,5,1,0,1,0,0,0,0,0,1
1,0.8542801,1.565015,-2.384551,0,0.2857143,5,0,1,1,0,0,0,0,0,0
0,0.2563083,-0.0890676,-0.6552291,1,0.4285714,4,0,0,1,0,0,0,0,1,0
0,-0.3506762,0.2260886,-1.519562,1,0.8571429,4.5,1,1,1,0,0,0,0,0,1
0,-1.641492,-0.8311055,-0.5634518,1,1,4.25,1,1,0,0,0,0,1,0,0
1,-0.3246819,0.2260886,-0.243216,1,0.8571429,4.75,1,1,0,1,0,0,0,1,0
1,-0.3404441,0.2260886,-1.566436,1,1,4.5,1,1,0,1,0,0,0,1,0
0,0.8542801,1.565015,-0.5621383,0,0.4285714,5,1,0,1,0,0,0,0,0,1
0,0.8542801,0.2682451,-0.9285911,1,0.8571429,5,1,1,0,1,0,0,0,0,1
0,-0.483008,0.2260886,-0.2900898,1,0.4285714,5,1,1,0,0,0,0,1,0,0
0,0.1862115,-0.0978001,-0.9272776,0,0.2857143,5,1,1,0,1,0,0,0,0,0
0,0.2315333,0.5412448,-0.5621383,1,0.8571429,5,1,1,0,1,0,0,0,1,0
0,-0.7826787,0.5499773,-0.2900898,0,0.8571429,4.25,0,0,1,0,0,0,0,0,1
0,-0.3664385,0.5412448,-0.196999,1,1,4.5,0,1,0,0,0,0,0,0,1
0,0.8417022,0.5499773,0.3490682,0,0.7142857,5,1,1,0,1,0,0,1,0,0
0,-1.587157,-1.112838,1.260275,1,0.8571429,4.75,1,0,1,0,0,0,0,0,0
1,0.8385177,0.5412448,0.0301459,1,1,4.25,1,1,0,1,0,0,0,1,0
1,-0.9190885,0.6529703,-0.0167278,1,0.8571429,3.5,1,1,0,0,0,0,0,0,0
0,0.3728777,0.2260886,0.9413525,1,0.7142857,5,0,0,0,1,0,0,0,0,1
0,0.8542801,1.241126,-0.0154144,1,0.8571429,5,1,1,0,1,0,0,0,0,1
0,-0.8478408,0.2260886,0.6679905,0,0.8571429,4.5,1,1,0,0,0,0,0,0,1
0,-0.0793457,0.9681265,-0.0173845,1,0.4285714,4.5,1,1,0,1,0,0,0,0,0
0,-0.3664385,0.2260886,0.3490682,0,1,4.5,1,1,0,1,0,0,0,1,0
1,0.3185433,0.3203491,0.9875695,1,0.5714286,5,1,0,1,0,0,0,0,0,1
0,-0.3664385,-1.052001,0.3490682,1,0.5714286,5,1,0,0,1,0,0,0,1,0
1,-0.3664385,0.2260886,0.0301459,0,0.7142857,4.75,1,0,0,1,0,0,0,1,0
1,0.30163,1.565015,0.9406958,1,1,4,1,1,0,0,0,0,0,0,1
0,-0.3246819,-0.0556436,0.3490682,1,0.2857143,5,1,1,0,1,0,0,0,0,1
0,-0.1978803,1.565015,1.260275,1,0.8571429,4.5,1,0,1,0,0,0,1,0,0
0,0.2189554,0.6442378,0.0301459,1,0.8571429,5,1,1,1,0,0,0,0,0,1
0,0.6290416,-1.897032,0.0301459,1,0.5714286,4.5,1,0,1,0,0,0,0,1,0
0,0.7093704,1.565015,-0.1963423,0,0.7142857,4.5,1,1,1,0,0,0,0,0,1
0,-1.248319,-0.0978001,0.0294892,1,0.8571429,4.25,1,1,1,0,0,0,0,1,0
0,0.2890522,0.2260886,0.9406958,1,0.1428571,4.75,1,1,1,0,0,0,0,1,0
1,0.8542801,-0.2254846,0.395942,1,0.8571429,5,1,1,0,1,0,0,0,1,0
1,0.6676137,-0.0890676,0.6679905,1,0.2857143,4,1,0,0,0,0,0,0,0,0
0,-0.1120212,-1.009845,1.260275,1,0.8571429,5,1,1,0,0,0,1,0,0,1
0,0.8960367,-0.4042238,0.0301459,1,0.8571429,4.5,1,1,0,0,0,0,0,0,1
0,0.8417022,0.2260886,0.7148643,1,0.8571429,5,1,1,0,1,0,0,0,1,0
0,0.8834589,0.2260886,0.3490682,1,1,5,1,1,0,1,0,0,0,1,0
0,-0.5247647,-0.0890676,0.0294892,0,0.2857143,4.5,1,0,1,0,0,0,0,0,0
0,0.456391,-0.3707998,1.260275,1,0.5714286,5,1,1,1,0,0,0,1,0,0
0,0.8542801,0.6529703,0.6679905,1,0.8571429,5,1,0,0,1,0,0,0,1,0
0,0.8960367,1.565015,0.0288325,0,0.8571429,5,1,1,1,0,0,0,1,0,0
0,-0.2081124,-0.822373,0.0301459,1,1,4.5,1,0,0,1,0,0,0,0,0
0,0.8960367,0.2260886,0.6679905,0,0.5714286,4.75,1,1,0,1,0,0,0,0,0
0,0.8542801,0.9681265,0.0294892,0,0.4285714,4,1,1,0,0,0,1,0,0,1
0,0.8542801,0.2694601,0.9875695,1,0.7142857,3.5,1,0,1,0,0,0,1,0,0
1,-0.3664385,-1.112838,0.3490682,1,0.8571429,3.75,1,0,1,0,0,0,0,1,0
0,-0.3664385,0.2260886,0.0301459,0,0.1428571,4.75,1,1,1,0,0,0,0,0,0
0,-0.3664385,0.2260886,0.9406958,1,0.7142857,5,1,0,1,0,0,0,0,1,0
0,-0.3664385,-1.615465,-0.8810606,1,0.7142857,4,1,1,0,0,0,0,0,0,0
0,-1.112504,-0.3707998,-0.5621383,1,0.4285714,4.5,1,0,0,0,0,1,1,0,0
0,0.8542801,0.92597,-0.5621383,1,1,3.75,1,1,0,0,0,0,0,0,1
0,0.0606293,-0.4129563,-0.2425593,1,0.7142857,4.75,1,1,0,0,0,0,0,0,0
0,0.8542801,-1.291411,-1.153766,0,0.5714286,5,1,0,1,0,0,0,1,0,0
0,0.2840491,-0.6612644,-1.29373,0,1,3.75,1,1,0,0,0,0,0,0,1
0,-0.3246819,-0.8311055,-0.2894331,1,0.8571429,4.75,1,1,0,0,0,0,0,0,1
1,-0.3664385,0.2260886,-0.8817173,1,0.5714286,4.75,1,0,0,0,0,0,1,0,0
0,0.3602999,-0.822373,-0.243216,0,0.4285714,5,1,1,0,0,0,0,0,0,1
1,-1.587157,-0.0556436,-1.74605,1,0.8571429,4.75,1,0,0,0,0,0,0,1,0
1,-0.182118,-1.130303,-0.2900898,1,0.5714286,5,1,0,0,0,0,0,0,1,0
0,-0.1505934,-1.052001,-0.2900898,1,0.8571429,5,1,0,1,0,0,0,0,0,1
1,0.9322631,0.92597,-0.9279343,1,0.8571429,5,1,0,1,0,0,0,0,0,0
0,-0.3664385,-0.6946884,-0.243216,1,0.8571429,3.75,1,0,0,0,0,0,0,1,0
0,0.3725655,-0.0890676,-1.20064,1,0.8571429,4.5,0,0,0,0,0,0,0,0,1
0,-0.483008,0.2260886,-1.745393,1,1,4.25,1,0,0,0,0,0,0,0,0
0,-0.9384159,0.2260886,-1.153766,1,0.7142857,4.75,1,1,0,0,0,0,0,0,1
1,-1.134095,0.2260886,-1.20064,1,0.8571429,4.75,1,0,0,0,0,0,0,0,1
1,-0.3664385,-0.3707998,-0.1963423,1,1,3.5,1,1,0,0,0,0,0,1,0
0,0.4163809,1.565015,-0.6083553,1,0.7142857,4,1,1,0,0,0,0,0,0,1
0,-0.3664385,0.2260886,-0.5621383,0,1,4.75,0,0,0,0,0,0,1,0,0
1,0.8542801,1.565015,-1.519562,1,1,4,1,0,0,0,0,0,0,0,1
1,-1.561163,-0.0890676,-1.520219,1,0.7142857,3.75,1,0,0,0,0,0,0,1,0
1,0.8417022,-0.3707998,-0.2894331,0,1,4,1,0,0,0,0,0,1,0,0
0,-0.3664385,-0.1224916,-0.243216,1,0.8571429,3.5,1,0,0,0,0,0,0,1,0
0,0.8417022,-0.0556436,-1.20064,1,1,5,1,1,0,0,0,0,1,0,0
1,0.2019738,0.2260886,-1.246857,0,1,4.5,1,0,1,0,0,0,0,0,0
0,0.8133621,-0.3707998,-0.243216,1,0.8571429,5,1,1,0,0,0,0,0,0,0
1,-0.5090024,-0.0556436,-1.201296,1,0.5714286,2.75,1,1,0,0,0,1,0,1,0
0,0.4146344,-0.0890676,-0.243216,1,0.4285714,5,1,0,0,0,0,0,1,0,0
1,-1.105755,-0.788949,-1.20064,1,0.8571429,3.5,1,0,0,0,0,1,0,0,1
1,-2.691306,0.2260886,-1.474002,0,0.8571429,4.5,1,0,0,0,0,0,0,0,1
0,-0.2466846,0.2260886,-0.243216,0,0.8571429,4,1,0,0,0,0,0,0,0,0
1,0.2019738,1.565015,-2.384551,0,0.4285714,5,1,1,1,0,0,0,1,0,0
0,0.3728777,-0.013487,-0.2894331,1,0.8571429,4.5,1,0,0,0,0,0,0,0,1
0,0.6676137,0.5412448,-0.243216,1,0.8571429,4.5,1,0,0,0,0,0,1,0,0
0,-2.320943,-1.436726,-0.243216,1,0.4285714,3,1,0,0,0,0,1,0,1,0
1,0.6290416,0.1839321,-1.246857,1,0.7142857,4.75,1,1,0,0,1,0,0,0,1
0,0.8542801,-1.676302,-0.5621383,1,0.8571429,4.25,1,0,0,0,0,1,0,0,1
0,0.3602999,-0.8311055,-0.8341869,1,0.5714286,4.25,1,0,0,0,0,1,0,0,0
1,-0.3822008,-0.9676881,-2.111846,1,0.8571429,4.75,1,0,0,0,0,0,1,0,0
0,0.4526073,-0.9676881,-2.384551,1,0.7142857,5,1,0,0,0,0,0,1,0,0
0,0.4280509,0.3203491,-1.839141,0,1,5,1,0,0,0,0,0,0,1,0
0,0.3308088,1.283283,-1.154423,1,0.4285714,5,1,0,1,0,0,0,0,1,0
0,0.1149638,0.5078208,-0.243216,1,1,3.75,1,0,0,0,0,0,0,1,0
0,0.6518515,0.2260886,-0.243216,0,0.7142857,4.5,1,1,0,0,0,0,1,0,0
0,-0.4491132,-0.5072168,-0.8355003,0,0.5714286,4.75,1,1,0,0,0,0,0,0,0
1,0.9377933,0.8317094,-1.519562,1,0.7142857,3.75,1,0,0,0,0,1,0,1,0
1,0.8834589,-1.028359,-0.8348436,1,0.7142857,4.75,1,0,0,0,0,0,0,0,0
1,-0.3664385,-0.0556436,-0.5621383,1,0.8571429,3,1,1,0,0,0,0,0,1,0
0,0.2437304,-0.0469111,-0.2425593,1,0.7142857,4.25,1,1,1,0,0,0,0,1,0
0,0.2732899,0.6442378,-0.243216,0,0.8571429,3.75,1,1,0,0,0,0,1,0,0
1,0.8259399,-1.146262,-0.2894331,0,0.8571429,5,1,1,0,0,0,0,1,0,0
1,-1.580408,0.5499773,-1.839141,0,0.8571429,4.25,1,0,0,0,0,0,0,0,1
1,-1.416253,-0.5072168,-0.6090121,1,0.8571429,4,1,0,0,0,0,0,1,0,0
0,-0.2238747,0.2260886,-0.2900898,0,0.7142857,5,1,0,1,0,0,0,1,0,0
0,0.7558431,-0.0890676,-1.520219,1,0.7142857,4.75,1,1,0,0,0,0,0,0,1
0,-2.12639,-0.788949,-2.384551,0,0.8571429,4.5,1,1,0,0,0,0,1,0,0
0,-0.1797722,1.565015,-1.20064,0,1,4,1,1,0,0,0,0,0,0,1
0,-0.0016057,-0.0978001,-0.2894331,1,0.7142857,5,1,1,0,1,0,0,0,1,0
0,-0.2986875,-1.154994,0.3490682,1,0.8571429,4.25,1,0,0,0,0,0,0,1,0
1,-0.3246819,-2.00019,1.260275,0,1,4,1,1,1,0,0,0,0,0,1
1,0.9637877,-0.8311055,0.3490682,1,0.5714286,5,1,0,0,1,0,0,0,1,0
0,0.8227555,0.0809391,0.6679905,0,0.2857143,3.75,1,0,0,0,0,1,0,1,0
0,1.021307,1.565015,0.9413525,1,0.5714286,5,1,0,0,0,0,0,0,0,1
0,0.8542801,1.565015,0.0294892,1,0.7142857,4.5,1,1,0,0,0,0,0,1,0
1,-0.5282614,0.5165532,0.0770197,1,0.7142857,3,1,0,0,0,0,0,0,1,0
0,0.7999455,-2.639235,1.260275,1,0.7142857,5,1,1,0,0,0,0,0,1,0
1,0.8960367,1.283283,0.9406958,1,0.7142857,4.5,1,1,0,0,0,1,1,0,0
0,0.8259399,-0.7034209,0.3490682,1,0.4285714,5,1,0,0,0,0,1,1,0,0
1,-0.3664385,-0.0890676,0.0294892,1,0.7142857,4.75,1,0,0,0,0,0,0,0,1
0,0.8542801,0.9347024,0.3490682,1,0.7142857,4,1,0,0,1,0,0,0,0,1
1,-0.734768,-0.3795322,0.3490682,1,0.8571429,5,1,1,0,0,0,1,0,0,1
0,0.8259399,-2.451764,0.6686472,1,0.8571429,5,1,1,1,0,0,0,0,1,0
0,0.8542801,1.249859,1.260275,1,0.7142857,5,1,1,0,0,0,0,1,0,0
0,0.8542801,0.959394,0.395942,1,0.4285714,5,1,0,0,0,0,0,0,1,0
1,0.8960367,0.2260886,0.9413525,1,0.5714286,4.25,1,0,0,0,0,0,0,1,0
0,0.8542801,-2.775652,0.6686472,1,0.8571429,5,1,0,1,0,0,0,0,0,0
1,-0.3664385,0.2260886,0.3490682,1,0.8571429,4.25,1,0,0,0,0,1,0,1,0
0,-0.2081124,0.2260886,0.3490682,1,0.8571429,4.5,1,1,1,0,0,0,0,1,0
1,0.8385177,-0.9340984,0.9406958,1,0.7142857,4.75,1,1,0,0,0,0,1,0,0
0,0.30163,-0.0890676,0.3490682,1,0.7142857,4.25,1,0,1,0,0,0,0,0,1
0,-0.3664385,0.2260886,0.0301459,1,0.7142857,5,1,0,0,0,0,0,0,1,0
0,-0.420773,-0.013487,0.0301459,1,0.7142857,4.75,1,0,0,0,0,0,0,0,0
0,0.7251327,0.5165532,1.260275,0,0.7142857,4,1,1,1,0,0,0,0,1,0
1,-0.1663557,-2.25556,0.6679905,1,0.8571429,5,1,1,0,0,0,0,0,0,0
1,0.8542801,1.241126,0.9406958,1,0.5714286,5,1,1,0,0,0,0,0,0,0
0,0.8960367,0.3712381,1.260275,1,0.7142857,4.75,1,1,0,0,0,0,0,0,1
0,0.8542801,0.9347024,0.3490682,0,0.8571429,5,1,1,0,0,0,0,0,0,1
0,-0.2081124,-0.0222195,0.3490682,1,0.7142857,5,1,1,0,1,0,0,0,1,0
0,-0.2081124,-0.6946884,0.0294892,1,0.5714286,4.75,1,0,0,0,0,0,0,1,0
1,0.3276244,0.8317094,0.9875695,1,0.8571429,4.75,1,1,0,0,0,0,1,0,0
1,0.8960367,0.6108137,1.260275,1,1,4.75,0,1,0,0,0,0,0,0,1
0,0.3728777,-0.3707998,0.3490682,1,0.8571429,4.5,1,1,0,0,0,0,0,0,0
0,0.8259399,1.565015,0.6211168,1,1,5,1,1,0,0,0,0,1,0,0
0,0.30163,0.6442378,0.9406958,1,0.5714286,4,1,1,0,0,0,0,0,1,0
1,-1.63241,-1.112838,0.0757063,1,1,5,1,0,0,0,0,0,0,0,1
0,0.6416194,0.0807735,0.9406958,1,0.8571429,5,1,1,0,0,0,0,1,0,0
0,0.8542801,0.9681265,0.9406958,0,0.5714286,5,1,1,0,0,0,0,0,1,0
0,-0.1537779,0.2260886,0.6217735,0,0.8571429,5,0,0,1,0,0,0,0,0,1
0,-0.3664385,-0.7976814,1.260275,1,0.8571429,4.5,1,1,0,0,1,0,1,0,0
1,-0.3664385,0.2260886,0.0294892,1,0.8571429,5,1,0,0,0,0,0,0,1,0
0,-0.3404441,0.2260886,0.3952852,0,0.5714286,4.5,1,0,0,0,0,0,0,0,1
0,-0.1797722,0.2260886,0.3490682,1,0.8571429,5,1,1,0,1,0,0,0,0,1
0,-0.3246819,-0.4216887,0.9406958,1,0.8571429,4,1,1,0,0,0,0,0,0,0
0,0.8542801,0.2260886,1.260275,1,0.8571429,5,1,1,0,0,0,0,0,0,0
0,-0.7374253,-1.23074,0.0294892,1,0.4285714,2.5,1,1,0,0,0,0,0,1,0
1,0.8542801,1.283283,0.9875695,1,0.5714286,5,1,1,0,1,0,0,0,0,0
0,0.6676137,0.92597,0.9875695,0,0.7142857,5,1,0,0,0,0,0,1,0,0
0,0.7999455,-0.6946884,0.3952852,1,0.5714286,4.75,1,0,0,0,0,0,0,0,1
1,-0.3664385,0.2260886,0.6679905,1,0.5714286,5,1,0,0,0,0,0,0,1,0
0,0.6258571,-0.3707998,0.6679905,0,0.7142857,4.5,1,0,0,0,0,0,0,1,0
0,0.8542801,0.9681265,0.6679905,1,0.8571429,5,1,0,1,0,0,0,0,0,1
0,0.6959539,-0.3795322,0.6679905,1,1,5,1,0,0,0,0,0,1,0,0
0,0.8542801,0.2260886,0.6211168,0,0.8571429,4.5,1,1,1,0,0,0,1,0,0
0,0.1307261,-0.3795322,0.3490682,1,0.8571429,4.75,1,1,0,0,0,0,0,0,1
0,-0.3246819,-0.0556436,0.3490682,1,0.4285714,4.25,1,1,0,0,1,0,1,0,0
0,0.8960367,-0.6859559,0.0294892,0,1,4.75,1,1,0,0,0,0,0,1,0
0,0.8960367,1.565015,0.0301459,1,1,5,1,1,0,0,0,0,1,0,0
0,0.8542801,-0.6859559,0.6679905,1,1,4.5,1,0,0,0,0,0,0,0,1
0,-0.3246819,0.2260886,0.3490682,0,0.1428571,4.75,1,1,0,0,0,0,1,0,0
0,0.5092876,0.8317094,0.0294892,1,0.7142857,3.5,1,0,0,0,0,0,0,0,1
0,-0.8478408,0.2260886,0.0294892,1,0.8571429,4.25,1,0,0,0,0,0,0,0,0
0,-1.200408,0.6442378,0.6679905,0,1,4,1,0,0,0,0,0,0,1,0
0,-0.3822008,-2.451764,0.3490682,0,0.4285714,5,1,0,0,0,0,0,1,0,0
1,0.8542801,0.2260886,1.260275,1,1,5,1,0,0,0,0,0,0,0,0
0,0.8542801,0.9681265,1.260275,1,1,4.5,1,1,0,0,0,0,1,0,0
0,-0.3042035,-1.112838,0.1232367,1,0.8571429,4.25,0,0,0,1,0,0,0,1,0
0,0.2019738,-0.4737927,1.260275,1,0.5714286,3.75,1,1,0,0,0,0,0,1,0
0,0.1862115,0.9681265,0.076363,1,0.4285714,5,1,1,0,0,0,0,0,0,1
0,0.1704492,-0.6946884,0.076363,1,0.5714286,5,1,0,0,0,0,0,0,0,1
0,-0.3664385,0.2260886,1.260275,1,0.5714286,4.25,1,1,0,0,0,0,0,0,0
0,0.8417022,-0.788949,0.6679905,1,0.5714286,5,1,0,0,0,0,0,0,1,0
1,-0.3089196,0.2260886,0.3490682,1,0.5714286,4,1,1,0,0,0,0,0,0,0
0,-0.3979631,0.2260886,0.3490682,1,0.4285714,4,1,0,0,0,0,0,0,0,1
0,0.3118621,-0.1833281,1.260275,0,0.7142857,4.75,1,1,0,0,0,0,0,0,1
0,-0.2081124,0.2260886,0.6686472,1,0.8571429,5,1,0,0,0,0,0,0,1,0
1,0.8960367,-0.3795322,0.9406958,1,0.2857143,5,1,0,0,0,0,0,0,0,1
0,0.683376,1.565015,0.3490682,1,0.8571429,4.75,1,1,1,0,0,0,1,0,0
0,-0.8761809,-0.5493733,0.0301459,1,0.8571429,5,1,0,0,0,0,0,0,0,0
0,0.8960367,0.3290816,0.6217735,0,0.5714286,5,1,1,1,0,0,0,1,0,0
0,-0.3246819,-0.3707998,0.0294892,1,0.7142857,5,1,1,0,0,0,0,0,0,0
0,-1.089993,-0.5159492,1.260275,1,0.7142857,3.75,1,0,0,0,0,0,1,0,0
0,-0.3664385,0.2260886,0.3490682,1,1,4.5,1,0,0,0,0,1,0,1,0
1,0.8960367,1.565015,1.260275,1,0.4285714,4.25,1,1,0,1,0,0,0,0,1
1,-1.018745,-0.0890676,0.3490682,1,1,3.75,1,1,0,0,0,0,0,0,1
0,-0.2081124,-0.0890676,-1.792924,1,0.7142857,4.5,1,0,0,1,0,0,1,0,0
0,-0.3979631,0.8229769,-0.8355003,1,1,5,0,0,1,0,0,0,0,0,1
1,0.7093704,-0.4463803,-0.6090121,0,0.8571429,4.75,1,0,0,1,0,0,0,0,0
0,0.7377105,1.241126,-1.566436,0,0.8571429,5,0,1,1,0,0,0,1,0,0
0,0.7841833,0.6529703,-0.2900898,0,0.5714286,5,1,0,0,0,0,0,0,0,1
1,-0.3822008,-0.4042238,-0.5159213,1,1,4,1,1,1,0,0,0,0,1,0
0,-0.2466846,0.5499773,-1.153766,1,0.8571429,5,1,0,1,0,0,0,1,0,0
0,0.8960367,0.7198184,-0.9279343,1,0.5714286,4.75,0,0,1,0,0,0,0,0,1
0,0.3602999,1.565015,-0.5621383,1,0.8571429,5,0,0,1,0,0,0,0,0,0
0,0.0062948,1.241126,-0.2425593,0,0.8571429,4.75,1,1,0,0,0,0,1,0,0
0,0.8259399,0.959394,-0.882374,1,0.8571429,5,1,1,0,0,1,0,0,1,0
0,-0.1797722,-1.930622,-0.9279343,0,0.8571429,3,1,0,1,0,0,0,0,0,1
0,-1.316978,-0.925366,-0.6083553,1,0.5714286,4.5,0,1,1,0,0,0,0,0,1
1,-2.085473,0.0051929,-2.064972,0,1,2.5,1,0,0,0,0,1,1,0,0
0,0.8960367,0.8317094,-1.29373,0,0.8571429,5,1,1,1,0,0,0,0,0,1
1,0.8676965,-0.4042238,-0.6552291,1,0.8571429,4.75,1,1,1,0,0,0,1,0,0
1,-0.3664385,0.2260886,-0.5621383,0,0.8571429,4.5,0,0,0,0,1,0,0,0,1
1,-1.24336,-0.3707998,-0.5621383,1,0.8571429,4.5,1,0,0,0,0,0,1,0,0
0,0.2697248,-0.6102098,-0.8355003,0,0.8571429,5,1,0,0,0,0,0,1,0,0
0,0.8802744,-0.0890676,-0.2887764,1,0.7142857,4.5,1,1,1,0,0,0,0,0,1
0,-0.3506762,-0.6525319,-0.8810606,0,0.8571429,4.75,1,0,1,0,0,0,0,0,1
0,-2.284717,0.2260886,-0.2425593,1,0.8571429,4.5,1,0,0,0,0,0,1,0,0
0,-0.2624469,-0.3795322,-0.2900898,0,1,4.25,1,0,0,0,0,0,0,0,0
0,0.6518515,1.249859,-1.106892,1,0.8571429,4.75,1,0,1,0,0,0,0,0,0
0,0.9377933,0.2260886,-0.5621383,1,0.8571429,4.75,1,0,1,0,0,0,1,0,0
0,0.8960367,0.9681265,-0.3363068,1,0.4285714,4.5,1,0,1,0,0,0,1,0,0
0,0.9377933,1.565015,-0.2425593,0,0.5714286,4.25,1,0,1,0,0,0,0,0,1
0,-1.050269,-0.3707998,-2.384551,1,0.4285714,4,1,0,0,0,0,0,0,0,0
1,0.1476392,-0.0890676,-1.839141,0,0.7142857,4,1,0,1,0,0,0,0,1,0
0,0.745611,-1.112838,-0.3369635,0,0.8571429,4.5,1,0,1,0,0,0,0,0,1
0,-0.3246819,-0.0890676,-0.5621383,1,0.5714286,4.5,1,0,1,0,0,0,0,0,1
0,-0.3144498,0.2260886,-1.473345,1,0.8571429,4,0,1,0,0,0,0,1,0,0
0,0.8259399,-1.12157,-1.519562,1,0.2857143,5,1,0,1,0,0,0,0,0,1
0,0.370532,0.6442378,-0.5621383,1,0.7142857,4.75,1,1,1,0,0,0,1,0,0
0,-0.4365353,0.9681265,-0.8348436,1,1,4.5,1,1,0,0,0,0,0,0,1
0,-0.3246819,-0.8919419,-0.5621383,1,0.5714286,3.75,0,0,0,0,1,0,0,0,1
0,-0.3664385,0.2260886,-2.111846,0,0.7142857,4.75,1,1,1,0,0,0,0,0,1
0,0.2890522,-0.0978001,-0.6090121,0,0.7142857,5,1,0,1,0,0,0,1,0,0
0,-0.3144498,-1.888299,-1.29373,0,0.8571429,4.75,1,0,1,0,0,0,0,0,1
0,0.3185433,-0.4737927,-0.6090121,1,0.8571429,4.5,1,1,1,0,0,0,0,0,1
0,-0.9474286,0.2260886,-1.566436,1,0.8571429,5,1,0,1,0,0,0,1,0,0
0,-0.3664385,-0.0890676,-0.8817173,0,0.7142857,5,1,0,1,0,0,0,0,1,0
0,0.313013,0.3290816,-0.2425593,1,0.2857143,5,1,0,1,0,0,0,1,0,0
0,-0.5531048,-0.5159492,-0.5159213,1,0.8571429,4,1,0,0,0,0,0,0,0,0
0,-0.2081124,1.241126,-0.6090121,0,0.8571429,4.75,1,0,0,1,0,0,1,0,0
0,-0.919157,-0.4737927,-1.566436,1,0.5714286,4,1,0,1,0,0,0,0,0,0
0,0.8960367,1.565015,-0.9279343,0,0.7142857,4.5,1,0,1,0,0,0,1,0,0
0,0.8227555,-0.5072168,-0.2894331,1,1,4.75,1,1,0,0,0,0,1,0,0
0,-0.3979631,0.2260886,-1.792267,1,0.8571429,4.75,1,0,1,0,0,0,1,0,0
0,-1.175852,-0.1920606,-1.472688,1,1,4.75,1,0,1,0,0,0,0,0,1
1,0.7660752,0.6355053,-1.839141,1,0.7142857,4.75,1,0,1,0,0,0,0,0,0
0,-0.8930941,0.5499773,-1.472688,0,1,5,1,1,0,1,0,0,0,0,1
0,-0.3664385,-0.5670039,-0.243216,0,0.8571429,3,1,1,1,0,0,0,0,0,0
1,-1.088842,-0.4042238,-1.425814,1,0.8571429,4,1,0,1,0,0,0,0,0,1
0,0.7747898,1.565015,-0.2425593,0,0.4285714,4.5,1,1,1,0,0,0,0,0,1
0,0.8960367,0.2595126,0.9413525,0,0.8571429,5,0,0,0,1,0,0,0,0,1
1,-0.3664385,0.2260886,0.6679905,0,0.8571429,4.25,1,0,0,1,0,0,0,0,1
1,-0.3664385,0.2260886,1.260275,1,0.8571429,5,1,1,0,1,0,0,1,0,0
0,0.8542801,1.565015,0.6217735,1,0.7142857,5,1,1,1,0,0,0,1,0,0
0,0.7873677,1.565015,1.260275,0,1,5,1,1,1,0,0,0,0,0,0
0,0.8542801,0.30439,1.260275,1,0.8571429,4.5,1,1,1,0,0,0,0,0,1
0,-0.3664385,-0.9851531,0.0294892,1,1,5,1,1,0,0,0,0,0,0,1
0,0.4146344,-0.3274282,0.0757063,0,0.2857143,5,1,0,1,0,0,0,0,0,1
0,0.8542801,1.565015,0.3497249,1,1,5,1,0,1,0,0,0,0,0,0
0,0.8542801,1.565015,0.9413525,0,0.7142857,4,1,1,0,0,0,0,0,0,1
1,0.8542801,1.565015,1.260275,1,0.4285714,5,1,1,0,0,0,0,1,0,0
0,-0.3664385,0.2260886,1.260275,0,0.5714286,5,1,1,1,0,0,0,0,0,0
0,-0.3506762,0.2260886,0.3028512,1,1,4.5,1,1,1,0,0,0,0,0,1
0,-0.3822008,-0.0556436,0.6217735,1,0.7142857,5,1,1,0,0,0,0,1,0,0
0,0.2019738,0.2260886,0.6217735,0,0.7142857,5,1,0,1,0,0,0,0,0,1
0,-0.5531048,0.2260886,0.076363,1,0.2857143,3,1,0,1,0,0,0,0,0,0
1,-0.3246819,-1.888299,0.3490682,1,0.8571429,4,0,0,0,0,1,0,0,0,0
0,0.3602999,-0.3707998,0.0301459,1,0.1428571,3,1,0,1,0,0,0,0,0,1
1,0.8259399,0.2260886,0.6686472,1,0.8571429,3,1,1,1,0,0,0,1,0,0
0,0.3737164,-0.0978001,0.7148643,0,0.5714286,4.75,1,0,0,0,0,0,1,0,0
0,0.0401509,-1.888299,1.260275,1,1,4.75,1,1,0,0,1,0,1,0,0
0,-0.3246819,-0.3707998,-0.0167278,0,0.8571429,4.25,1,0,0,0,0,0,1,0,0
0,0.7511271,-0.0556436,0.9875695,1,0.7142857,5,1,1,1,0,0,0,0,1,0
0,0.922031,1.249859,0.3490682,1,0.8571429,4.25,1,1,1,0,0,0,1,0,0
1,-0.4987703,-0.6946884,0.0294892,1,0.2857143,4.75,1,1,1,0,0,0,1,0,0
0,0.8417022,0.5078208,0.6679905,0,1,5,0,1,1,0,0,0,0,1,0
0,0.8542801,1.565015,0.3490682,1,1,5,1,1,0,0,0,0,0,0,1
0,0.8542801,-0.0803351,0.9875695,0,0.8571429,3.25,1,1,1,0,0,0,0,0,1
0,0.8542801,-0.5072168,0.6217735,0,0.8571429,4.5,1,0,1,0,0,0,1,0,0
0,-0.3664385,0.2260886,-0.0167278,0,1,4.75,1,1,0,0,0,1,0,0,0
0,0.8259399,0.92597,0.6679905,1,0.8571429,5,1,0,0,0,0,0,0,0,1
1,-0.2986875,-0.0890676,0.0301459,1,1,5,1,0,1,0,0,0,0,0,1
0,0.3185433,-0.736845,0.6217735,0,0.7142857,3,1,0,1,0,0,0,0,0,1
0,0.8542801,-0.0890676,1.260275,1,0.8571429,5,1,1,0,1,0,0,1,0,0
1,0.5668066,0.8229769,0.0301459,1,0.8571429,4.75,1,1,1,0,0,0,1,0,0
0,0.8542801,0.8317094,0.0294892,0,0.5714286,5,1,0,1,0,0,0,1,0,0
0,0.2854871,-1.615465,0.6686472,1,0.8571429,5,1,1,0,0,1,0,0,0,1
1,0.8542801,0.6442378,0.3021945,1,1,4.75,1,0,0,0,0,0,0,0,1
0,0.8676965,0.0473494,1.260275,1,0.8571429,4.75,0,0,0,0,0,1,0,0,0
1,0.3445376,-0.9676881,0.3490682,1,0.8571429,3.75,1,0,0,0,0,0,1,0,0
1,0.8542801,1.283283,1.260275,1,0.7142857,5,1,0,0,0,0,0,0,0,0
0,-0.0141836,-1.061949,0.9413525,0,0.7142857,5,0,0,1,0,0,0,1,0,0
0,0.8542801,1.565015,0.6224302,0,1,5,1,0,1,0,0,0,0,0,1
1,0.4146344,-0.8311055,0.6217735,0,1,4.75,1,0,0,0,0,0,1,0,0
0,-0.3664385,-0.0978001,0.0294892,1,0.8571429,3.5,1,1,1,0,0,0,0,0,1
0,0.7227869,0.2260886,0.9875695,0,0.4285714,5,1,1,1,0,0,0,0,0,1
0,0.5793844,-2.127875,0.3490682,1,1,4.5,1,1,1,0,0,0,1,0,0
1,-0.3664385,-0.6525319,0.9406958,0,1,3.5,1,1,0,1,0,0,1,0,0
0,-0.3664385,-0.0890676,0.076363,1,0.2857143,4.75,1,1,1,0,0,0,1,0,0
0,0.1862115,-0.0890676,0.3490682,0,0.8571429,5,1,0,1,0,0,0,0,0,1
1,-1.172068,-1.154994,0.9875695,0,0.7142857,4.5,1,0,0,1,0,0,0,1,0
0,0.683376,-0.9676881,0.9413525,1,0.8571429,4.5,1,1,0,0,0,0,0,1,0
0,0.8542801,-0.4737927,0.3490682,1,1,4.5,1,1,0,1,0,0,0,0,1
0,-0.3246819,-0.8311055,0.3497249,0,1,4.75,1,0,1,0,0,0,0,0,1
0,-0.3664385,-0.4042238,0.9875695,1,0.8571429,5,1,0,0,0,0,0,0,0,1
0,0.8960367,-0.0890676,1.260275,1,1,4.75,1,0,0,0,0,0,0,0,1
0,-0.3664385,0.2260886,0.6211168,0,1,5,0,1,0,0,0,1,0,0,1
0,0.773937,0.2869251,1.260275,1,0.8571429,5,1,0,1,0,0,0,1,0,0
0,0.6676137,-0.0890676,0.7148643,1,0.7142857,5,1,0,0,0,0,0,1,0,0
0,-0.3664385,-0.4042238,0.3490682,1,0.8571429,4.5,1,1,1,0,0,0,1,0,0
0,0.3276244,0.2260886,0.3490682,1,0.7142857,4.75,1,0,1,0,0,0,1,0,0
0,0.8542801,0.9681265,0.3490682,0,0.7142857,5,1,1,1,0,0,0,0,0,0
0,0.8645121,0.8317094,0.3490682,0,0.8571429,5,1,0,1,0,0,0,0,0,1
0,0.8542801,-0.7555249,0.9406958,0,1,4.75,1,1,1,0,0,0,0,0,1
0,0.8542801,-0.0978001,0.9406958,1,0.8571429,5,1,0,0,0,0,0,0,0,1
0,0.3602999,1.249859,0.0294892,1,0.7142857,4.75,1,0,1,0,0,0,0,0,0
0,-1.390259,-1.112838,0.3490682,1,1,4.75,1,1,0,0,1,0,0,0,1
1,0.8960367,1.565015,0.6217735,1,1,4,1,1,0,1,0,0,1,0,0
0,-0.3404441,-0.0890676,1.260275,1,1,4.25,1,1,1,0,0,0,0,0,1
0,0.6030329,0.9681265,0.6224302,1,0.4285714,4.5,0,0,0,0,0,1,1,0,0
0,-1.077415,-0.0890676,-0.243216,1,0.2857143,4.5,1,1,0,0,1,0,0,0,0
0,-0.3664385,-0.7555249,-2.384551,1,0.2857143,5,1,0,1,0,0,0,0,0,0
1,0.8259399,0.6442378,-0.5146078,1,0.7142857,4.25,1,1,0,0,0,1,0,0,1
0,-0.3562064,-0.0978001,-0.8348436,1,0.2857143,3.25,1,0,0,1,0,0,0,0,1
0,-0.3664385,0.2260886,-1.20064,1,0.5714286,5,0,0,0,0,0,0,0,1,0
0,-0.3664385,0.2260886,-2.111846,1,0.4285714,4.25,1,0,1,0,0,0,0,1,0
1,-0.3246819,0.2260886,-1.426471,1,1,5,1,1,0,0,0,0,0,0,1
0,-1.329243,0.2260886,-0.8355003,1,0.7142857,5,1,0,0,1,0,0,0,0,1
0,0.683376,0.2260886,-0.2894331,1,1,4.5,1,0,1,0,0,0,0,0,1
1,-0.9644103,-1.12157,-0.8804039,0,0.5714286,2.25,1,0,0,1,0,0,0,0,1
0,0.8259399,-0.0556436,-0.243216,1,1,5,1,0,0,0,0,0,0,0,1
0,-0.4365353,0.0139254,-0.5614816,0,0.7142857,4.5,1,1,0,1,0,0,0,0,1
0,-0.3664385,-0.9676881,-1.246857,0,1,5,1,0,0,0,1,0,0,0,1
0,-1.089993,0.2260886,-0.1963423,1,0.2857143,5,0,0,0,0,1,0,0,0,1
0,0.4146344,0.2260886,-0.2894331,0,0.5714286,5,1,0,0,0,0,0,0,1,0
0,-0.3664385,-0.736845,-0.2425593,0,0.5714286,5,1,1,1,0,0,0,0,0,1
1,-0.3506762,-0.4129563,-1.29373,0,0.4285714,4.5,1,1,1,0,0,0,1,0,0
0,0.6360891,0.1318281,-1.473345,0,0.8571429,4.25,1,1,0,1,0,0,0,0,1
0,-0.9190885,0.2260886,-0.5621383,0,0.8571429,5,1,1,0,1,0,0,0,0,1
0,-1.5454,0.1839321,-0.5621383,1,1,4.25,1,0,0,0,1,0,0,0,0
0,-0.3979631,-1.052001,-0.2425593,0,0.8571429,4.5,1,0,0,0,0,0,0,1,0
1,-0.3822008,-1.854875,-0.9279343,1,1,4,1,1,0,0,0,0,1,0,0
1,0.4146344,-0.0890676,-0.2887764,1,0.7142857,4,1,1,0,1,0,0,0,0,1
0,-0.3664385,0.6442378,-0.2894331,0,0.8571429,3.25,1,1,0,0,1,0,0,1,0
0,-0.3404441,0.2260886,-0.2425593,1,1,4.75,1,0,0,0,0,0,0,0,0
0,-0.3979631,0.2260886,-0.243216,0,0.8571429,4,1,0,0,1,0,0,0,1,0
0,-0.420773,-0.1920606,-0.9285911,1,0.7142857,5,1,0,1,0,0,0,1,0,0
0,-0.8919432,-0.0890676,-0.2425593,0,0.5714286,4.5,1,0,0,1,0,0,0,0,1
0,-2.807876,0.1926646,-2.384551,0,0.8571429,4,1,1,0,0,0,0,1,0,0
0,-0.182118,-0.4129563,-0.8817173,1,0.8571429,4,1,1,0,0,0,0,0,0,0
0,-1.348502,-0.7281125,-2.111846,1,1,3.5,1,1,0,0,0,0,1,0,0
0,-0.3246819,-0.4129563,-0.2894331,1,1,4.25,0,1,0,0,1,0,0,0,1
1,0.8542801,1.565015,-0.2894331,0,0.8571429,5,1,0,0,0,0,0,1,0,0
1,-0.3246819,-2.451764,-0.5621383,1,1,3.5,1,1,0,0,0,0,0,0,1
0,-0.3664385,-0.4042238,-0.8804039,0,0.5714286,5,1,0,0,0,0,0,0,0,1
1,-0.3664385,0.2260886,-1.153766,1,0.8571429,5,1,1,0,0,0,0,1,0,0
0,-0.1675506,0.3203491,-0.5152646,1,0.8571429,4.25,1,0,0,1,0,0,0,0,1
0,-0.3246819,0.2260886,-0.2425593,0,1,4.5,1,0,0,1,0,0,0,0,1
0,-1.561163,0.2260886,-0.1956856,1,0.4285714,4.5,1,0,0,1,0,0,0,0,1
0,-0.3562064,-1.112838,-1.246857,0,0.8571429,4.5,1,1,0,1,0,0,0,0,1
1,-0.3664385,0.2260886,-0.8348436,0,0.5714286,4,0,0,0,0,0,0,0,1,0
1,-0.3822008,-0.0890676,-0.2894331,0,0.7142857,4.75,1,0,0,0,0,0,1,0,0
0,-1.571395,-0.0890676,-1.473345,0,0.8571429,4,1,0,0,1,0,0,0,1,0
0,-0.3664385,-1.052001,-1.20064,0,0.8571429,5,1,1,0,0,0,0,1,0,0
0,-0.1923501,-0.0978001,-0.2894331,1,0.8571429,4.75,1,0,0,1,0,0,0,1,0
0,0.1251958,0.2260886,-1.792267,1,1,4.75,1,0,0,0,0,0,0,0,1
1,0.2347177,1.565015,-0.8804039,0,0.8571429,3.25,1,1,0,0,0,0,1,0,0
0,-0.3664385,0.2260886,-0.5621383,1,0.7142857,4.5,1,0,0,0,0,0,0,1,0
0,-0.6311021,-1.052001,-1.201296,0,0.4285714,5,1,0,1,0,0,0,0,0,0
0,0.6801916,-0.4129563,-1.20064,0,0.7142857,5,1,0,1,0,0,0,0,1,0
0,-0.3664385,-0.0803351,-0.3369635,1,0.8571429,5,1,0,0,0,0,0,0,0,0
0,0.1307261,-0.4129563,-0.2894331,0,0.8571429,5,1,0,1,0,0,0,0,0,1
0,-0.1561237,1.565015,-0.2894331,1,0.8571429,5,1,0,0,0,0,0,1,0,0
0,-0.3664385,-0.0890676,-0.243216,1,0.7142857,3.75,1,1,0,1,0,0,0,1,0
0,0.2563083,0.9347024,-0.5621383,1,1,5,1,0,0,0,0,0,0,0,1
0,0.0854043,0.5078208,-0.5621383,0,0.7142857,3.75,1,1,1,0,0,0,0,0,1
0,0.0775425,-0.0978001,-1.472688,0,0.7142857,4.5,1,0,0,0,0,0,1,0,0
0,-0.312104,-0.1920606,-0.2894331,0,0.7142857,3.25,1,0,0,0,1,0,0,0,1
1,-0.4365353,-0.0556436,-0.8810606,1,1,4.5,1,0,0,1,0,0,1,0,0
0,0.8417022,-1.888299,-0.2894331,0,0.8571429,5,1,0,0,0,0,0,0,0,0
0,-0.1245991,0.0051929,-0.1963423,1,0.8571429,4.25,1,1,0,1,0,0,0,0,1
0,-0.4242697,-0.822373,-0.2900898,1,0.8571429,5,1,1,0,0,0,0,1,0,0
1,-0.4522976,0.2260886,-1.745393,1,0.8571429,5,1,1,0,1,0,0,0,0,0
0,0.8542801,-0.3795322,-0.1963423,1,0.7142857,5,1,1,0,1,0,0,1,0,0
0,0.8542801,0.2260886,-1.839141,1,0.7142857,5,1,1,0,1,0,0,0,0,1
0,0.5589448,1.565015,-1.839141,1,0.8571429,5,1,0,0,0,0,0,0,1,0
0,0.30163,0.6195462,-0.9279343,0,0.8571429,4,1,1,1,0,0,0,0,0,1
0,-0.4333509,-0.064376,-2.384551,1,1,3.5,1,0,1,0,0,0,0,0,1
1,0.7999455,-1.240522,-0.9279343,0,1,3.5,1,0,0,0,0,0,0,0,1
0,-0.3664385,-0.0890676,-0.5621383,0,0.8571429,3.75,1,0,0,1,0,0,0,1,0
1,-0.3979631,-0.4129563,-0.5614816,1,0.7142857,4.75,1,0,0,0,0,0,0,0,1
1,0.199628,-1.854875,-0.243216,1,1,4,1,0,0,1,0,0,0,0,1
0,0.9377933,0.8229769,-0.243216,1,0.8571429,4.5,1,1,0,0,0,0,0,0,1
0,-2.807876,0.6442378,-0.5159213,1,0.7142857,5,1,0,0,0,1,0,0,0,1
1,0.313013,-0.1224916,-0.3363068,1,0.4285714,4.5,1,0,0,0,0,0,0,0,1
0,0.2122058,0.2260886,-0.5621383,1,1,5,0,0,0,1,0,0,0,1,0
0,-0.3664385,-1.564411,0.0294892,0,0.5714286,4.25,1,0,0,1,0,0,0,0,1
0,0.3602999,0.92597,0.9413525,1,0.7142857,4.75,1,1,0,0,0,0,1,0,0
0,0.8542801,-1.112838,0.6217735,0,0.8571429,4.5,1,0,0,1,0,0,0,0,0
1,-0.8930941,-1.112838,0.0294892,0,1,5,1,0,0,1,0,0,0,1,0
0,-0.3246819,0.2260886,0.0301459,0,0.8571429,4.5,1,1,0,1,0,0,1,0,0
0,-0.239637,0.9681265,0.0770197,0,0.7142857,4.75,1,1,0,1,0,0,1,0,0
1,-0.3246819,1.565015,0.3490682,0,1,5,1,1,1,0,0,0,0,0,1
0,0.97955,1.565015,1.260275,1,0.4285714,5,1,1,0,1,0,0,0,0,1
0,-0.3664385,-0.788949,1.260275,0,1,4.75,1,0,1,0,0,0,0,0,0
0,0.2019738,-0.1920606,0.3490682,0,1,4.75,1,1,0,1,0,0,0,1,0
0,-0.3979631,0.2260886,0.7148643,1,0.8571429,4.5,1,1,0,1,0,0,0,0,1
0,0.3728777,0.5499773,0.3490682,1,0.4285714,3,1,1,1,0,0,0,0,1,0
0,0.1350614,0.5499773,0.6217735,0,0.7142857,4,1,1,1,0,0,0,1,0,0
1,0.8542801,-0.3373757,0.9406958,1,1,5,1,0,0,0,0,0,1,0,0
0,-0.5609666,-0.1920606,0.3490682,1,0.5714286,5,1,0,0,0,1,0,0,0,1
0,-0.3822008,0.2260886,0.076363,1,0.7142857,4.5,1,0,0,1,0,0,0,1,0
0,0.8542801,1.565015,1.260275,0,0.8571429,5,1,1,0,0,0,0,0,0,1
0,0.2122058,-0.736845,0.6679905,0,0.7142857,4.75,1,0,0,1,0,0,0,1,0
0,0.8542801,1.565015,0.9413525,1,1,5,1,0,0,1,0,0,1,0,0
1,0.3433867,1.565015,0.0301459,0,1,5,1,1,0,0,0,0,0,0,1
0,-0.3404441,-0.6946884,0.3490682,1,0.8571429,4.5,1,0,0,0,0,0,1,0,0
1,0.0141566,0.3378141,0.6211168,0,0.5714286,5,1,0,0,1,0,0,0,0,1
0,0.4707154,0.5499773,0.6679905,0,0.1428571,4.5,1,0,0,1,0,0,0,1,0
0,-0.3664385,-0.5072168,0.3490682,1,0.4285714,4.25,1,0,0,0,1,0,0,0,1
1,0.2019738,-0.4042238,1.260275,1,1,5,1,1,1,0,0,0,0,0,0
0,-0.1537779,1.283283,0.0770197,0,0.4285714,4.75,1,1,1,0,0,0,1,0,0
0,-0.3664385,0.2260886,1.260275,1,1,3,1,1,0,0,1,0,0,0,0
0,-0.3664385,0.2260886,-0.0167278,1,1,3.5,1,0,0,0,0,0,0,0,1
0,-0.3790164,0.2260886,0.3028512,1,0.4285714,3.5,1,1,0,1,0,0,0,0,1
1,-0.3664385,1.565015,0.3490682,1,0.8571429,4.25,1,1,0,0,1,0,0,1,0
0,0.8417022,-0.0556436,0.0301459,0,0.7142857,4.5,1,1,0,0,0,0,0,0,1
0,0.8417022,1.241126,0.6224302,1,0.1428571,5,1,0,0,0,1,0,0,0,0
0,-0.1663557,0.2260886,0.3490682,0,0.8571429,5,1,1,0,0,0,1,0,0,1
0,0.2279681,-1.427994,0.6217735,0,0.8571429,3.5,1,0,0,1,0,0,0,1,0
1,-1.532823,-0.0978001,0.076363,1,0.2857143,4.75,1,1,0,1,0,0,0,0,1
0,-1.104604,-0.0978001,0.3497249,1,0.7142857,4.75,1,1,1,0,0,0,1,0,0
1,0.8542801,-0.4042238,0.6211168,1,0.7142857,5,1,1,1,0,0,0,0,0,1
0,0.4146344,0.6442378,0.442159,1,0.4285714,4.25,1,1,1,0,0,0,0,1,0
1,-0.1955345,-0.4216887,0.3490682,1,1,5,1,1,0,0,0,0,0,1,0
0,-0.3246819,0.2260886,0.0301459,0,1,5,1,1,0,0,0,0,0,0,1
0,-0.3664385,0.2260886,0.9406958,1,0.7142857,5,1,0,1,0,0,0,0,0,0
0,0.7841833,1.565015,0.3490682,1,1,3.75,1,1,0,1,0,0,0,1,0
0,-0.3664385,0.2260886,0.3490682,0,0.8571429,4.25,1,1,0,1,0,0,0,0,0
1,-0.3822008,-0.0890676,0.3490682,1,0.5714286,4.25,0,1,0,0,0,0,0,0,1
1,0.3728777,0.6442378,1.260275,0,0.7142857,4.75,1,1,0,0,0,0,1,0,0
0,0.7999455,1.146866,0.6679905,0,0.4285714,5,1,1,0,0,1,0,1,0,0
1,0.8542801,1.565015,0.6217735,0,0.7142857,4.25,1,1,0,1,0,0,0,0,1
0,-0.3664385,0.92597,0.3490682,0,0.5714286,5,0,1,0,0,1,0,0,0,1
0,-0.3664385,-2.451764,0.0301459,0,0.7142857,4,1,1,1,0,0,0,0,0,1
0,0.8417022,-1.112838,0.3490682,1,1,4.75,1,1,1,0,0,0,0,1,0
0,0.2145516,0.2260886,0.0770197,1,0.7142857,5,1,0,0,1,0,0,0,0,1
0,0.683376,1.249859,1.260275,0,0.2857143,5,1,0,0,1,0,0,0,1,0
0,0.8259399,0.2260886,0.9875695,0,1,5,1,0,0,0,0,0,1,0,0
1,-1.628914,-1.112838,0.0301459,1,1,3,1,0,0,1,0,0,0,1,0
0,0.9377933,-1.803986,1.260275,1,0.7142857,5,1,0,0,1,0,0,1,0,0
1,0.9377933,0.5078208,1.260275,1,0.4285714,4.75,1,1,0,1,0,0,0,1,0
0,0.8542801,0.8229769,0.3028512,0,0.7142857,5,1,0,0,1,0,0,0,1,0
0,-0.1663557,-0.0890676,0.3952852,1,0.5714286,5,1,1,0,1,0,0,0,0,0
0,0.8802744,-0.788949,0.9413525,1,0.5714286,5,1,0,0,0,0,0,0,1,0
0,-0.1923501,-1.615465,1.260275,0,0.5714286,5,1,0,1,0,0,0,0,0,0
0,0.8542801,0.9347024,0.076363,1,0.8571429,4.75,1,1,1,0,0,0,1,0,0
1,0.8227555,1.565015,0.9875695,1,0.8571429,4.5,1,0,0,0,0,0,0,0,1
1,-0.2829252,-0.3373757,0.3490682,0,0.5714286,5,1,0,0,0,0,0,0,0,1
0,-0.2829252,-0.1920606,0.6686472,1,0.4285714,4.75,1,1,0,0,0,0,0,0,1
0,-0.5247647,0.5499773,0.3021945,0,1,4.5,1,1,0,1,0,0,0,0,1
0,0.8259399,-0.0890676,0.3490682,0,0.7142857,5,1,0,0,0,0,0,1,0,0
0,-0.3664385,0.2260886,0.6686472,0,0.7142857,5,1,1,0,1,0,0,0,0,1
0,0.8542801,0.9347024,0.6217735,1,1,4.5,1,0,0,1,0,0,0,0,1
0,-0.3664385,0.2260886,0.9406958,0,0.7142857,5,1,1,0,1,0,0,0,1,0
0,-0.3246819,-1.052001,0.3484115,1,0.8571429,5,1,0,0,0,0,0,1,0,0
0,0.6676137,0.2260886,-0.0173845,1,0.8571429,4.75,1,1,1,0,0,0,0,1,0
0,-0.1537779,0.2260886,0.9406958,1,1,5,1,0,0,0,0,0,0,1,0
0,-0.1505934,-0.6859559,0.3490682,1,0.8571429,4.5,1,0,1,0,0,0,0,0,1
1,0.8542801,0.9681265,0.9406958,1,0.8571429,5,1,1,0,0,0,0,1,0,0
1,0.7999455,1.241126,0.9413525,1,0.8571429,4.5,1,1,0,0,0,0,0,0,1
0,-0.3664385,-0.4216887,0.0301459,0,0.5714286,4,1,0,0,1,0,0,0,0,1
1,0.8385177,0.2260886,0.3484115,1,1,4.75,1,0,0,0,0,1,0,0,1
0,-0.3664385,0.2260886,-0.6076986,1,0.7142857,4.25,1,1,0,1,0,0,1,0,0
0,0.8960367,0.30439,-0.0180412,1,0.8571429,4.5,1,1,0,0,0,0,1,0,0
1,-0.8773319,0.2260886,-2.384551,1,1,4.75,0,1,0,0,0,0,0,0,1
0,0.3602999,0.2260886,-0.2894331,1,0.8571429,4.75,1,0,0,0,0,0,1,0,0
0,-0.8478408,0.2260886,-1.427785,1,1,4.5,1,1,0,0,0,1,0,1,0
0,-0.3664385,-0.0890676,0.0301459,1,0.8571429,5,1,0,0,0,0,0,1,0,0
0,0.7353647,0.92597,0.076363,1,0.7142857,4.75,1,1,0,0,0,1,0,1,0
0,0.456391,0.2260886,0.0301459,1,0.8571429,4,1,1,0,0,0,0,0,0,1
0,-1.146361,0.8651335,-0.7886266,0,1,4.25,1,1,0,0,0,0,0,0,1
0,0.8542801,0.8229769,-0.8817173,0,0.8571429,4.75,1,0,0,0,0,0,0,0,1
0,0.683376,0.1926646,0.0301459,1,0.7142857,4.75,1,1,0,0,0,0,1,0,0
0,0.7999455,0.9681265,-0.2425593,1,0.2857143,5,1,0,0,0,0,0,0,0,1
0,-0.3664385,-0.5072168,-0.5621383,0,0.2857143,5,1,1,0,0,0,0,0,0,1
1,0.2279681,-0.0978001,-0.6090121,1,0.8571429,5,1,0,0,1,0,0,0,0,0
1,0.3988721,0.2260886,0.0294892,1,0.8571429,4,1,0,0,0,0,0,1,0,0
1,-0.2081124,0.6355053,-1.20064,1,1,5,1,0,0,0,0,0,0,0,1
0,-0.8636031,-1.146262,0.076363,1,0.4285714,4.5,1,1,0,0,0,0,0,0,1
1,0.1862115,-1.803986,-0.6083553,1,0,4,1,1,0,0,0,0,0,0,1
0,-0.3664385,-0.4042238,-0.2425593,1,1,5,1,1,0,0,0,0,0,0,1
0,-0.3144498,-1.112838,-0.2425593,1,0.5714286,3,1,0,0,0,0,0,0,1,0
0,-0.3664385,0.2260886,0.0294892,0,1,4.5,1,0,0,0,0,0,0,0,1
1,-0.1561237,-1.48883,-2.384551,1,0.7142857,3.75,1,1,0,0,1,0,1,0,0
1,-0.3664385,-0.736845,-0.2894331,1,0.8571429,5,1,1,0,0,0,0,0,0,1
1,-0.3664385,0.2260886,-1.474002,1,0.8571429,5,1,0,0,0,0,0,0,0,1
0,-1.400491,1.241126,-0.6083553,0,0.7142857,4.5,1,1,0,0,0,0,0,1,0
0,0.8417022,0.959394,-0.8810606,1,1,4,1,1,0,0,0,0,0,0,1
0,-0.3664385,0.2260886,-0.5621383,1,1,4.25,1,1,0,0,0,0,0,0,1
1,0.3988721,-0.3707998,-0.6090121,1,0.8571429,5,1,0,0,0,0,0,0,0,1
0,-0.3664385,0.2260886,-0.243216,0,0.8571429,4.5,1,0,0,0,0,0,0,0,1
0,0.1862115,-1.052001,-1.20064,1,1,4.5,1,0,0,0,0,0,0,0,1
0,0.0992015,-0.8311055,-1.201296,1,0.8571429,5,1,0,0,1,0,0,0,0,1
0,-0.8218464,-0.0978001,0.0294892,1,0.7142857,5,1,0,0,0,0,0,0,0,1
0,-0.3664385,-0.9676881,-0.2894331,1,0.7142857,4,1,1,0,0,0,0,0,0,1
1,-0.9927505,-0.0556436,-1.426471,1,1,3.5,1,0,0,0,0,0,0,0,1
1,-0.3979631,0.2260886,0.076363,1,0.8571429,4.25,1,0,0,0,0,0,0,0,0
1,0.8960367,0.8317094,-0.8804039,1,1,4.25,1,1,0,0,0,0,0,0,1
1,-0.2081124,0.2260886,0.0301459,1,1,4,1,1,0,0,0,0,0,1,0
0,0.3728777,-0.0035396,-1.566436,1,0.5714286,4.5,1,0,0,0,0,0,0,1,0
1,0.3602999,0.2260886,0.0294892,1,1,4,1,1,0,0,0,0,1,0,0
0,-0.3979631,0.2260886,0.076363,1,0.8571429,4.5,1,0,0,0,0,0,0,0,1
0,-0.3246819,-0.9676881,0.0294892,0,0.8571429,4.5,1,0,0,0,0,0,1,0,0
0,0.8385177,1.565015,0.076363,1,1,4.75,1,0,0,0,0,1,0,0,1
0,-0.8773319,1.249859,-1.20064,1,0.5714286,4.5,1,1,0,0,0,0,0,1,0
0,-1.712739,-1.12157,-0.8810606,1,0.4285714,5,1,1,0,0,0,0,0,0,1
0,-0.8773319,-0.7034209,-0.2425593,0,0.5714286,3,1,1,0,0,0,0,0,0,0
0,-0.3822008,-1.018577,0.076363,1,1,4,1,1,0,0,0,0,0,1,0
1,-0.3664385,0.2260886,0.076363,1,0.8571429,5,1,0,0,0,0,0,0,1,0
1,0.8542801,0.2260886,0.6217735,1,1,4,1,1,0,0,0,0,0,0,1
0,0.8487498,1.565015,0.3490682,1,0.7142857,5,1,0,0,0,0,0,0,0,1
0,-0.8478408,-0.4042238,0.3497249,1,0.7142857,4.25,1,1,0,0,0,0,0,0,1
0,0.836172,0.2260886,0.6679905,0,0.8571429,5,1,0,0,0,0,0,1,0,0
0,-0.3404441,0.2260886,0.9875695,1,0.7142857,4.75,1,0,0,0,0,0,1,0,0
1,0.8542801,1.565015,0.3021945,1,1,4.5,1,0,0,0,0,0,0,1,0
1,-0.1277835,-0.6946884,0.6686472,1,0.5714286,4.75,1,0,0,0,0,0,0,0,1
1,0.8542801,0.2260886,0.3490682,1,0.8571429,5,1,1,0,0,0,0,0,0,0
0,-0.2081124,0.5499773,0.7148643,1,0.7142857,5,1,0,0,1,0,0,0,0,1
0,0.8542801,0.6442378,0.3490682,1,0.7142857,5,1,1,0,0,0,0,0,0,0
0,0.6676137,-1.333733,0.9406958,1,0.8571429,4.25,1,1,0,0,0,0,0,0,1
0,-0.9631909,-1.112838,1.260275,0,0.4285714,4.25,1,1,0,0,0,0,1,0,0
1,-0.249869,-0.0556436,0.9875695,1,0.7142857,4.75,1,0,0,0,0,0,1,0,0
0,0.3728777,0.9681265,0.3490682,1,0.8571429,4.5,1,0,0,0,0,0,1,0,0
1,-0.3664385,-0.4737927,0.3490682,1,0.8571429,4.5,1,1,0,0,0,0,0,0,1
1,0.8542801,0.5078208,1.260275,0,0.8571429,5,1,1,0,0,0,0,0,0,1
1,-0.3664385,-0.0890676,0.9875695,1,0.7142857,3.5,1,1,0,0,0,0,0,0,1
0,-0.3664385,0.2260886,0.3490682,1,1,5,1,0,0,0,0,0,1,0,0
0,0.8542801,1.565015,0.6217735,1,1,4.5,1,1,0,0,0,0,0,0,1
0,0.8542801,-0.0890676,0.6224302,1,0.7142857,5,1,1,0,0,0,0,0,0,1
0,0.8259399,-0.736845,0.3484115,1,0.8571429,5,1,0,0,0,0,0,0,0,1
0,-0.3664385,-0.4042238,0.3021945,1,1,4.75,1,1,0,0,0,0,0,1,0
0,-0.3664385,0.2260886,1.260275,1,0.7142857,4,1,0,0,0,0,0,1,0,0
0,0.8542801,0.1230956,0.6686472,1,0.7142857,4.5,1,1,0,0,0,0,0,0,1
0,0.8542801,0.5412448,1.260275,1,0.5714286,5,1,0,0,0,0,0,0,0,1
0,0.8069932,1.283283,1.260275,1,0.7142857,5,1,0,0,0,0,0,0,0,1
0,0.1704492,0.2260886,0.3490682,1,1,4.5,1,1,0,0,0,0,1,0,0
0,0.8417022,-0.6859559,0.3490682,0,1,4.75,1,1,0,0,0,0,1,0,0
0,0.7944153,1.565015,0.6686472,1,0.7142857,4,1,1,0,0,0,0,0,0,1
0,-0.3664385,-0.9764206,0.3484115,1,0.7142857,4.5,1,0,0,0,0,0,1,0,0
0,-0.3822008,0.2260886,0.3484115,1,0.7142857,5,1,0,0,0,0,0,0,1,0
0,0.8542801,-0.0890676,0.9413525,0,0.7142857,3.5,1,0,0,0,0,0,1,0,0
0,0.2019738,0.2260886,0.9406958,1,0.4285714,5,1,0,0,0,0,0,0,1,0
0,0.8542801,0.8317094,0.6686472,0,0.7142857,4,1,0,0,0,0,0,1,0,0
0,0.8542801,1.146866,1.260275,1,1,4.25,1,1,0,0,0,0,1,0,0
0,0.8259399,0.6108137,0.9406958,0,0.5714286,4.25,1,1,0,0,0,0,0,1,0
0,-0.1797722,1.249859,0.9875695,0,0.8571429,4.5,1,0,0,0,0,0,0,1,0
0,0.1704492,-0.0556436,0.9413525,1,0.7142857,4.5,1,1,0,0,0,0,0,0,1
1,-0.3664385,-0.3707998,0.3490682,1,1,5,1,0,0,0,0,0,0,0,1
0,0.8542801,0.5078208,0.3490682,1,1,5,1,0,0,0,0,0,1,0,0
0,-0.3664385,0.2260886,0.3490682,0,0.8571429,5,1,0,0,0,0,0,0,0,1
1,-0.3822008,-0.0890676,0.3490682,1,0.8571429,5,1,0,0,0,0,0,0,0,1
1,0.8645121,0.5412448,1.260275,1,1,5,1,1,0,0,0,0,0,0,1
1,-0.3664385,-0.0556436,1.260275,1,0.8571429,4.25,1,0,0,0,0,0,0,0,1
0,-0.1754369,-0.2765392,0.6679905,1,1,5,1,1,0,0,0,0,1,0,0
1,-0.3664385,0.2260886,0.9875695,0,0.8571429,4.5,1,0,0,0,0,0,0,1,0
0,-0.3506762,0.2260886,-0.5621383,0,0.4285714,4.75,1,1,0,1,0,0,0,0,1
1,-0.3664385,0.2260886,-0.2894331,0,1,4.25,1,0,0,0,0,0,0,0,1
0,-0.6527611,-0.4129563,-0.5621383,1,0.4285714,2.5,1,0,0,1,0,0,0,0,1
0,0.8542801,1.565015,-0.2894331,0,0.8571429,5,1,1,0,0,0,0,0,0,1
0,-1.008513,-0.4216887,-1.473345,1,0.5714286,4,1,0,0,0,0,0,1,0,0
0,-0.3246819,0.5499773,-0.6083553,1,1,4.75,1,1,0,1,0,0,0,0,1
1,0.8676965,-0.822373,-0.5621383,1,0.8571429,4.75,1,1,0,0,0,0,1,0,0
0,0.3185433,-0.0556436,-0.6083553,1,0.4285714,4.75,1,1,0,0,0,0,0,0,0
0,0.3602999,-1.888299,-2.384551,1,0.7142857,5,1,0,0,0,0,0,0,0,1
0,0.8259399,-0.9340984,-0.5152646,1,0.7142857,4,1,1,0,0,1,0,1,0,0
0,-0.1797722,-0.0978001,-1.519562,1,1,2.25,1,1,0,0,0,0,1,0,0
1,-0.9462777,0.2260886,-1.792267,0,0.8571429,5,1,0,0,0,0,0,0,0,1
0,-0.6413342,0.8317094,-0.6090121,1,0.8571429,1.75,1,0,1,0,0,0,0,0,0
1,-0.3664385,0.2260886,-1.566436,0,0.8571429,5,1,1,0,0,0,0,1,0,0
1,-0.2829252,-0.0890676,-1.520219,1,1,4.75,1,0,0,0,0,0,0,0,1
1,-1.277254,0.2260886,-1.792267,1,1,4.5,1,0,0,1,0,0,0,0,1
1,0.6132792,1.241126,-0.2894331,1,0.2857143,4.5,1,0,0,0,0,0,0,1,0
0,-0.8761809,-0.788949,-0.243216,1,1,4,1,1,0,0,0,0,0,0,1
0,-0.312104,-0.4042238,-1.566436,1,0.5714286,4.25,1,1,0,0,0,0,0,1,0
0,-2.113813,0.2260886,-0.1956856,1,0.7142857,3.75,1,1,0,0,0,0,1,0,0
0,-0.3664385,-0.4042238,-0.6083553,1,0.4285714,4.5,1,1,0,0,0,0,0,0,1
1,-2.807876,-2.212188,-1.106235,1,0.4285714,3.5,1,0,0,0,0,0,0,0,1
1,-0.3506762,-0.0890676,-0.5621383,1,1,4.5,1,1,0,0,0,0,0,1,0
0,-0.3822008,0.2260886,-0.6090121,1,1,4.25,1,1,0,0,0,0,0,0,1
0,-0.2233475,0.098404,-2.111846,1,1,4.25,1,1,0,1,0,0,0,0,1
0,-0.0976969,-2.451764,-1.519562,0,0.8571429,5,1,1,0,1,0,0,0,0,1
0,0.7298487,1.146866,-0.8348436,0,1,5,1,1,0,0,0,0,1,0,0
0,-1.871661,0.8317094,-1.20064,1,0.7142857,4.5,1,0,0,0,0,0,0,0,1
0,-0.3664385,-1.112838,-0.562795,1,0.5714286,4.75,1,0,0,0,0,0,0,1,0
1,0.2145516,-1.018577,-0.3349934,1,0.7142857,4.5,1,1,1,0,0,0,0,0,1
0,-2.326473,-0.2254846,-0.1963423,0,0.7142857,3.75,1,0,0,1,0,0,0,0,1
1,0.8259399,0.5499773,-1.566436,0,1,4.75,1,0,0,0,0,0,0,1,0
1,0.5612763,1.249859,-0.6083553,1,0.4285714,2.5,1,1,0,0,0,1,1,0,0
1,0.8542801,1.283283,-0.8804039,1,1,5,1,1,0,0,0,0,0,0,1
0,-0.3664385,0.2260886,-1.473345,1,0.7142857,4.25,0,1,0,0,0,1,0,1,0
1,0.8542801,0.2260886,-2.384551,0,0.2857143,5,1,0,0,0,0,0,0,1,0
0,0.7999455,0.5165532,-1.792267,1,1,4.25,1,1,0,0,0,0,1,0,0
1,-0.6229146,-2.451764,-0.3349934,1,0.4285714,4,0,0,0,0,0,0,0,0,1
0,0.2422924,1.283283,-1.792267,1,0.8571429,4.75,1,1,0,0,0,0,1,0,0
1,-1.532823,-0.6946884,-2.384551,1,1,4.5,1,1,0,0,0,1,0,0,0
0,-0.3214974,-0.3795322,-0.5621383,1,0.1428571,4.75,1,0,0,1,0,0,0,0,1
0,0.8519343,0.6529703,-0.8817173,1,0.8571429,4.75,1,1,0,0,0,0,1,0,0
1,-0.3822008,-0.7281125,-1.792267,1,0.8571429,4.75,1,0,0,0,0,0,1,0,0
0,-1.645895,-0.4042238,-0.8817173,1,1,2.25,1,1,0,1,0,0,0,0,1
0,-0.5656826,-0.4129563,-0.8355003,1,0.7142857,4.75,1,0,0,0,0,0,1,0,0
1,-0.9336999,-0.4216887,-0.8348436,0,0.7142857,4.25,1,0,0,0,0,0,0,0,1
0,0.6676137,-0.4216887,-0.1963423,0,0.8571429,5,1,1,0,0,0,0,1,0,0
1,0.8936909,-0.8311055,-0.2881196,1,0.7142857,4.75,1,0,0,0,0,0,0,1,0
1,0.7999455,-0.4129563,-2.384551,1,0.5714286,5,1,0,0,0,0,0,1,0,0
0,0.683376,1.249859,-0.1963423,1,1,4.5,1,1,1,0,0,0,0,0,1
0,-1.374496,-0.0890676,-0.2894331,1,1,3.75,1,1,0,0,0,0,1,0,0
0,0.2122058,0.9681265,-1.426471,1,0.2857143,2.5,0,1,1,0,0,0,0,0,1
0,-0.3664385,-0.3286432,-1.20064,1,0.5714286,4.5,1,0,0,1,0,0,0,0,0
0,-1.374496,-0.0890676,-0.5621383,1,0.8571429,5,1,0,0,1,0,0,0,0,0
1,0.8960367,0.9681265,-0.2894331,1,0.8571429,4.25,1,1,0,0,0,0,0,1,0
0,-0.3664385,-1.104105,-2.384551,0,0.8571429,5,1,1,1,0,0,0,1,0,0
0,-1.374496,0.2260886,-1.199983,1,0.2857143,4,1,0,0,0,1,0,0,1,0
1,-0.244353,0.2348211,-1.792267,1,0.8571429,4.25,1,0,0,0,0,0,1,0,0
1,-0.5531048,-0.0556436,-0.5614816,1,0.8571429,4.25,1,1,0,0,0,1,0,0,1
0,-0.3822008,-1.760615,-1.107549,0,0.5714286,4.75,1,0,1,0,0,0,0,0,0
0,0.0167454,0.9681265,-1.745393,0,0.7142857,3.5,1,1,0,0,1,0,0,0,1
0,0.456391,0.2260886,-1.473345,1,0.2857143,4.25,1,0,0,1,0,0,0,1,0
0,0.4146344,-0.3373757,-0.6083553,1,0.7142857,3,1,1,1,0,0,0,0,0,0
0,-0.3664385,0.2260886,-1.154423,1,1,5,1,1,1,0,0,0,0,0,1
1,0.1704492,-0.0890676,-0.2425593,1,0.7142857,3.5,1,0,0,1,0,0,0,0,1
0,0.8542801,1.565015,-0.243216,1,0.7142857,4.5,1,0,0,0,0,0,0,1,0
0,-0.3664385,-0.4042238,-1.520219,1,1,5,1,0,1,0,0,0,0,0,1
0,0.3602999,-0.7281125,-0.5621383,0,0.7142857,5,1,0,0,1,0,0,0,0,1
0,-0.8604187,-0.7034209,-1.473345,1,0.7142857,4.25,1,0,0,1,0,0,0,0,1
1,0.1567204,-1.112838,-0.8817173,1,0.5714286,4.25,1,0,0,0,0,1,1,0,0
0,0.2992843,-0.3707998,-0.2425593,1,1,5,1,1,0,0,0,0,1,0,0
0,0.8960367,-1.052001,-1.246857,1,0.8571429,5,1,1,0,1,0,0,0,1,0
1,-1.413069,-1.112838,-2.384551,1,0.8571429,5,1,0,0,0,0,0,0,0,0
0,0.3728777,0.2260886,0.9875695,0,0.5714286,5,1,0,0,0,0,0,0,0,1
0,0.8417022,1.249859,0.3490682,1,0.8571429,5,0,0,0,0,0,0,1,0,0
0,0.1724827,0.9681265,0.6217735,0,0.7142857,5,1,0,0,0,0,0,0,1,0
0,-0.3664385,0.2260886,0.6679905,1,1,4.5,1,1,0,0,0,0,1,0,0
0,-0.4987703,0.2260886,0.3490682,1,0.8571429,4.75,1,0,0,1,0,0,0,0,1
0,0.456391,0.3203491,-0.0173845,0,0.5714286,4.5,1,1,0,0,0,0,1,0,0
0,0.8802744,-1.112838,0.9875695,0,1,4.75,1,0,0,0,0,0,1,0,0
0,0.8802744,-0.2678068,0.9406958,0,0.8571429,5,1,1,0,0,0,0,1,0,0
0,0.1377737,-1.052001,0.3490682,1,1,4.5,1,1,0,1,0,0,0,0,1
0,-0.3246819,-0.4042238,0.3490682,0,0.8571429,3.25,1,1,0,0,0,0,0,0,1
0,-0.3246819,-0.6946884,0.0301459,1,1,4.5,1,1,0,0,0,0,0,0,0
0,-0.3822008,0.2260886,1.260275,0,0.8571429,5,1,0,0,0,0,0,0,0,1
1,-0.3246819,-0.1920606,0.3490682,0,0.7142857,4.75,1,0,0,0,0,0,1,0,0
0,0.3728777,0.2260886,0.0294892,0,0.2857143,4.75,1,0,0,1,0,0,0,1,0
0,-0.3664385,-1.436726,0.3490682,0,0.5714286,5,0,1,0,0,0,1,0,0,1
0,-0.2081124,-0.6946884,0.9406958,0,0.5714286,4.5,1,0,0,0,0,0,0,1,0
0,-0.1923501,0.5499773,0.6217735,1,0.7142857,5,1,1,1,0,0,0,1,0,0
0,-0.2081124,0.5499773,0.3490682,1,0.5714286,4.5,1,1,0,0,1,0,0,0,1
0,-0.3664385,-0.1224916,0.0770197,0,0.7142857,5,1,0,0,0,0,0,0,0,0
1,-0.3664385,-1.257987,0.3490682,1,0.7142857,2,1,1,0,1,0,0,0,0,1
0,-0.3246819,0.2260886,0.0294892,1,1,4.75,1,0,0,0,0,0,1,0,0
1,-0.3947787,-0.6946884,0.3497249,1,0.8571429,5,1,0,0,0,0,0,1,0,0
0,0.8542801,1.565015,0.6211168,1,1,3.5,1,1,0,0,1,0,1,0,0
1,0.8960367,-0.0556436,0.0301459,1,0.7142857,4.75,1,0,0,0,0,0,0,0,1
0,0.2019738,0.2260886,0.3490682,1,0.7142857,5,1,1,0,0,0,0,0,0,1
0,0.8802744,-0.3707998,1.260275,1,1,5,1,0,0,0,0,0,0,0,1
0,0.8676965,-0.788949,1.260275,0,0.8571429,5,1,0,0,0,0,0,1,0,0
0,0.8960367,1.283283,1.260275,1,0.7142857,5,1,1,0,0,0,0,1,0,0
0,0.6676137,0.5078208,1.260275,0,1,5,1,1,0,0,0,0,1,0,0
0,0.6959539,-0.0890676,0.9875695,1,0.7142857,5,1,0,0,1,0,0,0,0,1
0,-1.548585,0.2260886,0.3490682,1,0.8571429,4.75,1,0,0,0,0,0,0,0,1
0,0.7377105,0.2348211,0.9875695,1,0.8571429,3,1,1,0,0,0,0,0,0,1
0,-0.3404441,-1.427994,0.9875695,0,0.1428571,4.5,1,0,0,1,0,0,1,0,0
1,0.3276244,-0.3707998,0.6217735,1,1,4.75,1,1,0,1,0,0,0,0,1
0,0.8542801,-0.4042238,1.260275,0,0.7142857,4.5,1,1,1,0,0,0,0,0,1
0,-0.2829252,0.8317094,0.6679905,1,0.7142857,4.75,1,1,0,0,0,1,1,0,0
0,0.8542801,1.565015,0.9875695,1,0.8571429,4.75,1,1,0,0,0,0,0,0,1
0,-0.3664385,0.2260886,0.7148643,1,0.7142857,4.75,1,0,0,0,0,0,0,0,0
0,-0.3664385,-0.4216887,0.3490682,1,0.7142857,4.75,1,1,0,0,0,0,0,0,1
0,-1.444593,-0.95879,0.0770197,1,0.8571429,4.75,1,0,0,0,0,1,0,0,1
0,-0.7800898,-0.9340984,0.3490682,1,0.8571429,4.75,1,0,0,0,0,0,1,0,0
0,0.8960367,1.249859,0.395942,1,0.7142857,5,1,0,0,0,0,0,0,0,1
0,-0.2081124,0.2260886,0.0294892,1,0.8571429,5,1,0,0,0,0,0,0,1,0
1,0.922031,0.5078208,0.9875695,1,0.5714286,4.5,1,0,0,0,0,0,1,0,0
0,-0.3947787,0.5078208,0.6217735,1,0.8571429,4.25,1,0,0,0,0,1,0,0,1
0,0.8417022,1.249859,0.076363,0,0.2857143,5,1,0,0,0,0,0,0,0,1
0,-0.5247647,0.2260886,0.6686472,1,0.7142857,4,1,1,0,0,0,1,0,0,0
0,0.1862115,0.8317094,0.3490682,0,0.7142857,3,1,1,0,1,0,0,0,1,0
0,-0.3506762,-0.3707998,0.6679905,0,0.7142857,4.25,1,1,0,0,0,0,1,0,0
0,0.8802744,1.565015,0.9875695,0,0.7142857,4,1,1,0,0,0,0,0,0,1
0,-0.3404441,0.9681265,0.3952852,1,1,4.75,1,0,1,0,0,0,0,0,1
0,0.1692983,-0.3795322,0.6217735,0,0.7142857,4.75,1,1,0,0,0,0,0,0,0
0,0.1862115,0.2260886,0.3490682,0,1,4.75,1,1,0,0,0,0,1,0,0
0,0.8417022,-0.0890676,0.9875695,1,0.7142857,5,1,1,0,0,0,0,0,0,1
0,0.3602999,0.3625056,0.6217735,0,0.8571429,5,1,1,0,1,0,0,0,0,0
0,-0.2986875,-0.822373,0.3952852,1,0.5714286,5,1,0,1,0,0,0,1,0,0
0,-0.3664385,0.2260886,1.260275,0,0.7142857,5,1,1,0,0,0,0,1,0,0
1,0.1567204,0.2260886,0.6217735,0,0.8571429,4.75,1,1,0,0,0,0,1,0,0
1,0.3571154,0.9681265,0.3490682,1,0.8571429,3,1,0,0,0,0,0,0,0,1
0,0.1862115,-0.5072168,0.6679905,0,0.7142857,4.5,1,0,0,0,1,0,0,1,0
0,0.7841833,0.92597,0.6679905,0,0.7142857,5,1,0,0,0,0,0,1,0,0
0,0.8960367,0.9347024,1.260275,0,0.4285714,5,1,1,0,0,0,0,1,0,0
0,-0.2829252,0.2260886,0.9875695,1,0.7142857,3.25,1,0,0,0,0,0,1,0,0
0,-0.3664385,0.2260886,0.6217735,0,0.8571429,4.5,1,1,0,1,0,0,0,0,0
0,-0.3664385,0.2260886,0.3490682,1,1,5,1,1,0,0,0,0,0,0,1
0,0.1862115,0.2260886,0.3490682,1,1,3,1,0,0,1,0,0,0,0,1
0,0.8259399,1.249859,0.3490682,1,0.7142857,5,1,0,0,0,0,0,0,0,1
0,0.456391,0.5412448,0.6679905,1,1,4.75,1,1,0,1,0,0,0,1,0
0,0.8542801,1.565015,0.6686472,0,0.8571429,5,1,0,0,0,0,0,0,0,0
0,0.8542801,0.959394,1.260275,0,1,5,1,1,0,0,0,0,1,0,0
0,-0.3664385,0.6863943,0.3490682,0,0.8571429,5,1,0,0,0,0,0,0,0,1
0,0.2732899,1.565015,1.260275,1,0.8571429,5,0,1,0,0,0,0,0,1,0
1,-0.1695402,-0.4042238,0.3490682,1,1,4.75,1,0,0,0,0,0,1,0,0
0,-0.3664385,-0.0890676,0.6217735,0,0.4285714,5,1,0,1,0,0,0,1,0,0
0,-0.6611745,0.5165532,0.3490682,0,0.8571429,4.25,1,1,0,0,0,0,1,0,0
0,0.8960367,0.9681265,1.260275,1,1,5,1,1,0,0,0,1,1,0,0
0,0.1862115,0.2260886,1.260275,1,0.8571429,5,1,0,0,0,0,0,1,0,0
0,-0.4365353,0.2260886,0.3490682,1,1,5,1,0,0,0,0,0,1,0,0
0,0.9480254,-0.4129563,0.6211168,1,1,3.75,1,1,0,0,0,0,0,0,1
0,-0.8060842,-0.0978001,0.076363,1,0.8571429,5,1,1,0,0,0,0,0,0,0
0,0.8542801,-2.136608,0.6679905,1,1,4.5,1,1,0,0,0,0,1,0,0
0,-0.3246819,0.2260886,0.9875695,1,0.5714286,4.75,1,1,0,0,0,0,0,0,1
0,-0.1561237,-0.6859559,0.0770197,1,0.7142857,4.5,1,0,0,0,0,0,0,1,0
0,0.8417022,0.2260886,0.3490682,1,0.8571429,5,1,1,1,0,0,0,0,0,1
1,-0.1120212,0.2260886,0.6217735,0,0.8571429,4.75,1,0,0,0,0,0,1,0,0
0,-0.5674291,-0.6525319,0.3490682,1,0.7142857,5,1,0,0,0,0,0,1,0,0
0,0.7999455,1.241126,0.3490682,1,0.5714286,5,1,1,0,1,0,0,1,0,0
0,-0.483008,0.2260886,0.3484115,1,1,4,1,0,0,0,0,0,0,0,1
0,0.8960367,0.6442378,1.260275,1,0.8571429,5,1,1,0,0,0,0,1,0,0
0,-0.3822008,0.2260886,0.3490682,1,0.8571429,4.5,1,1,0,0,0,0,1,0,0
1,0.8802744,-0.3707998,0.9406958,1,1,4.75,1,0,0,0,0,0,1,0,0
0,0.8542801,1.565015,0.6217735,0,0.4285714,5,1,1,0,0,0,0,1,0,0
0,-0.1537779,-0.822373,1.260275,1,1,4.5,1,1,0,0,0,0,0,1,0
0,0.3602999,0.92597,-0.2894331,0,0.8571429,4.75,1,1,0,0,0,0,0,0,1
0,-0.3664385,0.4990883,-0.2425593,1,1,5,1,1,1,0,0,0,0,1,0
0,-0.3664385,0.2260886,-0.562795,0,0.8571429,4.75,1,0,1,0,0,0,0,0,0
0,-0.3144498,-0.4042238,-0.243216,0,0.4285714,4.5,1,1,0,0,0,0,1,0,0
0,-0.3947787,0.2260886,-0.5621383,1,0,4.75,1,0,1,0,0,0,1,0,0
0,-0.2510199,-0.2765392,-0.243216,1,0.5714286,5,1,0,1,0,0,0,0,0,1
0,0.8960367,0.2260886,-1.839141,0,0.8571429,4.5,1,0,1,0,0,0,0,0,0
0,-0.3947787,-0.6946884,-0.2894331,0,0.8571429,4.75,1,0,1,0,0,0,0,0,1
0,-1.587157,-1.112838,-0.5621383,0,0.2857143,2,1,0,1,0,0,0,1,0,0
0,0.8542801,-0.6946884,-0.2887764,0,0.5714286,4.5,1,1,0,0,0,0,0,0,1
0,0.3445376,-0.9676881,-0.8348436,1,0.7142857,5,1,1,0,0,0,0,1,0,0
0,-0.3664385,0.2260886,-0.8810606,1,1,4.75,1,0,0,0,0,0,0,1,0
0,0.7196025,1.001551,-1.246857,1,0.8571429,4.5,1,1,0,0,0,0,0,0,1
1,-1.402837,-0.0890676,-0.8817173,1,0.7142857,4.5,1,0,0,0,0,0,0,0,1
0,0.2732899,-0.0556436,-0.2425593,0,1,4.25,1,0,1,0,0,0,1,0,0
0,0.1149638,0.92597,-0.2894331,1,1,4.75,1,1,0,0,0,0,0,0,1
0,-0.3915942,-0.8908926,-1.473345,0,0.7142857,5,1,0,1,0,0,0,0,1,0
0,-0.8478408,-0.0469111,-0.6083553,1,0.8571429,5,1,0,0,0,0,0,0,0,0
1,0.8542801,-1.112838,-2.384551,0,0.4285714,4.5,0,1,0,0,0,0,1,0,0
0,0.4020565,-0.0890676,-0.2894331,0,0.8571429,4,1,1,0,0,0,0,0,0,1
0,-0.3664385,-1.112838,-0.5621383,0,0.7142857,5,1,1,1,0,0,0,1,0,0
0,-0.5271105,-1.751882,-0.2894331,0,0.8571429,4.5,1,0,0,0,0,0,0,0,1
1,-0.3664385,-0.4042238,-1.154423,0,1,4.75,1,0,0,0,0,0,0,0,1
0,-0.3947787,0.2260886,-0.562795,1,0.7142857,4.75,1,0,1,0,0,0,0,0,1
0,-0.9033262,0.2260886,-1.74605,0,1,4,1,0,1,0,0,0,0,1,0
0,-0.3246819,0.5499773,-0.8817173,0,0.2857143,5,1,0,1,0,0,0,1,0,0
0,-0.2081124,-0.6946884,-0.243216,1,0.2857143,2.75,1,0,0,0,0,0,0,0,0
1,-0.3664385,-0.6102098,-1.20064,0,1,5,1,1,0,0,0,0,1,0,0
0,0.8542801,0.6442378,-0.6083553,1,1,4.75,1,1,0,0,0,0,0,0,1
0,0.6676137,-1.12157,-1.473345,0,1,4.5,1,1,0,0,0,0,0,0,1
0,-0.2829252,-0.0890676,-1.107549,0,0.5714286,4.5,1,0,1,0,0,0,0,0,1
0,-0.3246819,-1.47015,-0.243216,0,0.7142857,4.5,1,0,0,0,0,0,1,0,0
1,0.8542801,0.9681265,-0.243216,1,1,5,1,0,1,0,0,0,0,0,0
1,-0.9281697,-0.788949,-1.520219,1,0.7142857,4.25,1,1,0,0,0,0,1,0,0
1,0.8542801,0.2260886,-0.2900898,0,0.7142857,5,1,0,0,0,0,0,0,0,1
0,-0.3979631,0.2260886,-1.473345,0,1,4.75,1,0,0,0,0,0,0,0,1
1,-0.3506762,-0.6859559,-1.29373,1,0,4,1,1,0,0,1,0,0,0,1
0,0.3602999,0.5412448,-0.243216,1,0.5714286,4.75,1,0,0,0,0,0,1,0,0
0,0.7251327,-0.3707998,-0.243216,1,1,4.25,1,0,1,0,0,0,1,0,0
1,-0.3380984,0.2348211,-2.065629,1,0.8571429,4.25,1,1,0,0,0,1,1,0,0
0,-0.1923501,0.2260886,-0.2894331,0,0.7142857,5,1,0,1,0,0,0,0,0,1
0,-0.3822008,-0.822373,-0.243216,1,1,4.5,1,0,1,0,0,0,0,0,1
0,-0.3246819,-0.0890676,-0.5621383,0,0.8571429,3.5,1,0,0,0,0,0,1,0,0
1,-1.587157,0.2260886,-0.8804039,1,0.8571429,4,1,1,1,0,0,0,0,0,1
1,0.8960367,0.92597,-0.5621383,1,0.8571429,2.75,1,0,0,0,0,0,0,0,1
0,-0.3947787,0.4046621,-0.2907465,0,0.8571429,5,1,0,1,0,0,0,0,0,1
0,-0.3664385,-0.0890676,-0.2894331,0,1,4.5,1,1,0,0,0,0,0,0,1
0,0.8645121,-0.4129563,-0.5621383,1,0.8571429,4.5,1,0,0,0,0,0,0,0,1
0,-0.8761809,-1.112838,-0.2894331,0,1,3.75,1,0,0,0,0,0,1,0,0
0,-0.3246819,-1.009845,-0.8817173,0,0.8571429,4.75,1,1,0,0,0,0,1,0,0
0,-0.0264492,1.241126,-2.384551,1,0.7142857,4.5,1,1,1,0,0,0,1,0,0
1,-0.9433506,-0.0890676,-1.839141,0,1,4.75,1,0,1,0,0,0,0,1,0
1,-0.158781,-0.8064139,-1.154423,0,0.5714286,4.5,0,1,1,0,0,0,0,0,1
0,-0.3246819,0.2260886,-0.2900898,1,0.5714286,5,1,0,1,0,0,0,1,0,0
0,-0.074887,-2.451764,-0.2900898,1,1,3.5,1,0,1,0,0,0,0,0,1
1,0.1476392,-0.4463803,-0.8810606,1,0.5714286,4,1,1,0,0,0,0,0,0,1
1,-0.591677,-1.240522,-2.065629,1,1,4.25,1,0,0,0,0,0,0,0,1
0,-0.3664385,0.9681265,-1.520219,0,0.7142857,5,1,0,0,0,0,0,0,0,0
0,0.8542801,0.9681265,-1.199983,0,1,5,1,0,1,0,0,0,0,0,1
1,-0.3506762,-0.6102098,-0.6090121,0,0.8571429,5,1,0,1,0,0,0,0,0,1
1,-1.571395,0.2260886,-0.243216,1,0,3.75,1,1,0,0,0,0,1,0,0
0,-0.3404441,-1.333733,0.6679905,1,0.7142857,4,1,0,1,0,0,0,1,0,0
0,0.8802744,0.8229769,0.9406958,1,0.5714286,4.75,1,1,1,0,0,0,1,0,0
1,0.8802744,0.2260886,0.0294892,1,0.5714286,5,1,0,0,0,0,0,0,0,1
0,-0.6895146,-1.112838,0.0294892,1,0.5714286,5,1,0,1,0,0,0,0,1,0
0,-0.3562064,-0.788949,0.076363,1,0.8571429,4.75,1,0,0,0,0,0,0,1,0
0,0.8542801,-0.2342171,-0.0180412,0,1,3.5,1,0,1,0,0,0,0,0,1
0,0.1149638,0.0139254,0.076363,1,0.5714286,4.5,1,1,0,0,0,0,0,0,1
0,0.8259399,0.5078208,0.3490682,0,0.7142857,4.75,1,0,0,0,0,0,0,0,1
1,0.3728777,0.5499773,0.6217735,1,0.8571429,4.75,1,1,0,0,0,0,1,0,0
0,0.8385177,-0.3186958,0.0294892,0,0.8571429,4.75,1,1,0,0,0,0,1,0,0
0,0.5896165,1.565015,0.0294892,1,0.7142857,5,1,0,1,0,0,0,1,0,0
0,0.8542801,1.565015,-0.0160711,1,0.7142857,3,1,1,1,0,0,0,0,0,0
0,-0.3246819,-0.0890676,-0.0167278,1,1,4.25,1,1,0,0,0,0,0,0,1
0,0.8259399,-1.052001,0.0294892,1,0.8571429,4.75,0,0,0,0,0,0,0,0,0
1,-1.587157,-1.112838,1.260275,1,0.8571429,5,1,1,0,0,0,1,1,0,0
0,-0.182118,-0.0556436,0.0294892,1,0.7142857,4.75,1,0,1,0,0,0,0,0,1
0,0.8542801,0.2260886,0.0301459,0,0.8571429,5,1,0,0,0,0,0,0,0,1
0,-0.3664385,0.2260886,0.9406958,1,1,4.5,1,0,0,0,0,0,0,0,1
0,-0.3822008,0.2260886,0.0301459,1,0.8571429,4.75,1,1,0,0,0,0,1,0,0
1,0.7219483,-0.0556436,0.6217735,1,0.8571429,4.75,1,1,1,0,0,0,0,0,1
0,-0.182118,-0.1312241,0.3490682,1,0.4285714,4.5,1,0,1,0,0,0,0,0,1
0,-0.3822008,-0.788949,0.3490682,1,1,4.5,1,1,0,0,0,0,0,0,0
0,0.8960367,-1.070681,0.6217735,1,0.5714286,5,1,1,0,0,0,0,0,0,0
0,0.8960367,-0.3099633,-0.0167278,0,0.8571429,5,1,1,0,0,0,0,1,0,0
0,-1.587157,0.6442378,0.6679905,0,0.8571429,4.5,1,0,1,0,0,0,1,0,0
0,0.8259399,1.565015,0.9406958,1,0.8571429,5,0,0,1,0,0,0,1,0,0
0,-0.3089196,-0.4129563,0.0757063,0,0.8571429,4.5,1,0,1,0,0,0,0,0,1
0,-0.0819346,1.249859,0.6686472,0,0.8571429,4.75,1,0,0,1,0,0,0,0,1
0,0.2563083,0.2260886,0.3490682,1,0.5714286,4,0,1,0,0,0,0,0,0,1
0,0.3602999,-0.0978001,0.076363,1,0.7142857,5,1,1,0,0,0,0,0,0,1
0,-0.3506762,0.9681265,1.260275,1,1,4.5,1,1,1,0,0,0,0,0,1
0,0.3728777,1.565015,0.6686472,0,1,5,1,0,0,0,0,0,0,0,1
0,0.8542801,1.249859,-0.0167278,1,1,3,1,0,0,0,0,0,1,0,0
0,0.8676965,0.959394,0.0294892,0,0.8571429,5,1,0,1,0,0,0,0,0,1
0,0.8542801,0.8317094,1.260275,1,0.5714286,5,1,1,1,0,0,0,0,0,0
0,0.8542801,0.2260886,0.0288325,1,0.2857143,5,1,0,1,0,0,0,0,0,1
0,-0.3664385,-0.3707998,0.3490682,1,0.8571429,4,1,0,0,0,0,0,1,0,0
0,0.8259399,-0.3707998,0.0301459,1,0.8571429,4.5,1,0,0,0,0,0,0,0,0
0,-0.3246819,1.241126,0.6217735,0,1,4.5,1,1,0,0,0,0,1,0,0
0,0.8960367,0.9681265,0.9875695,0,0.8571429,5,1,0,0,0,0,0,1,0,0
0,-0.3664385,-0.9340984,0.3490682,0,0.8571429,5,1,1,0,0,0,0,1,0,0
1,-0.3664385,0.2260886,0.3490682,1,1,4.5,1,0,0,0,0,0,1,0,0
0,-0.3404441,0.2260886,-0.0167278,1,1,3.75,1,0,1,0,0,0,0,0,1
0,-0.3664385,0.8651335,0.9875695,0,0.5714286,5,1,0,0,0,0,0,1,0,0
0,0.8259399,1.146866,0.6679905,0,0.8571429,4,1,0,0,0,0,0,1,0,0
0,-1.571395,-0.3707998,0.3490682,1,0.5714286,5,1,0,1,0,0,0,1,0,0
0,0.8542801,0.6863943,0.9413525,0,1,5,1,1,0,0,0,0,1,0,0
0,-0.3562064,-0.0556436,0.0294892,1,0.7142857,5,1,0,1,0,0,0,0,0,1
0,0.3988721,-0.4129563,0.6686472,0,0.8571429,4.5,1,0,1,0,0,0,1,0,0
0,0.8960367,-0.0556436,0.3490682,1,0.8571429,4.5,1,1,1,0,0,0,1,0,0
0,-0.3664385,-0.3707998,0.9413525,0,0.7142857,4.25,1,1,1,0,0,0,1,0,0
0,-0.8218464,-0.0556436,0.076363,1,0.7142857,5,1,1,0,0,0,0,1,0,0
0,0.8417022,-0.0890676,0.3490682,0,1,4.75,1,1,0,0,0,0,0,0,1
0,-0.3506762,-0.6102098,0.3490682,1,0.4285714,5,1,1,0,0,0,0,0,0,1
0,0.8542801,0.9681265,0.6217735,0,0.8571429,5,1,0,0,0,0,0,1,0,0
0,0.8259399,1.283283,0.3490682,0,1,5,1,0,0,0,0,0,1,0,0
1,0.97955,0.6195462,0.6679905,1,1,5,1,0,0,0,0,0,0,0,1
0,0.0585021,-1.794039,0.3490682,1,0.5714286,4.75,1,1,0,0,0,0,1,0,0
1,0.8542801,1.565015,0.3490682,0,1,5,1,0,0,0,0,0,1,0,0
0,0.4146344,0.2260886,0.6686472,0,0.8571429,2.5,1,0,1,0,0,0,0,0,1
0,-0.3664385,-0.9676881,0.3490682,0,1,4.25,1,1,1,0,0,0,1,0,0
0,0.8542801,1.283283,0.3484115,1,0.5714286,5,1,1,1,0,0,0,0,0,0
0,0.7668893,0.5078208,0.3490682,0,1,4.5,1,1,0,0,0,1,0,0,0
0,0.8542801,-2.451764,0.0301459,1,0.8571429,4.25,1,0,0,0,0,0,1,0,0
0,-0.3664385,0.2260886,0.9875695,0,0.2857143,5,1,0,0,0,0,0,1,0,0
0,0.922031,-0.7281125,0.9406958,1,0.8571429,4.5,1,1,0,0,0,0,0,1,0
0,-0.3246819,-0.7281125,0.0294892,0,0.7142857,4.75,1,0,0,0,0,0,0,0,1
0,0.8960367,1.283283,1.260275,1,1,4.75,1,0,0,0,0,0,1,0,0
1,-0.8060842,-1.291577,0.3490682,0,0.7142857,4.75,1,0,0,0,0,0,0,0,1
0,0.8542801,1.565015,0.9406958,0,0.8571429,4.75,1,1,0,0,0,0,1,0,0
0,0.8417022,0.5499773,0.9413525,1,0.8571429,4.75,1,1,0,0,0,0,1,0,0
0,0.1251958,-0.1399566,0.3490682,0,0.8571429,4.5,1,0,0,0,0,0,0,0,1
1,0.1862115,0.2260886,-0.5621383,0,0.5714286,5,1,1,1,0,0,0,0,0,1
1,0.8542801,1.565015,-1.29373,0,0.5714286,5,1,0,0,0,0,0,0,0,0
1,-0.1923501,0.6442378,-0.2887764,1,0.7142857,5,1,1,1,0,0,0,0,0,1
0,0.7999455,0.2260886,-0.2894331,0,0.8571429,4.25,1,1,1,0,0,0,0,0,1
0,-0.2986875,0.2260886,-0.243216,0,1,5,1,0,1,0,0,0,0,0,1
0,0.265941,-2.663761,-2.111846,0,0.8571429,4.75,1,0,1,0,0,0,1,0,0
1,0.8542801,0.2260886,-1.519562,0,0.4285714,5,1,1,1,0,0,0,0,0,1
0,-0.3506762,0.8317094,-1.519562,0,0.5714286,4.5,1,0,1,0,0,0,0,0,1
0,0.8542801,0.0809391,-0.8810606,1,1,4.25,1,1,1,0,0,0,0,0,1
0,0.8960367,0.2260886,-0.2887764,1,0.8571429,5,0,1,1,0,0,0,1,0,0
0,0.3287753,0.3290816,-0.243216,1,0.5714286,5,1,0,1,0,0,0,0,0,0
0,-0.2081124,0.2348211,-1.427785,0,0.8571429,5,1,1,1,0,0,0,0,1,0
0,0.8542801,-0.4650603,-0.243216,1,0.7142857,3,1,1,1,0,0,0,1,0,0
0,-1.259078,0.2260886,-1.20064,1,0.1428571,2.75,1,0,1,0,0,0,0,0,0
0,0.8542801,-1.803986,-0.9272776,1,0.7142857,5,1,1,1,0,0,0,0,0,1
0,-0.0512242,0.5499773,-1.246857,0,0.8571429,4.5,0,0,1,0,0,0,0,0,1
1,0.8542801,0.9172375,-0.2894331,1,0.5714286,5,1,0,1,0,0,0,0,0,0
1,0.7794672,0.5078208,-0.9279343,1,1,4,1,1,0,0,0,1,0,0,1
0,-0.3664385,0.2260886,-1.566436,0,1,3,1,0,1,0,0,0,0,0,1
0,-1.270505,-1.112838,-2.065629,0,0.4285714,5,0,0,1,0,0,0,1,0,0
0,0.3602999,-0.0890676,-0.243216,1,0.8571429,4,1,0,1,0,0,0,0,0,1
1,-0.4751075,-1.052001,-0.8804039,1,0.8571429,3,1,0,1,0,0,0,0,1,0
0,-0.2300287,0.2260886,-0.2894331,0,0.7142857,4.5,1,0,1,0,0,0,0,0,1
0,0.8542801,1.565015,-0.3363068,0,0.8571429,4.5,1,1,1,0,0,0,1,0,0
0,0.8542801,0.6529703,-0.3349934,0,1,4.5,1,1,1,0,0,0,0,0,1
0,-0.4050107,-0.770269,-1.839141,0,0.7142857,5,1,0,1,0,0,0,0,0,0
0,-1.065436,-1.163727,-1.746707,0,0.1428571,4,1,1,1,0,0,0,1,0,0
0,0.8542801,1.565015,-1.247513,1,0.4285714,5,1,0,1,0,0,0,1,0,0
0,-0.3632541,-0.0890676,-0.243216,0,0.8571429,4.75,1,0,1,0,0,0,0,0,1
0,0.8676965,1.565015,-1.247513,0,0.8571429,4.5,1,0,1,0,0,0,0,0,1
0,-0.3214974,0.5499773,-1.792924,1,0.8571429,5,1,0,1,0,0,0,0,1,0
0,0.8542801,0.9681265,-0.2894331,0,0.8571429,4.5,1,0,1,0,0,0,1,0,0
0,-0.1923501,0.2260886,-0.5621383,1,0,5,1,0,1,0,0,0,0,1,0
0,-0.2081124,0.2260886,-1.839141,1,0.4285714,5,1,0,1,0,0,0,0,1,0
1,0.1409581,-1.385837,-0.5159213,0,1,4.25,1,0,0,0,0,0,0,0,1
0,0.922031,0.6529703,-0.8817173,1,0.8571429,4.5,1,1,1,0,0,0,1,0,0
0,-0.3664385,0.2260886,-0.6083553,1,0.4285714,5,0,0,1,0,0,0,0,0,1
0,-0.3246819,-0.0469111,-0.5621383,0,1,5,1,1,1,0,0,0,0,0,1
0,-0.3404441,-0.4129563,-0.8810606,0,0.7142857,4.5,1,0,1,0,0,0,1,0,0
0,0.8417022,-0.9676881,-0.3369635,1,0.7142857,5,0,0,1,0,0,0,1,0,0
0,0.8385177,0.9347024,-0.2887764,1,0.8571429,5,1,0,1,0,0,0,1,0,0
0,-0.3664385,-0.0978001,-0.5159213,1,0.7142857,4.75,1,0,1,0,0,0,0,1,0
0,-1.587157,-1.112838,-2.065629,0,0.4285714,5,1,0,1,0,0,0,1,0,0
0,-0.2829252,1.565015,-1.20064,1,0.7142857,4.25,1,0,1,0,0,0,1,0,0
0,-1.428831,-0.4042238,-0.8355003,1,0.2857143,3.5,1,1,1,0,0,0,1,0,0
1,-0.1561237,1.249859,-0.5159213,1,0.8571429,5,1,0,1,0,0,0,0,1,0
0,0.0606293,-1.573143,-1.153766,0,0.1428571,5,1,1,1,0,0,0,0,0,1
0,0.3445376,0.2260886,-0.562795,1,0.7142857,5,1,0,1,0,0,0,0,0,1
1,0.3445376,-0.0890676,-0.6090121,1,0.8571429,5,1,0,1,0,0,0,0,1,0
0,0.7330332,-0.8311055,-1.199983,0,0.8571429,5,1,1,1,0,0,0,0,0,0
0,-0.905672,-1.291577,-0.6090121,1,0.4285714,5,0,1,1,0,0,0,0,0,1
0,0.8417022,0.5499773,-0.882374,1,1,5,1,0,1,0,0,0,0,0,0
0,-0.4376862,-1.052001,-1.20064,1,0.5714286,3.75,1,0,1,0,0,0,1,0,0
0,0.6959539,1.565015,-0.2894331,0,0.1428571,4,0,0,1,0,0,0,0,0,0
0,0.30163,0.2260886,-1.839141,0,0.5714286,5,1,0,1,0,0,0,0,1,0
0,0.8960367,1.249859,-0.243216,0,0.4285714,5,1,1,1,0,0,0,1,0,0
0,0.8542801,-0.0045889,-0.8355003,0,1,3,1,0,1,0,0,0,0,0,1
0,-0.7826787,-0.5159492,-0.562795,0,0.7142857,1.75,0,0,1,0,0,0,1,0,0
0,0.8542801,1.565015,-1.792924,0,0.8571429,3,1,0,1,0,0,0,1,0,0
0,0.4146344,-0.0978001,-0.243216,1,0.7142857,5,1,0,1,0,0,0,1,0,0
0,-0.3246819,-0.3373757,-0.2894331,1,0.5714286,4.75,0,0,1,0,0,0,1,0,0
0,0.8542801,-1.070681,-1.29373,0,0.4285714,2,1,0,1,0,0,0,0,0,1
0,-0.4365353,-0.0890676,-0.8810606,1,0.8571429,5,1,1,1,0,0,0,0,1,0
0,0.8802744,-0.0890676,-1.20064,0,0.8571429,3.5,0,1,1,0,0,0,0,0,0
0,-1.587157,-1.112838,-0.5621383,1,1,5,1,1,1,0,0,0,0,0,1
0,-0.3664385,0.2260886,-0.2887764,1,0.8571429,5,1,1,1,0,0,0,0,0,1
0,0.8960367,1.565015,-1.520219,1,0.5714286,5,1,0,0,0,0,1,0,0,0
0,-0.3664385,1.565015,-0.2900898,0,0.8571429,5,1,0,1,0,0,0,0,0,1
1,-0.2963417,-0.0890676,0.076363,1,1,4.75,1,1,1,0,0,0,0,0,1
0,-0.3664385,0.2260886,0.9406958,1,0.7142857,4,1,0,1,0,0,0,0,1,0
0,0.7975997,0.2260886,0.6679905,0,0.8571429,5,1,1,1,0,0,0,0,1,0
0,-1.400491,-0.0556436,0.6679905,1,0.8571429,4.75,0,0,1,0,0,0,1,0,0
0,0.3728777,1.249859,0.6217735,0,0.7142857,5,1,0,1,0,0,0,0,0,1
0,0.5195197,0.3016692,0.0301459,0,0.7142857,3,1,0,1,0,0,0,1,0,0
0,-1.34994,0.5499773,0.3015378,0,0.5714286,4.75,1,0,1,0,0,0,0,0,0
0,0.1862115,0.2260886,0.0288325,1,0.4285714,4.5,1,0,1,0,0,0,0,1,0
0,0.8542801,1.565015,0.0757063,1,0.7142857,5,1,0,1,0,0,0,0,0,1
0,0.8542801,1.565015,1.260275,1,0.4285714,3,1,0,1,0,0,0,0,0,1
0,0.8542801,0.2260886,0.6217735,1,0.8571429,5,1,0,1,0,0,0,1,0,0
0,0.8960367,0.6529703,0.0294892,0,0.7142857,4.25,1,0,1,0,0,0,1,0,0
0,0.8542801,-0.6349013,0.9413525,1,1,5,1,1,1,0,0,0,1,0,0
0,-0.4365353,0.2260886,0.9406958,1,0.8571429,4.25,1,0,1,0,0,0,0,0,0
0,0.4146344,-0.6102098,0.3490682,1,0.4285714,4.5,1,1,1,0,0,0,1,0,0
0,-0.3506762,-0.788949,0.0294892,1,0.7142857,5,1,0,1,0,0,0,0,0,0
0,0.3185433,-0.0890676,0.6686472,1,1,3.5,1,1,1,0,0,0,0,0,0
0,-0.3404441,-0.0890676,0.6217735,0,0.8571429,5,1,0,1,0,0,0,1,0,0
0,0.7400808,0.5499773,0.9875695,1,0.5714286,4.75,1,0,1,0,0,0,0,0,1
0,0.8542801,0.5499773,0.6679905,1,0.7142857,5,1,0,1,0,0,0,0,1,0
0,0.683376,-1.257987,0.3490682,1,0.4285714,3,1,0,1,0,0,0,0,0,1
0,0.2019738,-0.4129563,0.3490682,1,0.8571429,4.5,1,1,1,0,0,0,0,1,0
1,-0.1380156,0.2682451,0.3490682,1,1,4.5,1,1,1,0,0,0,0,0,1
0,0.8802744,1.565015,0.6217735,1,0.5714286,4.75,1,0,1,0,0,0,0,0,1
0,0.4248665,1.565015,0.3021945,1,0.5714286,5,0,1,1,0,0,0,1,0,0
1,0.3161975,0.6863943,0.395942,1,1,4.25,1,0,0,0,0,0,0,0,0
0,0.8542801,0.5499773,0.6679905,0,0.8571429,5,1,1,1,0,0,0,0,0,1
0,-0.3664385,-0.1920606,1.260275,0,0.2857143,2.75,1,0,1,0,0,0,0,1,0
0,-0.3758319,-0.4042238,0.6211168,1,0.4285714,5,1,0,1,0,0,0,0,0,1
0,0.683376,0.5499773,0.076363,0,0.4285714,5,1,0,1,0,0,0,0,0,1
0,0.2019738,0.2260886,1.260275,1,1,3.5,1,0,1,0,0,0,0,0,1
0,0.8385177,0.2682451,0.6679905,1,1,4.75,1,1,1,0,0,0,1,0,0
0,0.6416194,-0.3707998,-0.0167278,0,0.8571429,4.25,1,1,1,0,0,0,1,0,0
0,-0.182118,-0.8311055,0.3490682,0,0.8571429,5,1,0,1,0,0,0,0,0,1
0,0.8259399,-0.4129563,0.6679905,1,0.5714286,5,1,0,1,0,0,0,1,0,0
0,-3.41486,-2.869913,1.260275,0,1,5,1,0,0,0,0,0,0,1,0
0,0.8417022,0.2260886,0.3952852,0,0.1428571,5,1,1,1,0,0,0,1,0,0
0,0.8542801,0.9347024,0.6217735,0,0.8571429,5,1,1,1,0,0,0,1,0,0
0,0.8417022,0.2260886,0.3490682,1,0.8571429,3.25,1,0,1,0,0,0,0,0,0
0,-0.5790992,-0.8311055,0.0294892,1,0.8571429,4,1,0,1,0,0,0,0,0,0
0,0.8542801,0.2260886,0.6217735,1,0.8571429,4.75,1,0,1,0,0,0,1,0,0
0,0.3862942,0.2260886,0.3490682,1,0.5714286,4.25,1,0,1,0,0,0,0,0,1
0,-1.587157,-1.112838,1.260275,1,0.5714286,4.5,1,0,1,0,0,0,0,0,1
1,0.8802744,-0.4216887,-0.0160711,1,0.8571429,4.75,1,1,1,0,0,0,1,0,0
0,0.4020565,1.565015,0.9875695,1,0.4285714,5,1,1,1,0,0,0,0,0,0
0,-0.0650214,-1.112838,0.3484115,1,0.5714286,4,1,1,1,0,0,0,1,0,0
0,0.9062688,0.2260886,1.260275,1,0.7142857,4.25,1,1,1,0,0,0,1,0,0
0,-0.3979631,0.2260886,-0.0173845,1,1,5,1,0,1,0,0,0,0,1,0
0,0.8542801,-0.0978001,0.3490682,1,0,4.75,1,0,1,0,0,0,0,0,1
0,0.8417022,0.3290816,1.260275,0,1,5,1,0,1,0,0,0,0,0,0
0,0.7999455,0.2260886,0.0301459,1,0.7142857,5,1,0,1,0,0,0,1,0,0
0,0.8542801,1.565015,0.7148643,0,0.8571429,5,1,0,1,0,0,0,0,0,0
0,0.7873677,0.8317094,0.6679905,1,0.8571429,5,1,0,1,0,0,0,1,0,0
0,0.6416194,0.2260886,0.0294892,0,0.7142857,4.5,1,0,1,0,0,0,0,0,1
0,0.8542801,0.2260886,0.9406958,1,0.4285714,3.75,1,0,1,0,0,0,1,0,0
1,-0.3664385,-0.3373757,0.9406958,1,0.5714286,5,1,0,1,0,0,0,0,0,1
0,-0.1923501,-0.0890676,0.076363,1,0.7142857,5,1,1,1,0,0,0,1,0,0
0,0.8542801,0.9347024,0.9406958,0,1,5,1,0,1,0,0,0,0,0,1
0,-0.3822008,-0.3373757,0.0294892,0,0.1428571,4.5,1,1,1,0,0,0,0,1,0
0,-0.3664385,0.2260886,0.3490682,0,1,5,1,1,1,0,0,0,1,0,0
0,0.3445376,0.5499773,1.260275,0,1,4.75,1,0,1,0,0,0,1,0,0
0,0.3602999,0.2260886,0.3490682,0,0.5714286,4.5,1,0,1,0,0,0,1,0,0
0,0.8542801,0.9347024,0.6217735,1,0.1428571,4.25,1,0,1,0,0,0,0,1,0
0,-1.587157,-1.112838,0.0294892,0,0.7142857,5,1,0,1,0,0,0,1,0,0
0,0.8676965,0.9681265,0.9875695,1,0.4285714,4.75,1,0,1,0,0,0,0,0,1
0,0.7093704,0.3712381,1.260275,0,0.1428571,5,1,1,1,0,0,0,0,0,1
0,0.1149638,-0.8311055,0.3015378,0,1,5,1,1,1,0,0,0,0,0,0
0,0.8542801,1.241126,1.260275,1,1,3.5,1,1,1,0,0,0,0,0,1
0,0.8802744,1.565015,0.6217735,0,0.8571429,5,1,0,1,0,0,0,1,0,0
0,-0.3506762,0.8317094,0.9406958,1,0.8571429,3,1,0,1,0,0,0,0,1,0
0,0.8259399,0.2260886,0.6679905,1,0.8571429,5,1,1,1,0,0,0,1,0,0
0,-4.028594,-3.79069,0.076363,1,0.7142857,5,1,0,1,0,0,0,0,0,1
0,0.8960367,1.249859,0.0294892,0,0.8571429,4.75,1,1,1,0,0,0,0,0,1
0,0.9377933,1.565015,0.3021945,0,0.8571429,5,1,1,1,0,0,0,0,0,1
0,0.8542801,-0.0978001,1.260275,0,1,5,1,1,1,0,0,0,0,0,1
0,0.1862115,0.9681265,0.3497249,0,0.7142857,5,1,0,1,0,0,0,0,0,0
0,0.3602999,-0.3795322,0.9875695,1,0.5714286,3,1,0,1,0,0,0,0,0,1
0,-0.3664385,0.2260886,0.9406958,0,0.8571429,5,1,1,1,0,0,0,0,0,1
0,-0.4365353,-0.6946884,0.0294892,1,0.5714286,4.75,1,1,1,0,0,0,0,0,1
0,-0.5247647,-1.436726,0.3028512,0,0.5714286,3.75,1,0,1,0,0,0,0,0,0
0,0.8417022,-0.6612644,-0.0173845,0,0.8571429,3.25,1,1,1,0,0,0,1,0,0
0,0.8802744,0.2260886,0.3952852,1,0.8571429,5,1,0,1,0,0,0,0,1,0
0,-0.2829252,0.2260886,0.9875695,0,0.7142857,4,1,1,1,0,0,0,1,0,0
0,0.8542801,0.4046621,1.260275,0,0.7142857,4.5,1,0,1,0,0,0,1,0,0
0,0.1862115,0.2260886,0.3490682,1,0.8571429,4.5,1,1,1,0,0,0,1,0,0
0,-0.3664385,0.2260886,0.0294892,1,0.8571429,5,1,1,1,0,0,0,0,1,0
1,0.8542801,0.2260886,0.3035079,0,1,4.5,1,1,1,0,0,0,0,0,1
0,-0.9088565,0.5499773,0.6679905,1,0.5714286,4.25,1,0,1,0,0,0,1,0,0
0,0.8960367,1.565015,1.260275,1,0.8571429,5,1,1,1,0,0,0,1,0,0
0,-0.3979631,-0.9676881,-0.243216,1,0.8571429,4,0,0,1,0,0,0,1,0,0
0,-0.282613,0.959394,-1.472688,1,0.7142857,5,1,0,1,0,0,0,0,0,1
0,0.8960367,0.0139254,-0.3349934,1,0.7142857,3,1,0,0,0,0,0,0,0,1
0,0.8960367,1.283283,-1.792924,0,0.1428571,5,1,1,1,0,0,0,0,0,1
0,0.1669525,0.2260886,-0.5621383,0,0.4285714,4.5,0,0,1,0,0,0,0,0,1
0,0.3445376,0.2260886,-0.8810606,1,1,4.75,0,1,0,1,0,0,0,0,1
0,0.6676137,-1.154994,-0.5621383,0,0.7142857,4.25,1,0,0,0,0,0,0,0,1
1,-0.5113482,0.3290816,-0.8810606,1,1,3.5,0,0,0,0,0,0,0,0,1
1,0.1704492,0.6442378,-1.792267,1,1,3.75,1,0,0,0,0,0,0,0,0
1,-0.3664385,0.2260886,-2.111846,0,1,4.25,1,1,0,0,1,0,0,1,0
0,-1.555632,-0.8311055,-1.107549,1,0.5714286,4.75,1,1,0,0,1,0,0,1,0
0,-0.5531048,-0.6946884,-0.2894331,0,0.1428571,4.25,0,0,1,0,0,0,1,0,0
0,-0.3664385,0.2260886,-0.6076986,0,0.8571429,5,1,0,1,0,0,0,0,0,1
0,0.3602999,0.8229769,-0.243216,1,0.5714286,5,0,0,0,1,0,0,0,0,1
0,0.683376,0.2260886,-2.384551,1,0.7142857,4.5,1,1,0,0,0,0,0,1,0
0,-0.9474286,-0.0890676,-1.153766,1,1,4.75,1,1,0,0,0,0,0,0,1
0,0.8542801,-0.4129563,-0.6083553,1,1,5,0,1,0,0,0,0,0,0,1
0,-0.3506762,0.2260886,-0.2894331,1,0.8571429,4.25,1,0,1,0,0,0,0,0,1
0,0.8259399,-0.0556436,-0.6552291,1,0.8571429,4.75,1,1,0,1,0,0,0,0,1
1,-1.901152,-0.0890676,-0.2887764,0,1,5,1,1,0,1,0,0,0,0,1
0,0.1578713,0.3290816,-0.2425593,0,0.7142857,5,1,1,0,1,0,0,1,0,0
0,-0.3664385,-0.5159492,-0.8810606,0,1,4,1,1,0,0,1,0,0,0,1
0,0.8259399,-1.888299,-0.5621383,1,0.5714286,5,0,0,0,0,0,0,0,0,1
0,-0.3246819,0.2260886,-0.9279343,1,1,4.5,1,0,1,0,0,0,0,0,1
0,-1.374496,-0.788949,-0.5621383,0,0.8571429,4.5,1,0,0,0,0,0,0,0,0
0,-1.587157,0.2260886,-0.243216,0,0.8571429,5,0,0,0,1,0,0,0,0,1
0,-0.2986875,-0.4042238,-0.2894331,0,0.5714286,5,0,1,1,0,0,0,0,0,1
0,-0.3664385,0.2260886,-0.6090121,1,1,3.5,1,1,0,1,0,0,0,0,1
0,0.6416194,-2.136608,-0.2900898,0,0.7142857,5,1,1,1,0,0,0,0,0,1
0,-0.2829252,0.2260886,-0.243216,0,0.8571429,5,1,1,0,0,1,0,0,0,1
0,0.4020565,0.9681265,-1.247513,1,0.7142857,4.75,1,1,0,0,0,0,0,0,0
1,-0.8761809,-0.0978001,-1.153109,1,1,4,1,1,0,0,0,0,1,0,0
0,-2.111467,0.2260886,-0.2900898,1,0.5714286,5,0,0,0,0,1,0,0,0,1
0,-0.7891025,-0.0469111,-0.8348436,1,1,4,1,0,0,1,0,0,1,0,0
0,-0.3246819,-0.4129563,-0.9279343,1,0.8571429,4.75,1,0,1,0,0,0,0,0,1
0,-0.4081952,0.2260886,-1.566436,1,0,5,1,0,0,0,0,0,0,1,0
0,-0.3664385,0.5499773,-2.111846,0,0.8571429,5,1,0,1,0,0,0,0,0,1
0,-0.3404441,-0.1920606,-1.20064,1,0.7142857,5,1,0,1,0,0,0,0,0,0
0,0.2642087,-0.4216887,-0.2894331,1,0,4,1,1,0,1,0,0,0,0,1
0,0.3728777,0.2260886,-0.8817173,0,1,5,1,0,0,0,0,0,0,0,0
0,-0.2829252,0.2260886,-2.111846,0,0.5714286,4.25,1,0,1,0,0,0,0,0,1
1,-1.186679,0.2260886,-2.111846,1,0.4285714,5,1,0,0,0,1,0,1,0,0
0,-2.326473,-0.5159492,-0.8341869,0,0.7142857,1.5,1,0,0,0,0,0,0,1,0
1,-1.034507,0.2260886,-0.2425593,1,0.8571429,4.5,1,1,0,0,0,0,0,0,1
0,0.2732899,0.5499773,-1.20064,1,0.8571429,4.75,1,1,1,0,0,0,0,0,1
0,0.8960367,0.92597,-1.246857,1,0.4285714,4.75,0,1,0,0,0,1,1,0,0
0,0.8542801,1.283283,-0.243216,0,0.8571429,5,1,0,0,0,0,0,1,0,0
1,-2.181564,-0.4129563,-0.2425593,1,0.8571429,4.25,1,0,0,0,0,1,0,0,0
0,-0.3664385,-0.0890676,-0.8817173,0,0.8571429,5,1,0,1,0,0,0,0,0,0
0,0.1149638,0.2260886,-0.2894331,1,0.7142857,5,1,0,0,1,0,0,0,1,0
0,-0.4412514,0.2260886,-0.5159213,0,1,4.75,1,0,1,0,0,0,0,0,1
0,0.4020565,-0.3707998,-0.8810606,0,0.5714286,5,1,1,0,1,0,0,1,0,0
0,0.97955,0.2260886,-0.2894331,0,0.7142857,5,1,0,1,0,0,0,0,0,1
0,-1.009664,-1.240522,-0.243216,0,0.7142857,4.75,1,1,0,0,0,1,0,0,0
0,0.7873677,0.9347024,-0.243216,1,0.7142857,3.75,1,1,0,0,0,0,0,1,0
1,0.8385177,-0.9764206,-1.839141,1,0.8571429,4.75,1,1,0,0,0,0,0,1,0
0,0.8417022,0.9681265,-0.196999,0,0.2857143,3,1,1,0,1,0,0,0,1,0
0,0.30163,0.2260886,-0.6090121,0,1,4.5,0,1,0,1,0,0,0,1,0
1,-0.3664385,-0.4737927,-1.566436,0,1,4.75,1,1,1,0,0,0,0,1,0
1,-0.3822008,0.5412448,-0.9279343,1,0.7142857,4.5,1,0,0,0,0,0,0,0,0
1,0.8542801,0.2260886,-2.384551,1,1,4,1,1,0,1,0,0,0,0,1
0,0.8960367,1.283283,-1.154423,0,0.7142857,5,1,1,1,0,0,0,0,1,0
0,0.2019738,-0.0556436,-0.5614816,0,0.5714286,5,1,0,1,0,0,0,0,0,0
0,-0.2081124,0.2260886,-1.839141,1,0.7142857,4.5,1,0,0,0,0,0,0,1,0
0,0.7999455,0.9681265,-0.2887764,0,0.8571429,4.75,1,0,1,0,0,0,0,1,0
0,-0.3144498,-0.7281125,-1.566436,1,0.5714286,3.25,1,0,0,0,0,0,0,0,1
0,-0.9305155,-0.1833281,-0.243216,1,0.5714286,3,1,1,1,0,0,0,0,0,0
0,-0.3506762,0.2260886,-0.2425593,1,0.8571429,4.5,1,1,0,1,0,0,0,0,1
0,-0.581445,0.1839321,-0.9279343,1,0.7142857,4,1,0,1,0,0,0,0,0,0
0,-0.6060014,-0.3373757,-0.2894331,1,1,5,1,0,0,1,0,0,0,0,0
0,0.30163,-1.888299,-0.5621383,1,1,4.5,1,0,1,0,0,0,0,0,1
0,0.6676137,-2.170032,-0.5621383,0,1,4.5,1,1,1,0,0,0,1,0,0
0,-0.3822008,-0.4042238,-0.2900898,0,0.8571429,4,1,0,1,0,0,0,0,1,0
0,-0.3790164,-0.788949,-0.9279343,1,0.8571429,3.5,1,1,0,1,0,0,0,1,0
0,-0.2206902,-0.0890676,-0.6090121,0,1,4.25,1,0,1,0,0,0,0,0,1
0,-0.1085245,-1.154994,-0.5621383,1,0.8571429,5,1,0,1,0,0,0,0,0,0
0,-0.3664385,0.2260886,0.6224302,1,0.5714286,3.5,0,0,0,0,0,0,0,1,0
0,-0.3664385,-1.052001,0.0301459,0,0.7142857,4.5,0,0,0,0,0,0,0,0,1
1,0.1149638,-0.4042238,0.0301459,1,0.7142857,5,1,0,0,0,0,1,0,1,0
0,-0.7643275,-0.3795322,0.6679905,0,0.8571429,4.5,1,0,0,0,0,0,0,0,1
0,0.8542801,0.5412448,0.9413525,0,0.8571429,4.75,1,0,0,0,0,0,1,0,0
0,0.3602999,-0.1920606,0.076363,1,0.7142857,4.75,1,1,0,0,0,0,0,1,0
1,0.0866236,0.3290816,0.076363,1,0.4285714,5,1,0,0,0,0,0,0,0,1
0,-0.3506762,0.2260886,0.9875695,0,0.7142857,4.5,1,1,0,0,1,0,0,1,0
0,-0.249869,-0.0890676,0.3490682,0,0.7142857,5,1,0,0,0,0,0,1,0,0
0,-0.3246819,-0.0890676,1.260275,0,0.8571429,4.75,1,0,0,1,0,0,0,1,0
0,0.745611,1.249859,0.3028512,0,0.2857143,5,1,1,1,0,0,0,1,0,0
0,-0.3506762,-0.4216887,0.3028512,0,0.5714286,4.25,1,0,0,1,0,0,0,1,0
0,-0.2829252,-0.4042238,0.0294892,1,0.8571429,5,1,0,0,0,0,0,1,0,0
0,-0.2829252,1.565015,0.0301459,1,1,4.5,1,0,1,0,0,0,0,0,1
1,-0.3822008,0.2260886,0.6217735,0,0.4285714,5,1,0,0,0,0,0,0,0,1
1,-0.1663557,-0.4129563,0.0301459,1,0.8571429,3.75,0,0,0,0,0,0,0,0,0
0,0.8542801,-0.6946884,0.0294892,1,1,5,0,1,1,0,0,0,1,0,0
0,-0.3664385,0.2260886,0.3497249,1,0.8571429,5,1,1,0,0,1,0,0,0,1
0,-0.1853025,-0.0556436,0.0757063,0,0.8571429,4.5,1,0,0,1,0,0,1,0,0
0,-0.3664385,-0.0978001,0.076363,1,1,5,1,0,0,0,1,0,0,0,1
1,-0.3664385,0.2260886,0.3490682,1,0.8571429,4.75,1,1,0,0,0,0,1,0,0
0,-0.3664385,-0.0890676,0.0301459,1,0.7142857,5,0,1,1,0,0,0,1,0,0
0,0.8960367,0.5499773,0.0757063,1,1,5,1,0,0,0,0,0,1,0,0
1,0.3728777,0.92597,0.0294892,0,0.5714286,5,1,1,0,0,0,0,1,0,0
0,0.7944153,0.2260886,0.0301459,1,1,5,1,0,1,0,0,0,1,0,0
0,0.3728777,-0.3795322,0.3484115,0,0.5714286,4.25,1,1,0,0,0,0,1,0,0
0,0.8542801,-0.3284776,1.260275,1,1,5,1,1,0,0,0,0,0,0,1
0,-0.3246819,0.2260886,0.0294892,1,1,4.75,1,0,1,0,0,0,0,0,1
0,0.8542801,0.6442378,0.3490682,1,0.8571429,5,1,1,0,0,0,1,0,0,1
0,0.8936909,0.92597,0.3028512,1,1,5,0,1,1,0,0,0,1,0,0
0,-0.3664385,0.2260886,0.3497249,1,0.7142857,4,1,0,1,0,0,0,0,0,0
0,-0.3664385,0.2260886,0.6686472,1,1,4.5,1,1,0,0,1,0,0,0,1
0,-1.5454,0.2348211,0.9875695,1,0.8571429,4,1,0,0,1,0,0,0,1,0
0,0.8542801,1.146866,0.3490682,1,0.8571429,4.5,1,1,0,0,0,0,0,1,0
0,0.9062688,-0.3707998,0.9406958,0,0.5714286,5,1,0,0,0,0,0,1,0,0
0,-0.3089196,0.5078208,0.3490682,1,0.5714286,4.75,1,1,0,0,0,0,0,0,1
0,0.6676137,1.249859,0.9413525,1,0.7142857,5,1,0,1,0,0,0,0,0,1
0,0.8542801,1.565015,0.9406958,0,1,4.5,1,0,0,1,0,0,0,0,1
0,-0.4751075,0.6355053,0.9406958,1,0.7142857,5,1,0,0,0,0,0,1,0,0
0,-0.3404441,0.5499773,0.3952852,1,0.7142857,4.5,1,0,1,0,0,0,0,0,0
0,0.2697248,-0.0890676,-0.0160711,0,0.4285714,4,1,1,1,0,0,0,1,0,0
0,-0.6319957,-0.5072168,0.7148643,0,0.8571429,3,0,0,1,0,0,0,0,0,1
0,-0.9190885,0.2260886,0.0301459,0,0.1428571,2.25,0,0,0,0,0,0,0,0,1
0,0.1862115,-1.333733,0.6211168,0,0.7142857,4.5,1,1,1,0,0,0,0,0,1
0,-0.3664385,0.2260886,0.442159,0,1,3.5,1,1,1,0,0,0,0,0,1
0,-0.1537779,-0.0890676,0.3490682,1,0.7142857,5,1,1,0,0,0,1,0,1,0
0,-0.3246819,-0.4042238,0.0301459,0,0.8571429,5,0,1,1,0,0,0,0,0,1
0,-0.3664385,0.2682451,0.3490682,0,0.4285714,5,0,1,0,0,0,0,0,1,0
0,0.6959539,0.3290816,0.0294892,0,1,4,1,1,0,0,0,0,0,0,1
0,-0.3506762,-2.451764,0.0301459,1,0.7142857,5,1,0,1,0,0,0,0,0,1
0,0.7794672,0.6108137,0.6217735,0,0.5714286,4.75,1,0,0,1,0,0,0,0,0
0,-0.2081124,-0.5072168,0.6686472,0,1,4.25,1,1,0,1,0,0,0,0,1
0,-0.3664385,0.2260886,0.6217735,1,0.7142857,5,1,1,0,1,0,0,0,1,0
0,0.3862942,-0.0890676,0.3490682,1,0.8571429,4.75,1,0,1,0,0,0,0,0,0
0,-0.420773,-0.9676881,0.3497249,0,0.5714286,4,0,0,1,0,0,0,0,0,1
1,0.1862115,-0.0803351,0.9875695,1,1,4.5,1,1,1,0,0,0,0,0,1
0,-0.2986875,0.2260886,0.0294892,0,0.4285714,4.75,1,0,1,0,0,0,0,0,0
0,0.7873677,0.2260886,0.3028512,1,0.5714286,5,1,1,0,1,0,0,0,0,0
0,0.8542801,0.2260886,1.260275,0,1,4.5,1,1,0,0,0,0,0,0,1
0,-0.1797722,0.2260886,0.0301459,0,0.8571429,4.5,1,0,0,1,0,0,1,0,0
0,0.8542801,1.241126,0.9406958,0,0.7142857,4.25,1,1,0,0,0,0,0,1,0
0,-0.3664385,0.2260886,0.0301459,1,0.7142857,2.5,1,0,0,1,0,0,0,0,1
1,-1.360768,-0.7281125,0.0770197,1,0.8571429,5,1,0,0,0,0,0,0,0,1
0,-1.587157,-0.6946884,0.3497249,0,0.2857143,5,1,0,0,0,1,0,0,0,1
0,0.1862115,-0.0978001,0.076363,0,0.8571429,4,1,0,1,0,0,0,0,1,0
1,-0.3664385,-0.4042238,0.076363,1,0.7142857,5,1,1,1,0,0,0,0,0,1
0,-0.8773319,0.2260886,0.0301459,1,0.5714286,4.25,1,1,0,1,0,0,1,0,0
0,0.683376,1.565015,0.3490682,1,0.7142857,5,1,1,0,1,0,0,0,1,0
0,-0.2081124,0.2260886,0.6686472,0,0.8571429,5,1,0,0,1,0,0,0,0,0
1,0.2992843,0.6442378,0.6679905,1,0.8571429,5,1,0,0,0,0,0,0,0,1
0,0.8676965,0.92597,0.0770197,1,0.5714286,4.5,1,1,0,1,0,0,1,0,0
0,0.9377933,0.7198184,0.3021945,1,0.4285714,3.25,1,0,0,1,0,0,1,0,0
1,-0.3246819,-0.0890676,0.3497249,1,1,4.25,1,1,1,0,0,0,0,0,1
1,0.8960367,0.2260886,0.3490682,1,0.8571429,5,1,1,0,0,0,0,0,0,1
1,-0.1832689,0.0473494,0.9406958,1,0.7142857,3.75,1,0,0,0,0,0,0,0,1
0,-0.2829252,-0.4042238,0.9875695,1,0.8571429,5,1,0,1,0,0,0,0,1,0
0,0.6801916,0.5412448,0.3490682,0,0.7142857,4.75,1,1,0,1,0,0,0,0,1
0,0.7668893,-0.5159492,0.0294892,0,0.7142857,3.75,1,1,1,0,0,0,1,0,0
0,-0.3664385,0.2260886,0.0294892,0,1,4.5,1,0,1,0,0,0,1,0,0
0,-0.3664385,0.2260886,1.260275,1,0.7142857,5,1,0,0,1,0,0,0,0,0
1,-0.2703474,0.6108137,0.0301459,1,0.5714286,4,1,0,0,0,0,0,1,0,0
0,-0.3664385,0.2260886,0.6686472,0,0.7142857,4.75,1,0,0,0,0,0,0,0,1
0,-0.3042035,0.2348211,0.9413525,1,0.4285714,1.5,0,1,1,0,0,0,0,0,1
0,-0.3562064,0.5499773,0.0294892,0,0.7142857,5,0,0,0,0,1,0,0,0,1
0,-0.3664385,-0.4042238,-0.2894331,1,0.4285714,4.75,1,1,1,0,0,0,0,0,1
0,0.8542801,0.5412448,-0.5621383,1,0.5714286,4.25,1,1,0,0,0,0,1,0,0
0,0.7251327,0.5499773,-0.243216,0,1,4.75,1,1,1,0,0,0,1,0,0
0,-0.3664385,0.2260886,-0.9279343,1,0.5714286,4.75,1,0,1,0,0,0,0,0,1
0,0.9637877,0.6529703,-0.2894331,1,0.4285714,4.75,1,0,1,0,0,0,0,0,1
0,-0.3664385,-0.4042238,-0.5621383,0,1,4.5,0,0,1,0,0,0,0,0,1
0,-0.3664385,-0.4129563,-0.2894331,1,0.8571429,4.5,0,0,1,0,0,0,1,0,0
1,0.8960367,0.2260886,-0.2894331,1,0.8571429,3.5,1,1,1,0,0,0,0,0,1
0,0.1862115,-1.333733,-0.2900898,1,1,4.25,1,0,1,0,0,0,0,0,0
0,-0.3246819,0.6442378,-0.5621383,1,1,5,0,1,1,0,0,0,0,0,0
0,-0.3664385,0.2260886,-0.243216,0,0.4285714,4.75,1,0,0,0,0,0,0,0,1
0,0.4248665,1.001551,-1.199983,0,0.8571429,5,1,0,1,0,0,0,0,0,1
0,0.3602999,0.1926646,-0.0167278,0,1,3,1,0,1,0,0,0,0,0,1
0,0.8542801,1.146866,-0.2894331,1,0.7142857,4.75,0,1,1,0,0,0,0,0,0
1,-0.3664385,0.2260886,-1.20064,1,0.7142857,4.75,1,1,0,0,0,0,0,0,1
1,-0.9450828,1.249859,-1.839141,1,0.8571429,4.25,1,0,1,0,0,0,0,0,1
0,-1.680064,0.2260886,-0.5159213,1,0.5714286,4.25,1,0,0,0,0,0,0,0,1
1,-1.471738,0.2260886,-2.384551,1,1,4.5,1,1,1,0,0,0,0,0,1
0,-0.6760982,-1.112838,-0.8817173,0,0.7142857,4.5,1,0,1,0,0,0,0,0,1
1,-0.3971103,1.283283,-2.064972,1,0.2857143,5,1,1,0,0,0,0,0,0,0
0,0.3445376,0.6442378,-1.519562,1,0.5714286,5,1,0,1,0,0,0,0,0,0
0,-0.3664385,-2.451764,-0.5621383,1,1,4.75,1,0,1,0,0,0,0,0,1
1,-0.1978803,0.2260886,-0.8348436,1,0.7142857,3.75,1,1,0,0,0,0,1,0,0
0,0.8676965,-0.0978001,-0.2894331,1,0.8571429,4.75,1,1,1,0,0,0,1,0,0
0,-0.3664385,0.2260886,-0.243216,0,0.8571429,4.75,1,1,0,0,0,0,1,0,0
0,0.1149638,0.2260886,-0.2425593,0,0.8571429,2,1,0,1,0,0,0,0,0,1
0,0.3737714,0.959394,-0.6083553,1,0,4,1,0,1,0,0,0,0,1,0
0,-0.3664385,0.2260886,-0.8817173,1,0.8571429,4.5,1,0,1,0,0,0,0,0,1
0,0.8542801,0.2260886,-0.5159213,0,0.8571429,5,1,0,1,0,0,0,1,0,0
1,-0.3246819,-0.0890676,-0.2894331,1,0.8571429,4.5,1,0,0,0,0,0,0,0,1
1,0.8960367,1.249859,-2.064972,1,0.8571429,4,1,0,0,0,0,0,0,0,1
0,0.5227041,-1.112838,-1.247513,1,0.7142857,4.75,1,0,1,0,0,0,0,0,0
0,-0.4648755,0.6442378,-1.745393,1,0.4285714,4.25,1,0,0,0,0,0,0,1,0
0,-1.414263,0.3712381,-2.384551,1,0.8571429,5,1,1,0,0,0,0,0,0,0
0,0.2019738,0.9681265,-0.1963423,1,0.2857143,4.75,1,0,0,0,1,0,0,0,1
0,-0.3404441,-0.3707998,-0.243216,1,0.2857143,4.25,1,0,0,0,0,0,0,0,0
0,0.5896552,0.959394,-0.6096688,1,0.5714286,5,1,0,1,0,0,0,0,0,1
1,0.2437304,-0.0890676,-0.2425593,1,0.5714286,4.5,1,0,0,0,0,0,0,0,1
1,-1.599735,-0.4129563,-1.153766,1,0.2857143,5,0,1,0,0,0,0,0,0,1
1,-0.3664385,0.2260886,-0.0167278,1,0.4285714,4.5,1,1,1,0,0,0,0,1,0
0,0.8936909,1.565015,-0.243216,0,0.1428571,5,1,1,0,0,0,0,0,0,0
1,-1.428831,-0.0556436,-1.153766,1,0.7142857,5,1,1,0,0,0,0,1,0,0
0,0.3728777,1.565015,-1.247513,1,0.1428571,4.25,1,0,1,0,0,0,0,0,1
0,-0.3664385,0.2260886,-0.6076986,1,1,4.5,1,1,0,0,1,0,0,0,1
0,-0.3246819,0.2260886,-0.5621383,1,0.8571429,5,1,1,0,0,0,0,1,0,0
0,-0.3664385,0.5499773,-0.9285911,1,0.5714286,4.5,1,0,1,0,0,0,0,1,0
1,-0.2081124,0.5499773,-0.9279343,1,0,5,1,0,0,0,0,0,0,0,0
1,-0.1923501,0.2260886,-1.20064,1,0.7142857,3.75,1,1,0,0,0,0,0,0,1
1,-0.2829252,-0.3373757,-0.2900898,1,0.7142857,5,1,1,0,0,0,0,0,0,1
0,0.8676965,0.6108137,-0.243216,1,0.8571429,4.75,0,0,1,0,0,0,0,0,1
1,0.0582835,1.241126,-0.562795,1,0.8571429,4,1,0,0,0,0,0,0,0,1
0,0.8542801,1.565015,-0.0160711,1,0.7142857,5,1,1,1,0,0,0,1,0,0
1,-0.9190885,0.2260886,-2.111846,0,0.4285714,4,0,1,0,0,0,0,0,0,1
1,-0.8899782,-1.385837,-0.0180412,0,0.5714286,5,1,1,0,0,0,0,0,0,1
0,0.8417022,-0.1920606,-0.0167278,1,0.7142857,5,1,1,0,0,0,0,0,0,0
1,-0.3664385,0.2260886,-0.2425593,1,0.8571429,4.5,0,1,0,0,0,0,0,0,0
0,-0.3664385,0.2260886,-1.246857,1,0.4285714,4.75,1,1,1,0,0,0,0,0,1
0,0.8542801,0.0896716,0.9406958,0,0.4285714,5,1,1,1,0,0,0,0,0,1
0,-0.2829252,-1.24942,1.260275,0,1,3.5,0,1,1,0,0,0,0,0,1
0,0.8542801,1.283283,0.6217735,1,0.8571429,4.75,1,1,1,0,0,0,0,0,1
0,-0.3664385,0.2260886,0.3490682,1,0.1428571,5,0,1,1,0,0,0,0,1,0
0,-0.3664385,-0.3707998,0.3490682,0,0.8571429,5,1,0,0,0,0,0,0,0,1
0,0.8960367,-1.427994,0.9406958,0,0.4285714,5,0,1,1,0,0,0,0,1,0
1,0.8960367,0.6863943,1.260275,1,0.8571429,5,1,0,0,0,0,0,0,0,1
0,-0.3979631,0.2260886,0.3021945,1,0.4285714,5,1,0,1,0,0,0,0,0,1
1,-0.2829252,0.2260886,0.6679905,1,0.8571429,4.75,1,0,0,0,0,0,0,1,0
1,-0.3144498,-0.4216887,0.3490682,1,0.8571429,5,0,1,0,0,0,0,0,0,0
0,0.8542801,1.565015,0.3490682,0,1,3,1,1,1,0,0,0,0,0,1
0,-0.2081124,0.2260886,0.9406958,1,0.7142857,5,1,0,1,0,0,0,0,0,0
0,0.0231693,0.5499773,0.3490682,1,1,2.25,1,0,1,0,0,0,0,1,0
0,-1.190176,0.5165532,0.0301459,1,0.5714286,5,1,0,1,0,0,0,0,0,1
0,0.8542801,1.565015,0.3490682,1,0.5714286,4.75,1,0,0,0,0,1,0,1,0
0,0.8542801,-0.4129563,0.9406958,1,0.5714286,5,1,0,1,0,0,0,0,1,0
1,-0.478292,0.6442378,0.9875695,0,0.7142857,5,1,0,0,0,0,0,0,0,1
1,-0.3664385,0.2260886,0.6679905,0,0.7142857,5,1,0,0,0,0,0,1,0,0
1,-0.3506762,-0.3795322,0.3490682,1,0.8571429,4.75,0,0,1,0,0,0,1,0,0
0,-0.3246819,-0.6859559,0.6686472,1,0.5714286,5,0,0,0,0,0,0,0,0,1
0,-0.1923501,0.2260886,1.260275,1,0.8571429,3,1,1,1,0,0,0,0,0,1
0,0.2019738,-0.0890676,0.3490682,1,0.8571429,4.25,1,1,0,0,0,0,1,0,0
0,0.1149638,-0.1833281,0.3490682,0,1,4.75,0,1,0,0,0,0,0,0,1
0,-0.3664385,-0.4129563,0.0301459,1,0.8571429,5,1,0,0,0,0,0,1,0,0
1,0.9637877,-0.3373757,1.260275,0,0.7142857,5,1,1,0,0,0,0,0,0,1
0,0.8542801,0.9347024,0.3490682,0,1,3.75,1,0,1,0,0,0,0,0,1
0,0.1862115,-0.0890676,0.0294892,1,0.8571429,5,1,0,0,0,0,0,0,0,0
0,0.8542801,1.565015,0.9875695,1,0.8571429,4.25,1,0,0,1,0,0,0,0,1
1,-0.312104,0.3290816,0.6686472,1,0.7142857,4.25,1,0,0,0,0,0,0,0,0
0,0.7353647,0.5078208,0.9413525,1,0.8571429,4.75,1,1,1,0,0,0,1,0,0
0,-0.0962589,0.2260886,0.6686472,1,0.8571429,5,1,0,1,0,0,0,0,0,1
0,0.3445376,0.6442378,1.260275,0,0.4285714,4.75,1,1,1,0,0,0,1,0,0
0,-0.3246819,-0.0978001,0.3490682,1,0.4285714,4.75,1,1,0,0,0,0,1,0,0
1,-0.3664385,0.2260886,1.260275,0,0.8571429,5,1,1,0,0,0,0,0,0,1
0,-0.1990997,-0.0556436,0.6679905,0,0.8571429,5,1,0,0,0,0,0,0,0,1
1,0.3185433,0.8229769,0.3028512,1,0.5714286,4,1,1,1,0,0,0,0,0,1
0,-0.3664385,0.2260886,0.3490682,1,0.8571429,5,1,0,1,0,0,0,1,0,0
0,0.3445376,0.2260886,0.3021945,0,0.8571429,5,1,0,1,0,0,0,0,1,0
0,0.3433867,0.9681265,0.3490682,1,0.8571429,4.25,1,0,0,0,0,0,0,0,1
0,-0.2238747,0.2260886,0.0294892,0,0.8571429,4,1,0,1,0,0,0,0,0,1
1,-0.2081124,0.2260886,0.3490682,0,0.8571429,4.5,1,1,1,0,0,0,0,0,1
0,-4.028594,-3.79069,1.260275,1,0.5714286,5,1,0,1,0,0,0,0,0,1
0,0.9637877,0.2260886,0.6679905,1,0.4285714,4.75,1,0,1,0,0,0,0,0,1
0,0.8259399,0.9681265,0.9406958,1,0.7142857,5,1,0,1,0,0,0,0,0,1
1,0.8417022,0.2260886,0.6679905,1,0.1428571,5,0,1,1,0,0,0,0,0,1
0,0.3728777,0.2682451,0.9406958,0,0.8571429,5,1,1,0,1,0,0,0,0,1
0,-0.3664385,0.2260886,0.3490682,0,0.7142857,5,1,0,1,0,0,0,1,0,0
0,0.2586785,-0.0556436,0.9406958,1,0.7142857,5,1,1,0,0,0,0,0,1,0
0,-0.7087736,-0.4129563,0.0294892,1,0.7142857,5,1,1,0,0,0,0,1,0,0
0,0.8542801,0.0896716,0.3484115,1,0.8571429,4.75,1,0,1,0,0,0,0,0,1
1,0.8542801,0.2260886,0.6679905,1,0.8571429,4.5,1,0,0,0,0,0,0,0,1
0,0.3602999,-0.4216887,0.6679905,0,0.4285714,5,1,0,1,0,0,0,0,0,1
1,-0.1368647,-0.0890676,0.3490682,1,0.7142857,4.75,1,1,0,1,0,0,1,0,0
1,-0.3664385,0.6442378,1.260275,1,0.7142857,5,1,1,0,0,0,0,1,0,0
0,-1.329243,0.2260886,1.260275,0,0.8571429,4.75,1,1,1,0,0,0,0,0,1
0,0.8542801,1.565015,1.260275,1,0.4285714,5,1,1,0,0,0,0,0,0,1
1,0.8259399,-0.0890676,0.3490682,1,0.8571429,4.5,1,0,0,0,0,0,0,0,1
0,-0.1923501,0.2260886,0.3490682,0,0.5714286,4.5,1,1,0,0,1,0,0,0,0
1,-0.3822008,0.2260886,0.3490682,1,0.7142857,4.5,1,0,0,0,0,0,0,0,1
1,0.8542801,1.283283,0.6686472,0,0.8571429,4.25,1,1,0,0,0,0,0,0,0
0,-0.3089196,0.5412448,0.076363,0,1,5,1,1,1,0,0,0,0,0,0
0,0.8802744,0.2260886,0.3490682,1,0.8571429,4.75,1,1,0,0,0,0,0,0,0
0,-0.3979631,-0.4042238,0.076363,1,0.7142857,4,1,0,0,0,0,0,0,0,0
1,0.1862115,0.2260886,0.6686472,1,0.8571429,4.75,1,0,0,0,0,0,1,0,0
1,0.4146344,0.3290816,0.9875695,1,0.8571429,5,1,1,0,0,0,0,0,0,1
0,-0.0004548,0.6529703,0.6679905,1,0.4285714,5,1,0,0,0,0,0,0,0,1
0,0.8960367,-1.052001,1.260275,1,1,4.5,1,1,0,0,0,0,0,1,0
0,0.3445376,0.5499773,1.260275,1,0.5714286,5,1,0,0,0,0,0,1,0,0
1,-0.3246819,-0.8311055,0.0294892,1,0.8571429,3.75,1,0,0,0,0,0,0,0,1
0,0.3602999,0.5412448,0.3490682,0,0.8571429,5,0,1,1,0,0,0,0,0,1
1,-0.2238747,0.2260886,0.3490682,1,0.4285714,4.5,1,0,1,0,0,0,1,0,0
0,0.8417022,1.565015,0.6679905,1,0.8571429,4.75,1,0,1,0,0,0,0,1,0
0,-0.3664385,0.2260886,0.3490682,1,0.8571429,3.5,1,0,1,0,0,0,0,0,1
0,-0.3664385,-1.112838,0.1694537,0,0.5714286,4,1,0,1,0,0,0,1,0,0
0,-0.5247647,-0.4042238,-1.839141,1,1,3,0,0,1,0,0,0,1,0,0
0,-0.3664385,-0.4042238,-0.5614816,0,0.8571429,3.5,1,0,1,0,0,0,0,0,1
0,-0.5145326,-0.0890676,-1.839141,0,1,4.5,1,0,1,0,0,0,0,0,0
0,0.8960367,0.5412448,-0.9279343,1,1,4.5,1,1,1,0,0,0,0,0,1
0,-0.312104,0.2260886,-0.5621383,1,1,3,1,0,1,0,0,0,0,0,1
0,-0.9190885,-0.1920606,-0.8810606,0,0.8571429,4.5,0,0,1,0,0,0,0,0,1
0,0.8542801,-0.3707998,-0.2900898,0,0.8571429,5,1,1,1,0,0,0,1,0,0
0,-0.3822008,0.5412448,-1.472688,0,0.7142857,4.75,1,0,1,0,0,0,1,0,0
0,-0.3664385,0.2260886,-0.243216,0,1,5,1,1,1,0,0,0,0,0,1
0,0.3445376,-0.1920606,-0.5621383,0,0.8571429,5,1,0,1,0,0,0,0,0,0
0,-1.035658,0.2260886,-0.8817173,1,1,4.5,1,0,1,0,0,0,0,0,0
0,0.8802744,-1.257987,-0.5621383,0,0.8571429,5,1,0,1,0,0,0,1,0,0
0,0.8133621,0.2260886,-0.5614816,1,0.7142857,5,1,1,1,0,0,0,0,0,1
0,0.7377105,-0.4737927,-0.2894331,1,0.7142857,4.25,1,0,1,0,0,0,0,0,0
0,0.0527288,-1.154994,-1.246857,1,0.7142857,4.5,1,1,1,0,0,0,0,0,1
0,0.0866236,0.2260886,-0.8341869,1,0.8571429,5,1,0,1,0,0,0,0,0,1
0,-0.5247647,0.6195462,-0.2894331,0,0.5714286,4.75,1,1,1,0,0,0,0,1,0
0,0.3433867,0.2260886,-0.9272776,1,1,4.5,1,1,1,0,0,0,0,1,0
0,0.6290416,0.6108137,-0.562795,1,0.2857143,5,1,0,1,0,0,0,0,0,1
0,-0.3506762,-0.8311055,-0.3363068,1,0.5714286,3.5,1,0,1,0,0,0,1,0,0
0,0.8645121,1.146866,-0.3363068,1,1,5,1,0,1,0,0,0,0,1,0
0,0.8960367,-0.5072168,-1.106235,1,1,3,1,1,1,0,0,0,0,0,1
0,0.7590275,-0.2852717,-0.8810606,1,0.5714286,4.75,1,0,1,0,0,0,0,0,1
0,-0.3144498,-0.3197451,-1.792924,0,0.1428571,5,0,1,1,0,0,0,1,0,0
0,0.6778458,0.2260886,-0.5621383,1,0.5714286,4.5,1,1,1,0,0,0,0,0,1
0,-0.3664385,-0.6102098,-0.2887764,1,0.5714286,4,1,0,1,0,0,0,0,1,0
0,0.4020565,0.2348211,-0.243216,1,0.5714286,5,1,0,0,0,0,1,0,0,1
0,-0.3246819,0.6442378,-1.839141,1,0.4285714,4.25,1,1,0,0,0,1,0,0,1
0,0.0436476,0.1839321,-0.243216,1,0.2857143,3.25,1,0,1,0,0,0,0,0,1
0,-0.3664385,-1.112838,-0.6090121,1,0.4285714,3,1,0,1,0,0,0,1,0,0
0,-0.3664385,-0.0978001,-0.8817173,1,0.7142857,5,0,1,1,0,0,0,0,1,0
0,-1.416253,-1.009845,-0.6090121,1,0.7142857,5,1,0,1,0,0,0,0,0,1
0,0.8417022,0.2260886,-1.473345,1,0.4285714,5,1,0,1,0,0,0,0,0,0
1,-0.2510199,1.565015,-1.247513,1,1,4,0,1,1,0,0,0,0,1,0
0,-0.3664385,0.2260886,-1.201296,0,0.8571429,4.5,1,1,1,0,0,0,0,0,1
0,-0.1245991,0.2260886,-1.566436,1,0.8571429,5,1,0,1,0,0,0,0,0,1
0,-0.3506762,0.2260886,-0.9279343,0,0.8571429,4.25,1,1,1,0,0,0,1,0,0
0,0.8542801,0.6108137,0.0294892,1,0.8571429,5,1,0,1,0,0,0,1,0,0
1,-1.222324,-0.0556436,0.3484115,0,0.8571429,4.75,1,1,0,0,0,1,1,0,0
0,0.8259399,1.565015,1.260275,1,0.5714286,5,1,0,1,0,0,0,0,0,1
0,0.8802744,-0.0978001,0.3952852,0,0.8571429,5,1,0,1,0,0,0,0,0,0
0,-0.3664385,0.2260886,0.6686472,1,1,4.75,0,1,1,0,0,0,0,0,1
0,0.8960367,0.5078208,0.0301459,0,1,4.75,1,1,1,0,0,0,1,0,0
1,0.9377933,-0.6859559,0.3490682,1,0.5714286,4.5,1,0,1,0,0,0,1,0,0
0,0.8960367,0.1926646,0.3021945,1,0.4285714,5,1,1,1,0,0,0,0,0,1
0,-0.3664385,0.2260886,0.3490682,0,1,4.25,1,0,1,0,0,0,1,0,0
0,-0.2963417,-0.0890676,0.6217735,0,0.7142857,4.75,0,0,1,0,0,0,0,0,1
0,0.8542801,1.565015,0.6217735,1,1,5,1,0,1,0,0,0,1,0,0
0,0.8542801,0.6442378,0.3490682,1,0.8571429,5,1,0,1,0,0,0,0,1,0
0,0.1444548,0.2260886,0.6217735,1,0.8571429,4.75,1,0,1,0,0,0,0,0,1
0,0.8417022,-0.0978001,0.6217735,1,0.8571429,5,1,1,1,0,0,0,0,0,1
0,0.8101776,0.6863943,1.260275,1,0.7142857,4.75,0,1,1,0,0,0,0,0,1
0,0.8802744,0.5078208,-0.0167278,1,1,5,1,1,1,0,0,0,1,0,0
0,-0.3699352,-0.0978001,0.3490682,1,1,3.75,0,0,1,0,0,0,0,0,1
0,-0.3664385,0.2260886,0.0294892,1,1,4.5,1,0,1,0,0,0,0,0,0
0,0.8417022,0.4135602,0.12258,1,0.7142857,5,1,1,1,0,0,0,1,0,0
0,0.9377933,1.565015,0.3490682,1,1,4.75,1,1,1,0,0,0,1,0,0
0,0.8802744,-0.0890676,0.9406958,1,1,4.25,0,0,1,0,0,0,0,0,1
0,0.8542801,1.565015,1.260275,1,0.8571429,5,0,1,1,0,0,0,1,0,0
0,0.7873677,1.565015,0.6224302,1,0.8571429,5,1,0,1,0,0,0,0,1,0
0,-0.3664385,-2.49392,1.260275,1,1,4.75,1,1,1,0,0,0,0,0,1
0,0.3728777,0.6442378,1.260275,1,1,5,1,0,1,0,0,0,1,0,0
0,0.8542801,-0.9676881,0.6211168,1,1,4.75,1,0,1,0,0,0,0,1,0
0,0.922031,0.2260886,0.9406958,0,0.5714286,5,1,0,1,0,0,0,0,0,1
0,-0.3664385,-0.3373757,0.3497249,0,0.1428571,2.75,1,1,1,0,0,0,1,0,0
0,0.1862115,-0.0978001,0.3490682,0,0.8571429,5,0,0,1,0,0,0,1,0,0
0,0.8645121,0.3625056,0.0301459,1,0.5714286,5,1,0,1,0,0,0,0,1,0
0,-0.3089196,0.6442378,0.0294892,1,0.8571429,4.25,0,1,1,0,0,0,0,0,1
0,0.8960367,0.959394,1.260275,1,0.8571429,5,1,1,1,0,0,0,0,0,0
0,0.8417022,-0.0556436,-0.0160711,0,0.8571429,5,1,0,1,0,0,0,1,0,0
0,0.3728777,-1.112838,0.3490682,1,0.8571429,4.75,1,1,1,0,0,0,0,0,0
0,-0.3246819,-0.0890676,0.0301459,1,1,4.75,1,1,1,0,0,0,0,0,1
0,-0.1537779,-1.821451,-0.0160711,1,0.8571429,5,1,0,1,0,0,0,1,0,0
0,0.3185433,0.5078208,0.9406958,0,0.7142857,1,0,1,1,0,0,0,0,0,0
0,0.8960367,1.565015,0.3490682,0,0.7142857,5,1,1,1,0,0,0,1,0,0
1,-0.3979631,-2.451764,0.6679905,1,0.8571429,5,0,0,1,0,0,0,1,0,0
0,-0.1380156,0.5499773,0.6679905,0,0.5714286,4,1,0,1,0,0,0,1,0,0
0,-0.1537779,-0.0890676,0.0294892,1,0.8571429,4.75,1,0,1,0,0,0,0,0,1
0,0.3728777,1.565015,0.9413525,1,1,4,1,0,1,0,0,0,0,0,0
0,0.8542801,1.241126,0.3490682,1,0.8571429,4.75,1,1,1,0,0,0,0,0,1
0,0.7684209,-0.8919419,0.3021945,1,1,5,0,1,1,0,0,0,0,0,1
0,0.8542801,0.959394,0.6217735,1,1,4.25,1,0,1,0,0,0,0,0,1
0,0.3410409,-0.0890676,-0.0167278,0,0.8571429,4.5,1,0,1,0,0,0,1,0,0
0,-0.1923501,0.5412448,0.9875695,1,0.7142857,4.5,1,0,1,0,0,0,0,0,0
0,-0.4955859,0.2260886,0.0294892,1,0.8571429,4.75,1,0,0,0,1,0,0,0,1
0,0.3433867,1.241126,0.076363,0,0.7142857,5,1,1,1,0,0,0,1,0,0
0,0.8834589,0.92597,0.3490682,0,0.8571429,4,1,0,1,0,0,0,0,1,0
0,0.9377933,0.6442378,0.9406958,0,0.7142857,5,1,1,1,0,0,0,0,1,0
0,0.9377933,0.6863943,0.6686472,0,1,4.5,1,1,1,0,0,0,0,1,0
1,0.8542801,-0.0890676,-1.839141,0,1,4.5,1,1,0,0,0,0,1,0,0
0,-0.3404441,-0.7555249,-0.2894331,1,0.7142857,5,1,1,0,0,0,0,1,0,0
0,0.1862115,-1.785307,-1.20064,0,0.7142857,4.25,1,1,0,0,0,0,1,0,0
0,-0.3404441,-0.3795322,-0.8817173,0,0.8571429,4.75,0,0,0,0,0,0,1,0,0
0,0.1862115,-0.4042238,-1.201296,0,0.8571429,4.75,1,0,1,0,0,0,0,0,1
1,-0.1797722,-1.112838,-0.2894331,1,0.8571429,4,1,1,0,0,0,0,1,0,0
0,-0.3664385,0.2260886,-0.6090121,1,1,4.5,1,1,0,1,0,0,0,0,1
0,0.6676137,1.283283,-0.5621383,0,0.7142857,5,1,1,0,0,0,0,1,0,0
0,-0.3246819,0.6442378,-0.8817173,1,1,5,1,0,0,0,1,0,0,0,0
0,-0.4365353,-0.8398379,-0.243216,1,1,3.75,1,0,1,0,0,0,0,0,1
0,0.1149638,-0.3707998,-0.2425593,0,0.8571429,4.25,1,0,0,0,0,0,1,0,0
0,-0.5948614,0.2260886,-1.746707,1,1,4.75,1,0,1,0,0,0,1,0,0
1,-0.3664385,0.8229769,-0.8810606,0,1,4.25,1,1,0,0,0,0,1,0,0
0,-1.236649,1.565015,-0.8804039,0,0.4285714,2.25,1,0,1,0,0,0,0,0,0
0,-0.9021753,-0.5072168,-0.2900898,0,0.5714286,5,1,1,0,0,0,0,0,0,1
0,-0.9891853,-0.3707998,-1.20064,1,1,3.75,1,1,0,0,0,0,0,0,1
0,0.8542801,0.2260886,-0.2894331,0,0.7142857,4.75,1,0,1,0,0,0,1,0,0
0,-1.615497,-1.257987,-1.792924,0,0.8571429,4.5,1,0,0,0,1,0,1,0,0
0,-0.8060842,-0.0890676,-0.2894331,0,0.5714286,4.75,1,0,0,0,1,0,0,0,0
0,-0.3246819,-0.0556436,-0.5621383,1,0.8571429,4.25,1,1,0,0,0,0,0,0,1
0,-0.3246819,0.2260886,-0.243216,0,0.8571429,4.75,1,0,0,0,0,0,0,1,0
0,-0.420773,-0.0978001,-0.5152646,0,1,5,1,0,0,0,0,0,1,0,0
1,0.683376,-0.8311055,-0.5621383,0,0.7142857,5,0,0,0,0,0,0,0,0,0
0,-0.3664385,0.2260886,-0.243216,0,0.5714286,5,1,1,1,0,0,0,0,0,0
0,0.5376278,1.565015,-0.8810606,1,0.2857143,3.25,1,1,1,0,0,0,0,0,1
0,-0.9801726,0.2260886,-2.064972,1,0.7142857,4,1,1,0,0,0,1,0,0,1
1,-0.3790164,-0.0890676,-0.9272776,0,0.7142857,3.75,1,0,0,0,0,1,0,0,1
0,-0.9506131,-0.7034209,-0.2425593,0,0.8571429,5,1,0,0,1,0,0,0,1,0
0,-0.3246819,-0.3707998,-0.2894331,0,0.8571429,5,1,0,0,0,0,0,1,0,0
0,0.8235941,0.92597,-0.2425593,1,0.8571429,5,1,1,0,0,0,0,0,0,1
0,-0.3822008,-0.6525319,-0.5621383,0,0.8571429,5,1,0,0,0,0,0,0,0,1
0,0.5872849,0.5499773,-1.519562,0,0.8571429,5,1,0,0,0,0,0,1,0,0
0,0.8542801,0.2260886,-1.566436,0,1,3,1,1,1,0,0,0,1,0,0
0,-0.3506762,-0.0978001,-1.247513,1,0.8571429,4.5,1,1,0,0,1,0,0,0,0
0,-0.3404441,-0.4737927,-0.2894331,1,0.5714286,4.25,1,1,0,0,0,0,0,0,1
1,0.3988721,1.249859,-0.8341869,1,1,3,1,1,1,0,0,0,1,0,0
0,-1.528419,-1.615465,-0.5621383,1,0.8571429,4.25,1,0,0,0,1,0,0,0,1
0,-0.3664385,-0.0978001,-0.9279343,1,0.5714286,5,1,0,1,0,0,0,0,0,1
0,-0.3246819,-1.888299,-0.2894331,0,0.5714286,4.25,1,1,1,0,0,0,1,0,0
0,0.2090214,0.5412448,-0.5621383,0,1,4.5,1,1,0,0,0,0,1,0,0
0,-0.3246819,0.2260886,-0.2425593,1,0.8571429,5,1,1,0,0,0,0,0,1,0
0,0.7841833,-0.4042238,-0.3356501,1,1,5,1,0,1,0,0,0,0,0,1
0,-1.703727,-0.5072168,-0.8817173,1,1,4,1,1,0,0,1,0,0,0,0
0,-0.8478408,-0.5072168,-0.8810606,0,0.7142857,4.75,0,0,1,0,0,0,0,1,0
1,0.1602171,1.565015,-1.246857,1,0.1428571,5,1,1,1,0,0,0,1,0,0
0,-0.3664385,0.5078208,-0.2887764,1,0.5714286,4.25,1,1,0,0,0,0,0,0,0
0,0.6258571,1.565015,-0.1963423,1,1,4.5,1,1,0,0,0,0,0,0,1
0,-0.711431,-0.8311055,-1.199983,1,0.5714286,4.5,1,1,0,0,0,0,1,0,0
0,-0.3664385,-0.6525319,-0.2894331,1,1,4,1,1,0,0,0,0,0,0,1
0,-0.3506762,0.9681265,-0.2894331,0,0.7142857,4,0,1,0,0,1,0,0,1,0
0,0.683376,1.565015,-0.2894331,0,0.5714286,4.75,1,1,0,0,0,0,0,0,1
1,-0.312104,-0.6859559,-2.111846,1,0.8571429,4.75,1,1,0,0,0,0,0,0,1
1,-0.3664385,-0.0556436,-2.384551,1,0.7142857,3.75,1,1,0,0,0,0,1,0,0
1,-1.674167,0.2260886,-1.154423,1,0.8571429,4,1,1,0,0,0,0,0,0,1
1,0.7999455,-0.0556436,-2.111846,0,0.8571429,4.5,1,0,0,0,0,0,0,0,0
1,-0.3506762,-0.8398379,-0.6096688,0,0.8571429,5,1,1,1,0,0,0,0,0,1
0,0.8960367,-0.0890676,-0.2887764,1,0.7142857,5,1,1,0,0,0,0,0,0,1
0,0.8960367,-1.846143,-0.2894331,0,1,4.5,1,1,0,0,0,0,1,0,0
1,-1.400491,-0.7281125,-0.2425593,1,0.8571429,4.75,1,0,0,0,0,0,0,0,1
0,0.512472,0.6529703,-2.111846,1,0.5714286,4.75,0,1,1,0,0,0,1,0,0
1,-0.3822008,-0.0890676,-0.8817173,1,0.7142857,4,1,0,0,0,0,0,0,0,1
1,0.9062688,-0.788949,-0.5621383,1,0.7142857,4.75,1,0,0,0,0,0,0,0,0
0,-0.3664385,-0.6859559,-0.5614816,1,0.8571429,5,1,0,1,0,0,0,0,0,1
0,0.1599049,0.9347024,-1.474002,1,1,5,1,1,0,1,0,0,0,0,1
0,-1.615497,-1.112838,-1.153766,1,0.8571429,4.5,1,1,0,0,1,0,0,0,0
0,0.3602999,0.2260886,-0.9741514,1,1,5,1,1,1,0,0,0,1,0,0
1,-0.4491132,0.2260886,-0.8810606,1,1,3.25,1,1,0,1,0,0,0,0,0
1,-0.3947787,0.5078208,-1.839141,1,1,4.25,1,0,0,0,1,0,0,0,0
0,-0.3664385,0.5499773,0.6679905,0,1,4.75,1,1,0,0,0,0,1,0,0
0,-0.3822008,-0.3795322,0.3497249,0,0.4285714,4.5,1,1,0,0,0,0,1,0,0
0,-0.9021753,-0.736845,0.3490682,0,0.5714286,4.75,1,1,1,0,0,0,0,1,0
0,0.8542801,1.565015,0.9875695,1,0.5714286,5,1,0,0,0,0,0,0,0,1
0,-0.3664385,0.2260886,0.3490682,0,1,4.75,1,0,0,0,1,0,1,0,0
0,-0.8218464,0.2260886,0.3490682,0,0.8571429,5,1,0,0,0,0,0,1,0,0
0,0.8101776,0.6776618,0.0301459,0,0.8571429,5,1,0,0,0,0,0,0,0,0
0,0.8542801,0.2260886,1.260275,0,0.7142857,5,1,0,1,0,0,0,1,0,0
0,0.8542801,1.565015,0.6679905,1,0.8571429,4.5,1,0,0,0,0,0,0,0,0
0,0.8960367,0.8229769,0.3490682,1,0.7142857,5,1,0,1,0,0,0,0,0,1
0,-1.532823,-1.709726,0.3490682,0,0.7142857,3.5,1,0,0,0,0,0,1,0,0
0,-1.125921,0.9681265,0.0294892,1,1,3.5,1,0,0,0,0,0,1,0,0
0,-0.3664385,-0.0556436,-0.0180412,1,0.8571429,5,1,1,1,0,0,0,0,1,0
0,0.8417022,0.92597,0.6679905,1,0.2857143,5,1,0,0,0,0,0,1,0,0
0,-0.3246819,0.9172375,0.076363,0,0.5714286,5,1,1,0,0,0,0,0,0,1
0,0.9062688,0.6442378,0.6224302,1,0.4285714,4.75,1,1,0,0,0,0,0,0,1
0,-0.1955345,-0.3795322,1.260275,0,1,4.25,1,0,0,0,0,0,1,0,0
0,-0.3404441,-0.3795322,0.6679905,1,1,5,1,0,0,0,0,0,0,0,0
0,0.1149638,0.2260886,0.9875695,0,0.7142857,5,1,0,0,0,0,0,1,0,0
0,0.3988721,-0.2765392,0.9406958,1,0.7142857,4.5,1,1,0,0,0,0,0,1,0
0,0.8676965,-0.4042238,1.260275,1,0.8571429,4.75,1,0,1,0,0,0,1,0,0
0,0.7093704,0.2260886,0.6224302,0,0.4285714,5,1,1,1,0,0,0,0,0,1
0,-1.602919,0.2260886,0.3490682,0,0.8571429,4.75,1,0,0,1,0,0,0,0,1
0,0.6676137,-0.3707998,0.3952852,1,1,5,1,0,0,0,0,0,0,0,1
0,-0.3246819,-1.070681,0.3490682,1,0.8571429,4.5,1,1,0,0,1,0,1,0,0
0,-0.3947787,-0.0556436,0.6686472,1,1,4.75,1,1,0,0,0,0,0,0,1
1,0.1251958,-0.0978001,0.3952852,1,0.2857143,4.75,1,0,0,0,0,0,0,0,1
0,0.8542801,1.565015,0.6217735,0,0.8571429,4.25,1,0,1,0,0,0,1,0,0
0,-0.2081124,0.2260886,0.3490682,0,1,3.75,1,0,0,0,0,0,0,0,1
0,-0.3246819,0.2260886,0.0301459,1,0.5714286,5,1,1,0,0,0,0,0,0,1
1,-0.483008,-0.0978001,0.3490682,0,0.8571429,4.25,1,1,0,0,0,0,0,1,0
0,-0.3246819,-0.0556436,0.0301459,0,0.7142857,4.75,1,1,0,0,0,0,0,0,1
0,0.2575276,0.1926646,0.0294892,0,0.5714286,5,1,1,0,0,0,0,1,0,0
1,0.8960367,1.565015,1.260275,1,0.7142857,4.75,1,0,0,0,0,0,0,0,1
0,0.3276244,0.5499773,0.6217735,0,0.8571429,5,1,0,0,1,0,0,0,1,0
0,0.6676137,0.2260886,0.6679905,0,1,4.75,1,1,0,0,0,1,0,0,1
0,-0.3664385,-0.0978001,0.6679905,1,0.8571429,4.25,1,0,0,0,0,0,0,0,1
0,0.8542801,0.5165532,0.6217735,0,1,5,1,1,1,0,0,0,0,0,1
0,0.8542801,1.283283,1.260275,0,1,5,1,0,0,0,0,0,1,0,0
0,-0.1923501,-0.0978001,1.260275,1,0.5714286,5,1,1,0,0,0,0,0,0,1
1,-0.3822008,0.2260886,0.076363,1,0.8571429,4.5,1,0,0,0,0,0,0,1,0
0,0.3185433,-0.5072168,-0.0167278,1,0.8571429,3.75,1,1,0,0,0,0,0,0,1
0,0.7668893,1.565015,0.6224302,1,0.7142857,5,1,1,0,1,0,0,1,0,0
0,0.683376,0.2260886,0.3490682,1,0.7142857,4.75,1,1,0,0,0,0,0,1,0
0,0.3252786,0.3116166,0.076363,1,1,5,1,1,0,1,0,0,1,0,0
0,-0.3506762,-0.3373757,0.6686472,1,0.7142857,4.5,1,1,0,0,0,0,1,0,0
0,-0.3979631,-0.0890676,0.6686472,1,0.7142857,4.5,1,0,0,0,0,0,0,1,0
0,-0.2986875,0.2260886,0.3490682,1,0.8571429,4.5,1,0,0,0,0,0,0,0,1
1,0.2563083,1.565015,0.6686472,1,1,3.25,1,1,0,0,0,0,0,0,0
0,0.683376,0.6863943,0.6679905,0,0.8571429,5,1,1,0,0,0,0,1,0,0
0,-0.8478408,0.3203491,1.260275,0,0.8571429,4.5,1,1,1,0,0,0,0,0,1
0,0.8960367,0.2260886,1.260275,0,0.8571429,4,1,1,0,0,0,0,0,1,0
1,-0.1462581,-0.0556436,0.6686472,0,0.4285714,5,1,1,0,0,0,0,0,0,1
0,-0.3664385,-0.4042238,1.260275,1,0.5714286,4.75,1,0,0,0,0,0,0,0,1
0,0.8385177,0.2260886,0.3490682,0,0.7142857,5,1,1,0,0,0,0,1,0,0
0,-0.3822008,0.2260886,0.3490682,1,0.4285714,5,1,0,0,0,0,0,1,0,0
0,-0.3664385,-2.170032,0.3021945,1,0.2857143,5,1,1,0,0,0,0,0,0,1
0,0.8542801,1.146866,0.9406958,1,0.7142857,5,1,1,0,0,0,0,0,0,0
0,0.6801916,0.1926646,0.0301459,0,1,4.5,1,1,0,0,0,0,1,0,0
0,-0.2986875,-1.257987,0.3490682,0,0.8571429,5,1,0,0,1,0,0,0,1,0
0,-0.3664385,1.249859,0.3490682,0,0.1428571,3,1,0,0,0,1,0,0,1,0
0,0.0527288,-0.9764206,0.3021945,1,0.1428571,4.5,1,0,0,1,0,0,0,0,1
0,0.8960367,0.6442378,0.9406958,1,0.5714286,4.5,1,1,0,0,0,0,1,0,0
1,0.4289587,1.565015,0.076363,1,1,5,1,0,0,0,0,0,0,0,1
0,-0.3246819,-1.564411,0.9406958,1,0.8571429,4.75,1,1,0,0,0,0,1,0,0
0,0.1567204,-0.3707998,0.0294892,1,0.5714286,4.5,1,0,0,0,0,0,0,0,1
0,-0.3664385,0.6863943,0.3490682,0,1,5,0,1,0,0,0,0,1,0,0
0,-0.3246819,-0.0890676,0.3490682,1,0.4285714,3.5,1,0,0,1,0,0,0,0,0
0,-0.420773,0.2260886,0.0294892,0,0.5714286,3.5,1,1,1,0,0,0,0,1,0
0,0.8542801,1.146866,0.3490682,1,0.5714286,5,1,1,1,0,0,0,0,1,0
0,0.1827148,0.5078208,0.3952852,1,0.7142857,5,1,1,0,0,0,0,0,0,1
1,-0.2081124,0.3203491,0.9406958,0,0.8571429,3.75,1,0,0,0,0,0,1,0,0
0,0.683376,0.9681265,1.260275,1,0.8571429,5,1,1,0,0,0,0,0,0,1
0,-0.2081124,-0.0890676,1.260275,0,0.8571429,5,1,0,1,0,0,0,0,0,1
0,0.922031,0.2260886,0.6217735,0,0.7142857,4.25,1,0,0,0,0,0,1,0,0
1,0.8542801,1.565015,0.9413525,0,1,5,1,1,0,0,0,0,1,0,0
0,-0.9190885,-0.6946884,0.0294892,1,1,4.25,1,1,0,0,0,0,0,0,1
0,-0.3664385,0.2260886,0.3490682,1,0.7142857,4.75,0,0,0,0,0,0,1,0,0
1,0.4494229,1.565015,0.6686472,1,0.7142857,5,1,0,0,0,0,1,0,0,1
0,-0.3664385,0.2260886,0.6686472,1,1,4.5,1,0,1,0,0,0,0,0,1
0,-0.3664385,0.2260886,-0.0167278,0,0.5714286,5,1,0,1,0,0,0,1,0,0
0,0.8542801,0.5499773,0.9406958,1,0.7142857,4.75,1,1,0,0,0,0,0,0,0
0,-0.3664385,0.2260886,0.12258,0,0.8571429,5,1,0,1,0,0,0,1,0,0
0,0.8802744,0.5499773,1.260275,0,0.5714286,5,1,0,0,1,0,0,0,1,0
0,0.7999455,0.3290816,0.0301459,0,1,3,1,1,1,0,0,0,1,0,0
0,-0.3664385,-0.7976814,0.3028512,0,0.7142857,3.5,1,1,0,0,0,0,0,0,1
0,-0.039027,0.2348211,0.9406958,1,0.8571429,4.75,1,1,0,0,0,0,1,0,0
0,-1.587157,-1.112838,-0.5621383,0,0,4,1,0,0,0,0,0,0,0,0
1,-0.2081124,-1.112838,-0.2894331,0,0.7142857,4,1,0,0,0,0,0,0,0,1
1,-0.4333509,0.2260886,-0.5621383,1,1,4.25,0,0,0,1,0,0,0,0,1
1,-0.3246819,-0.0556436,-1.246857,0,0,4.5,1,1,0,0,0,0,0,0,1
0,-1.413069,-1.615465,-1.426471,1,0.8571429,3,1,1,0,0,0,0,0,1,0
0,-0.3246819,0.2260886,-0.2425593,1,1,5,1,1,0,0,0,0,0,1,0
1,-0.3664385,-1.052001,-0.5621383,1,0.7142857,4.5,1,1,0,0,0,0,1,0,0
0,-0.3089196,0.2260886,-0.8810606,1,0.5714286,4.5,0,1,0,1,0,0,0,1,0
1,-0.3404441,-0.0890676,-0.5621383,1,0.7142857,4.75,1,0,0,0,0,0,0,0,1
0,-0.3979631,-0.4216887,-1.566436,1,1,4.5,1,1,0,0,0,0,0,0,1
0,-0.3664385,0.2260886,-1.29373,1,0.8571429,4.75,1,0,0,0,0,0,0,1,0
0,-0.3979631,0.2260886,-0.243216,0,0.8571429,4.5,1,0,0,0,0,0,0,0,1
0,-1.41975,0.2260886,-2.384551,1,0.4285714,4.75,1,1,0,0,1,0,0,0,1
0,0.3728777,0.2260886,-0.6076986,1,0.5714286,4.75,1,0,0,0,0,0,1,0,0
0,-0.5113482,-0.4042238,-1.201296,1,0.8571429,4.25,1,1,0,0,0,0,0,0,0
1,0.1149638,0.2260886,-0.2887764,1,0.8571429,4.5,1,1,0,0,0,1,0,1,0
0,-0.3664385,0.2260886,-0.5159213,1,0.7142857,4.5,1,0,0,0,0,0,1,0,0
0,-0.3664385,-1.888299,-0.2894331,1,0.7142857,4.5,1,0,0,0,0,0,0,1,0
1,0.8542801,-0.6946884,-0.2894331,1,0.5714286,5,1,1,0,0,0,0,0,0,1
1,-0.3404441,0.2260886,-0.2425593,1,0.8571429,5,1,1,0,0,0,0,0,1,0
0,0.8542801,1.565015,-0.2894331,1,0.8571429,4.25,1,1,0,0,0,0,0,0,1
0,0.8960367,-0.71938,-0.5621383,1,0.8571429,4.5,1,0,0,0,0,0,0,1,0
0,-0.3790164,-0.3373757,-0.6090121,1,0.5714286,4.5,1,1,0,0,0,0,0,1,0
1,-0.6728587,0.9681265,-0.6090121,1,0.8571429,4.25,1,0,0,0,0,0,0,1,0
1,0.3536188,1.283283,-1.20064,1,1,4.75,1,0,0,0,0,0,0,0,1
1,-2.240614,0.0051929,-1.792924,1,0.8571429,4,1,1,0,0,0,0,0,0,1
1,0.8259399,0.2260886,-1.199983,1,0.7142857,4.25,1,1,0,0,0,1,0,0,1
1,-0.5790992,-0.4129563,-0.243216,0,0.7142857,4.25,1,1,0,0,0,0,1,0,0
0,-0.2951908,0.2260886,-1.201296,1,0.7142857,5,1,0,0,0,0,0,0,0,1
1,-2.824789,0.2260886,-1.745393,1,0.7142857,4.25,1,0,0,0,0,0,1,0,0
0,-0.7891025,-1.480098,-1.425814,1,0.4285714,4.5,1,0,0,0,0,0,0,1,0
0,-1.506828,-1.112838,-0.5614816,0,0.8571429,4.25,1,0,0,0,0,0,0,0,1
0,-0.8478408,-1.112838,-0.2894331,1,1,4.5,1,0,0,0,0,0,0,0,1
1,0.1827148,0.2260886,-0.3349934,0,1,4.75,1,1,0,0,0,0,0,0,1
1,-0.3664385,-0.4129563,-0.8810606,1,1,4.25,0,1,0,0,0,0,0,1,0
0,-0.3664385,-1.257987,-0.2894331,1,0.8571429,4.75,1,1,0,0,0,0,1,0,0
1,-0.3246819,0.2260886,-0.243216,0,0.8571429,5,1,1,0,0,0,0,0,0,1
0,-0.3664385,-0.8311055,-0.5621383,1,0.5714286,3.5,1,1,0,0,0,0,0,1,0
0,-0.3664385,-0.4216887,0.3952852,1,1,4.25,1,0,0,0,0,0,0,1,0
0,-0.3664385,-1.112838,0.3490682,1,1,4.5,1,0,0,1,0,0,1,0,0
0,-0.1663557,-0.0890676,0.3490682,1,0.7142857,5,0,0,0,0,0,0,0,0,0
0,0.8542801,1.565015,0.9875695,0,0.5714286,5,1,0,0,0,0,0,0,0,1
0,0.1149638,0.2260886,0.3490682,1,0.8571429,4.5,1,0,0,0,0,0,0,0,1
1,-0.4987703,-0.0978001,1.260275,0,0.5714286,4.5,1,0,0,0,0,0,0,0,0
1,-0.3664385,0.2260886,0.3490682,1,0.5714286,4.5,1,0,0,0,0,0,0,1,0
1,-1.436731,-0.0978001,0.3028512,1,0.8571429,2.25,1,0,0,0,0,0,0,1,0
1,-0.3979631,-0.4216887,0.3490682,1,0.8571429,5,1,0,0,0,0,0,0,1,0
0,-0.3664385,-1.112838,0.0294892,0,0,3.75,1,1,0,0,0,0,0,0,0
1,-0.2963417,0.2260886,0.0294892,0,0.8571429,5,1,0,0,0,0,0,0,0,1
0,-0.1923501,-0.3795322,0.3490682,1,1,4,1,0,0,0,0,0,0,1,0
0,-0.884013,1.565015,0.076363,1,0.2857143,5,1,1,0,0,0,0,1,0,0
0,-0.244353,-0.6525319,0.6686472,1,0.5714286,5,1,0,0,0,0,0,0,1,0
0,-0.3664385,0.2260886,0.3490682,1,1,4.5,1,0,0,0,0,0,0,0,1
0,-2.582637,1.565015,0.0770197,1,0.8571429,5,1,0,0,0,0,0,0,0,1
0,0.3728777,-0.0978001,0.395942,1,0,4.75,1,1,0,0,0,0,0,1,0
0,0.1149638,1.146866,0.076363,1,0.8571429,4.5,1,0,0,0,0,0,1,0,0
0,0.2145516,-1.436726,0.6211168,1,1,4.25,1,1,0,0,0,0,0,0,0
0,0.8542801,1.565015,0.3490682,1,0.8571429,4.5,1,1,0,0,0,0,0,1,0
1,-0.3664385,0.2260886,0.9406958,1,0.7142857,5,1,0,0,0,0,0,0,1,0
0,-0.5247647,-0.0890676,0.3490682,0,0.8571429,4,1,1,0,0,0,0,0,0,1
0,-0.3246819,-0.0556436,0.3490682,1,0.7142857,4.75,1,1,0,1,0,0,1,0,0
0,-0.3664385,0.5499773,0.6686472,0,0.7142857,5,1,0,0,0,0,0,1,0,0
1,0.2642087,0.8229769,0.0301459,1,0.7142857,4.5,1,0,0,0,0,0,0,0,1
1,-0.3979631,0.2260886,0.3490682,1,0.7142857,3,1,0,0,0,0,0,0,1,0
1,-0.4251768,1.565015,0.6217735,1,1,4.5,1,1,0,0,0,0,0,0,1
0,0.8542801,1.283283,1.260275,0,0.7142857,5,1,1,0,0,0,0,1,0,0
0,0.2247837,-0.4042238,0.076363,0,0.5714286,5,1,0,0,0,0,0,1,0,0
1,-0.3664385,0.2260886,0.3490682,1,0.5714286,4.5,0,0,0,0,0,0,0,0,1
0,0.8542801,0.2260886,0.9406958,1,1,5,1,1,0,0,0,0,0,0,1
0,-0.2081124,0.2260886,0.6686472,1,0.8571429,5,1,0,0,0,0,0,0,1,0
0,-0.4672457,0.2260886,0.6686472,0,1,4.75,1,1,0,0,0,0,0,0,0
0,0.2019738,-0.0556436,1.260275,1,1,5,1,1,1,0,0,0,1,0,0
1,0.8542801,1.565015,0.3490682,0,0.7142857,4.5,1,1,0,0,0,0,0,1,0
0,-0.3790164,-0.8311055,0.3490682,1,0.1428571,4.25,1,1,0,0,0,0,0,1,0
0,0.4146344,-0.8311055,0.3490682,0,0.8571429,5,1,0,0,0,0,0,1,0,0
1,0.1307261,-1.052001,0.3021945,1,0.8571429,4.5,1,1,0,0,0,0,1,0,0
0,-0.1923501,1.565015,0.0294892,1,1,5,0,0,0,0,0,0,0,0,1
0,0.6211411,-2.451764,0.3497249,1,0.8571429,4.75,1,1,0,0,0,0,1,0,0
1,-0.3664385,-0.0556436,0.3490682,0,0.8571429,4.75,1,0,0,0,0,0,1,0,0
0,-0.3664385,0.2260886,0.9875695,1,0.7142857,4.5,1,0,0,0,0,0,0,1,0
1,-0.3664385,0.8317094,1.260275,1,0.1428571,4,1,1,0,0,0,0,0,1,0
0,-0.3664385,0.2260886,0.3490682,0,0.5714286,5,1,0,0,0,0,0,1,0,0
0,-0.8478408,0.2260886,0.6686472,1,0.7142857,5,1,0,0,0,0,0,0,0,1
0,-0.3538607,-0.7555249,0.3490682,0,0.8571429,4.5,1,0,0,0,0,0,0,0,1
0,-1.587157,-1.112838,0.3028512,0,0.8571429,4,1,1,0,1,0,0,0,0,1
0,0.8542801,-0.788949,1.260275,0,0.8571429,3,1,0,0,0,0,0,1,0,0
0,-0.3664385,0.2260886,0.6686472,1,0.8571429,5,1,0,0,0,0,0,0,0,0
0,0.1862115,0.2260886,0.0301459,1,0.8571429,4.5,0,0,0,0,0,0,0,1,0
0,0.6416194,0.5499773,0.9875695,1,1,5,1,1,0,0,0,0,1,0,0
1,-0.3664385,-0.4216887,0.6686472,1,0.7142857,5,1,0,0,0,0,0,0,0,0
0,0.683376,0.2260886,-2.384551,1,1,5,1,0,1,0,0,0,1,0,0
0,-0.5359046,-1.803986,-1.29373,1,0.7142857,4,1,1,0,0,0,1,0,0,1
0,-0.1537779,-0.0890676,-0.2894331,1,1,4.75,1,1,0,0,0,0,0,0,1
0,-0.3947787,-0.4129563,-0.5152646,0,0.8571429,4.5,1,0,0,0,0,0,0,0,1
0,0.7219483,1.241126,-0.2894331,0,0.2857143,5,1,1,0,0,1,0,0,0,1
1,0.1149638,-1.300309,-0.8804039,0,0.8571429,4.5,1,1,0,0,0,0,0,0,1
0,0.8542801,0.6442378,-0.6083553,1,1,4.75,1,1,0,0,0,0,0,0,1
0,-1.443442,-0.4042238,-0.562795,1,0.8571429,5,1,0,0,0,0,0,0,1,0
0,-1.280737,-0.8645295,-0.6090121,0,0.5714286,4.5,1,0,0,1,0,0,0,1,0
1,-0.3664385,0.2260886,-2.384551,1,1,5,1,1,0,0,1,0,1,0,0
0,-0.3979631,-0.7555249,-0.243216,1,0.7142857,4.5,1,0,0,0,0,1,0,0,1
0,-1.131749,-0.4129563,-0.2894331,0,1,4.75,1,0,0,0,0,0,0,0,1
0,0.153536,-0.3707998,-0.5621383,0,1,5,1,1,0,0,0,0,1,0,0
0,-0.2081124,-0.3707998,-0.2425593,1,1,4.5,1,0,0,0,0,0,0,0,1
1,-1.050269,-0.8311055,-1.108206,1,0.8571429,4.25,1,0,0,0,1,0,0,0,1
1,0.7377105,0.2260886,-0.2894331,1,0.4285714,4.75,1,1,0,0,0,0,0,0,1
0,-1.428831,-1.39457,-0.8810606,1,0.5714286,3.5,1,0,0,0,0,0,0,0,1
0,0.8542801,1.146866,-0.6096688,0,0.8571429,5,1,1,0,0,0,0,1,0,0
0,-0.9190885,0.2260886,-0.5614816,0,0.7142857,4.75,1,0,0,0,0,0,0,0,1
1,-0.3246819,-0.0890676,-0.6552291,1,0.8571429,4.25,1,0,0,1,0,0,0,0,1
1,-0.9021753,0.2260886,-1.792267,1,0.7142857,4,1,1,0,0,0,0,1,0,0
1,-1.209746,-1.436726,-2.384551,1,0.5714286,4.25,1,1,0,0,0,0,1,0,0
1,0.8960367,0.2260886,-0.8341869,1,0.4285714,4.75,1,0,0,0,0,0,0,0,0
0,-0.591677,-0.0978001,-1.20064,0,0.5714286,4.75,1,0,0,0,0,0,0,0,1
1,-0.2963417,-0.0890676,-0.6090121,1,0.7142857,3.75,1,1,0,0,0,0,1,0,0
0,-0.3664385,0.2260886,-0.6083553,1,1,5,1,0,0,0,0,0,1,0,0
1,0.1984771,1.283283,-0.6090121,0,0.8571429,4.5,1,1,0,1,0,0,0,1,0
0,-0.4908698,-0.0890676,-2.064972,0,0.8571429,4.25,1,0,0,0,0,0,0,0,1
0,-0.8773319,-0.9764206,-1.20064,1,0.8571429,4,1,1,1,0,0,0,0,0,1
0,0.683376,-0.4129563,-0.6090121,1,0.5714286,4.75,1,1,0,0,0,0,0,0,0
0,-0.3404441,-1.291577,-0.2425593,1,1,5,0,1,0,0,0,0,0,0,1
0,-0.8899097,-0.3882647,-1.473345,1,0.8571429,4,1,1,0,0,0,0,0,0,1
1,-0.9190885,-2.127875,-2.384551,1,1,4.75,1,1,0,0,0,1,0,0,1
1,-0.3790164,-1.146262,-1.199983,1,0.4285714,4.5,1,1,0,0,0,0,0,0,1
1,-0.3979631,-0.8311055,-1.246857,1,0.7142857,4.5,1,1,0,0,0,0,0,0,1
0,-0.3664385,-0.0890676,-0.2894331,1,0.8571429,4.75,1,0,0,0,0,0,0,0,1
0,0.0775425,-1.803986,-2.111846,1,0.4285714,4.75,1,1,1,0,0,0,1,0,0
1,0.3276244,-1.028359,-2.384551,1,0.8571429,5,0,1,0,0,0,0,1,0,0
1,-1.416253,-2.451764,-0.243216,1,0.8571429,4,1,0,0,0,0,0,0,0,1
0,0.6676137,0.6442378,-0.8817173,0,0.8571429,5,1,1,0,0,0,0,0,0,0
1,-1.135314,-2.76692,-1.199983,1,0.8571429,4.25,1,0,0,0,0,0,0,0,0
0,0.6676137,-0.0556436,-1.519562,0,1,3.75,1,1,0,1,0,0,0,0,1
0,-0.420773,-0.3707998,-0.5621383,1,0.8571429,4.75,1,0,0,0,0,0,1,0,0
0,0.683376,0.3959297,-0.9279343,1,1,5,1,1,0,0,0,0,0,0,1
0,-0.5247647,0.2260886,-0.5621383,0,0.5714286,4.75,1,1,0,0,1,0,0,1,0
0,-0.2081124,0.2260886,-0.2894331,1,1,3.75,1,1,0,0,0,0,0,0,1
0,-0.3979631,0.2260886,-0.8817173,1,0.4285714,4.25,1,1,0,0,0,0,0,0,1
1,0.0708613,-1.009845,-0.8355003,1,0.8571429,5,1,0,0,0,0,0,0,0,1
0,0.6007014,1.565015,-0.562795,0,0.8571429,3.25,1,0,0,0,0,1,1,0,0
0,0.8417022,0.2260886,0.3490682,0,0.7142857,4.75,1,1,0,0,0,0,0,0,1
1,0.8542801,0.2260886,0.0294892,1,1,5,1,1,0,0,0,0,0,0,1
0,0.1567204,-0.3707998,0.9413525,0,0.4285714,4,0,1,0,0,0,0,0,0,1
0,0.8960367,0.2260886,0.3021945,1,0.4285714,4.75,1,1,0,0,0,0,0,0,1
0,0.8960367,0.92597,0.6686472,1,1,5,1,1,0,0,0,0,0,1,0
0,0.683376,-0.0890676,0.3490682,1,0.5714286,4.75,1,1,0,0,0,0,0,0,1
1,0.1862115,-1.385837,0.3490682,1,0.8571429,5,1,0,0,0,0,0,0,0,1
0,-0.1797722,0.2260886,0.6679905,1,0.8571429,4.5,1,1,0,0,0,0,1,0,0
1,-0.8478408,-1.436726,-0.0154144,0,0.8571429,4.5,1,1,0,0,0,0,0,0,1
1,-0.4672457,0.3290816,0.0301459,1,0.4285714,4.5,1,1,0,0,0,0,0,0,1
1,-0.3822008,-1.803986,0.076363,0,1,4.25,1,0,0,0,0,0,1,0,0
0,0.3445376,0.2260886,0.3490682,0,1,4.75,1,0,0,0,0,0,1,0,0
0,-0.3979631,0.2260886,0.0294892,0,0.8571429,4.5,1,1,0,0,0,0,1,0,0
0,0.3445376,-0.0890676,0.0301459,0,0.7142857,4,1,0,0,0,0,0,0,0,1
0,-0.3822008,-0.0890676,0.0301459,1,1,5,1,1,1,0,0,0,1,0,0
1,-0.3506762,-0.0978001,0.3490682,1,0.4285714,4.5,1,1,0,0,0,0,1,0,0
1,-0.1923501,-0.8311055,0.0301459,1,0.8571429,4.25,1,1,0,0,0,0,0,0,1
1,-0.3246819,0.6442378,0.0294892,0,0.7142857,4.5,1,1,0,0,0,0,0,0,1
0,0.8385177,1.283283,1.260275,0,0.7142857,5,1,0,0,0,0,0,0,0,0
0,0.8542801,1.565015,1.260275,1,0.8571429,5,1,1,0,0,0,0,1,0,0
0,0.1149638,-1.112838,0.3490682,1,0.8571429,5,1,1,0,0,0,0,0,0,1
0,0.3862942,-0.4129563,0.3490682,1,0.7142857,4.25,1,0,1,0,0,0,0,0,1
1,0.2642087,-0.4551128,0.9875695,1,0.7142857,5,1,1,0,0,0,1,0,0,0
0,0.97955,-0.0978001,0.6224302,1,1,3,1,1,0,0,0,1,0,0,1
0,0.8259399,0.2260886,0.6686472,0,0.8571429,4.75,1,0,0,0,0,0,1,0,0
1,-0.3404441,-0.0890676,0.6686472,1,0.7142857,4.75,1,0,0,0,0,1,0,0,1
0,0.1567204,0.2260886,0.0301459,1,1,4.5,1,0,0,0,0,0,1,0,0
1,-0.3822008,-0.7976814,0.0301459,1,0.8571429,4.25,1,0,0,0,0,0,0,0,0
0,0.2189554,-0.4129563,0.9406958,0,0.8571429,4.75,1,1,0,0,0,0,1,0,0
0,0.3276244,1.249859,0.9413525,1,1,4,1,0,0,0,0,0,0,0,0
1,-0.3246819,-1.436726,0.6217735,1,0.5714286,5,1,0,0,0,0,0,0,0,0
0,0.3185433,-0.4042238,0.076363,0,0.4285714,5,1,1,0,0,0,0,1,0,0
0,-0.3302121,-0.5072168,0.3490682,1,0.8571429,4.75,1,0,0,0,0,0,0,0,1
0,0.1862115,0.2260886,0.9875695,1,0.7142857,4.5,1,0,0,0,0,0,0,0,1
0,0.9637877,-0.8646951,0.6679905,0,1,4.75,1,0,1,0,0,0,0,0,0
0,0.1862115,-0.4129563,0.0294892,1,0.8571429,4.75,1,1,0,0,0,0,0,0,1
0,0.8385177,-1.803986,0.3490682,0,0.8571429,4.5,1,1,0,0,0,0,0,0,0
0,0.8542801,0.2260886,1.260275,1,0.4285714,4.5,1,1,0,0,0,0,1,0,0
0,0.3988721,-0.3707998,0.6686472,1,0.8571429,4.5,1,0,0,0,0,0,0,0,1
0,-0.3664385,0.2260886,0.3490682,1,1,4,1,1,0,0,0,0,0,0,1
0,0.8960367,0.9681265,-0.0167278,0,1,5,1,1,1,0,0,0,0,1,0
0,0.8802744,1.283283,1.260275,0,0.8571429,4.75,1,0,1,0,0,0,1,0,0
0,-0.4231188,-0.0978001,0.6679905,1,0.8571429,4.25,1,0,0,0,0,0,0,0,1
0,-0.3664385,-1.522254,0.0294892,0,0.7142857,4.75,1,1,0,0,0,0,0,0,1
0,-0.3246819,0.5499773,0.3490682,1,0.8571429,4.75,1,0,0,0,0,0,0,0,1
0,-0.3664385,-0.4042238,0.3490682,1,1,4.5,1,1,0,0,0,0,1,0,0
0,0.8542801,-0.3795322,0.6679905,1,0.7142857,4.75,1,1,0,0,0,0,0,0,0
0,0.8542801,-0.9764206,0.3021945,1,0.8571429,5,1,0,0,0,0,0,1,0,0
0,0.1862115,-0.0890676,0.3490682,1,0.2857143,4.25,1,0,0,0,0,0,0,0,1
0,0.1862115,-0.0469111,0.3490682,1,1,4.75,1,0,0,0,0,0,0,0,1
0,0.8259399,0.2260886,0.0301459,0,0.7142857,5,1,0,0,0,0,0,1,0,0
0,-0.3404441,-0.0890676,0.3490682,1,1,4.25,1,0,0,0,0,0,0,0,1
0,-0.8218464,-1.146262,0.3490682,1,0.5714286,5,1,0,0,0,0,0,0,0,1
0,0.1149638,0.2260886,0.9406958,1,0.4285714,4.75,1,0,0,0,1,0,0,0,1
0,0.8802744,0.2260886,0.3490682,1,0.8571429,5,1,0,0,0,0,0,0,0,1
0,0.922031,0.2260886,0.3490682,1,0.7142857,4.5,1,1,0,0,0,0,0,0,1
0,-0.8376088,-0.0890676,0.3490682,1,1,4.75,1,0,1,0,0,0,0,0,0
1,-0.3664385,-1.803986,0.3490682,1,0.7142857,5,1,0,1,0,0,0,0,0,0
0,-0.3664385,0.2260886,1.260275,1,0.8571429,4.25,1,1,0,0,0,0,1,0,0
0,-0.3380984,-0.1920606,0.9413525,1,0.2857143,3.75,1,1,0,1,0,0,0,0,1
0,-0.4365353,0.5078208,0.3490682,1,0.8571429,4.5,1,0,0,0,0,0,0,0,1
1,0.1149638,0.3203491,0.3490682,1,0.8571429,4.75,0,1,0,0,0,1,0,0,0
0,0.1307261,-0.4042238,0.0301459,1,1,4.5,1,1,0,0,0,0,1,0,0
0,-0.3822008,-0.3707998,0.9875695,1,0.7142857,4.75,1,0,0,0,0,0,0,0,1
0,-0.3372597,-0.6946884,0.6686472,1,0.4285714,4.5,1,0,0,0,0,0,0,0,0
0,0.8385177,0.2956575,1.260275,1,0.5714286,4.5,1,1,0,0,0,0,0,0,1
1,0.8542801,1.565015,0.6211168,1,1,4.5,1,1,0,0,0,0,0,0,1
0,0.7558431,0.9347024,0.6679905,0,0.4285714,5,1,0,0,0,0,0,0,0,1
1,-0.3664385,-0.788949,0.0294892,1,0.7142857,5,1,1,0,0,0,0,1,0,0
1,0.922031,1.283283,0.9413525,0,0.8571429,4.5,1,0,0,0,0,0,0,0,1
0,0.8542801,1.565015,0.3490682,1,0.5714286,5,0,1,0,0,0,0,0,0,1
0,0.4146344,0.2260886,0.6686472,1,0.8571429,5,1,0,0,0,0,0,0,0,1
1,0.8960367,1.249859,0.3490682,1,0.8571429,4,1,1,0,0,0,1,1,0,0
1,-0.171886,-0.8311055,1.260275,1,0.8571429,4.75,1,0,0,0,0,0,1,0,0
0,0.7093704,0.5499773,0.3490682,1,0.8571429,4.5,1,0,0,0,0,0,1,0,0
0,-0.3372597,-0.9676881,-0.562795,0,1,4.5,1,1,0,0,0,0,1,0,0
0,0.4210583,-1.104105,-1.246857,0,0.7142857,3,1,1,0,0,0,0,1,0,0
0,-0.3790164,0.2260886,-0.5621383,1,1,5,1,1,0,0,0,0,0,0,0
1,0.8542801,0.2260886,-1.201296,1,0.8571429,5,1,0,0,1,0,0,0,0,1
0,-0.5247647,0.2260886,-0.2900898,1,0.5714286,3.75,1,1,0,1,0,0,0,0,1
0,-0.3246819,-0.0890676,-0.2425593,1,0.2857143,5,1,1,0,0,0,0,1,0,0
0,-0.5373425,-0.0890676,-0.6090121,0,1,4.25,1,0,0,0,0,0,1,0,0
1,-0.8355752,-0.3707998,-1.20064,1,0.8571429,3.5,1,1,0,0,0,0,0,0,1
1,-0.3790164,-0.0890676,-1.519562,1,0.5714286,4.25,1,1,0,0,0,0,0,0,1
1,-0.3664385,-0.9676881,-2.064972,1,1,5,1,0,0,1,0,0,0,0,1
0,-0.3246819,-0.3795322,-0.0167278,1,0.8571429,4.75,1,0,0,0,0,0,0,0,1
0,-0.1537779,-1.104105,-2.384551,0,0.8571429,5,1,1,0,0,0,1,0,0,1
0,-0.9927505,0.5499773,-0.5614816,0,0.8571429,2.75,1,0,0,1,0,0,0,0,1
0,-1.587157,-0.4129563,-1.20064,1,1,3.75,1,1,0,0,1,0,0,0,0
0,-0.7922869,-1.333733,-0.0167278,1,1,4.75,1,1,0,0,0,0,0,0,0
0,0.0992015,-0.8398379,-1.519562,1,0.8571429,4.75,1,0,0,1,0,0,0,0,0
0,0.1692983,-1.300309,-1.246857,1,0.8571429,4,1,0,0,1,0,0,0,0,1
1,0.8417022,-0.3707998,-1.20064,1,1,5,1,0,0,0,0,0,0,0,1
1,-0.0591247,1.565015,-0.243216,1,0.8571429,3.25,1,1,0,0,0,0,0,0,1
0,-0.3246819,-0.0556436,-0.5621383,1,0.8571429,4.75,1,1,0,0,0,0,0,0,1
1,0.8542801,-0.4042238,-0.243216,1,0.7142857,5,0,1,0,1,0,0,1,0,0
1,-0.0264492,0.6529703,-0.6076986,1,0.4285714,3,1,0,0,0,0,0,0,0,0
0,-0.420773,-0.0978001,-1.153766,1,0.8571429,4.75,1,1,0,0,0,0,0,0,1
0,-0.3664385,-1.112838,-0.5621383,1,0.8571429,4.25,1,1,0,0,0,0,0,0,1
1,-0.8376088,-0.0556436,-0.243216,1,0.5714286,4.75,1,0,0,1,0,0,0,0,1
0,-0.3947787,-0.736845,-0.6083553,1,1,3.75,1,1,0,0,0,0,0,0,1
0,0.8645121,-0.0978001,-0.2894331,1,0.5714286,4.5,1,1,0,0,0,0,0,0,1
1,0.1567204,-0.1920606,-0.2894331,1,0.7142857,4.25,1,1,0,0,0,0,0,0,0
1,-0.2116091,0.3625056,-0.2894331,1,0.7142857,3.5,1,0,0,0,0,1,0,0,1
0,-0.3246819,-0.6525319,-0.2894331,1,0.8571429,4.5,1,0,0,0,0,0,1,0,0
1,-1.07423,-0.4129563,-0.1494685,1,0.4285714,3.75,1,0,0,0,0,0,0,0,0
1,0.283522,-1.333733,-0.6076986,1,0.8571429,4.5,1,0,0,0,0,0,0,0,0
1,-0.182118,-1.112838,-0.8810606,1,0.7142857,4.75,1,0,0,0,0,1,0,1,0
0,-1.506828,-0.9764206,-0.5621383,1,0.8571429,3.75,1,0,0,0,0,0,0,0,1
0,-0.3246819,0.2260886,-0.9279343,1,0.7142857,4.75,1,0,0,1,0,0,0,0,1
0,0.0322891,1.249859,-2.384551,1,0.8571429,4.75,1,1,0,0,0,0,0,0,0
0,-0.3404441,-1.112838,-0.2425593,1,0.5714286,4.5,1,1,0,0,0,0,0,0,1
1,-2.647204,-1.930456,-2.064972,1,1,3.75,1,0,0,0,0,0,0,0,0
0,-0.3246819,0.2260886,-0.2425593,1,0.7142857,4.25,1,0,0,0,0,0,0,0,1
1,-0.3246819,-0.8311055,-0.243216,1,0.7142857,4.75,1,0,0,0,0,0,0,0,0
0,-1.41975,-1.173674,-0.8810606,1,1,5,1,1,0,0,0,1,0,1,0
1,-0.420773,0.2260886,-1.792267,1,0.7142857,5,1,1,0,0,0,0,1,0,0
0,0.1984771,-3.79069,-1.154423,1,0.4285714,3.75,1,1,0,0,0,0,0,0,1
1,0.2279681,-0.5072168,-0.6090121,1,0.7142857,4.5,1,0,0,0,0,0,1,0,0
0,-0.3790164,-0.0556436,-0.8817173,1,1,4.75,1,1,0,0,1,0,0,0,0
1,-1.5454,-0.0890676,-0.5152646,0,1,3.75,1,0,0,0,0,0,0,0,0
0,-1.131749,0.6442378,-0.9285911,1,0.8571429,4,1,1,0,0,0,1,0,0,0
0,-0.3246819,0.2260886,-0.8348436,0,0.8571429,4.5,1,1,0,0,0,0,1,0,0
1,-0.3664385,-1.573143,-0.5621383,1,0.8571429,4.5,1,0,0,0,0,0,0,1,0
1,-0.9088565,-0.0978001,-0.2425593,1,0.7142857,2.5,1,1,0,1,0,0,0,1,0
1,0.3602999,-0.5159492,-2.384551,1,0.5714286,3.5,1,1,0,0,0,0,0,0,1
0,-0.3562064,-0.0556436,-1.201296,0,0.7142857,4,1,0,0,1,0,0,1,0,0
0,-0.4365353,-0.3373757,-0.2425593,1,1,4.75,1,0,0,0,0,0,0,0,1
0,-0.353022,-1.564411,-1.519562,1,0.5714286,3.75,1,1,0,1,0,0,0,0,1
0,-0.3664385,-0.0890676,-0.2894331,1,0.8571429,5,1,0,0,1,0,0,0,0,0
1,-0.0591247,0.9681265,-0.8817173,1,0.7142857,4.75,1,0,0,0,0,0,0,0,1
1,0.6550359,-0.7455774,-1.20064,1,1,4,1,1,0,1,0,0,0,0,1
1,-0.8218464,-0.5072168,-0.5621383,1,0.8571429,4.75,1,0,0,0,0,0,0,0,1
1,0.922031,-0.8311055,-0.2894331,1,0.8571429,4.75,1,0,0,1,0,0,1,0,0
0,-1.41975,-1.606733,-0.9279343,1,1,4.75,1,0,0,0,0,0,0,0,0
1,0.8542801,1.565015,-0.0173845,0,0.8571429,4.5,1,1,0,1,0,0,1,0,0
0,-1.86376,-0.8311055,-1.473345,0,0.8571429,5,1,0,0,0,0,0,0,0,1
1,0.7093704,0.2260886,-0.5608249,1,0.8571429,3.75,1,0,1,0,0,0,0,0,1
1,0.7841833,1.565015,-1.473345,1,1,4.75,1,0,0,0,0,0,1,0,0
1,-0.3664385,0.2260886,-0.6083553,1,1,3.75,1,1,0,1,0,0,0,1,0
1,0.8960367,1.249859,-0.6558858,1,1,4,1,0,0,1,0,0,0,0,1
0,-0.3664385,-0.3707998,-0.6083553,1,0.8571429,4.25,1,1,0,1,0,0,0,0,1
1,-0.3089196,-0.1920606,-1.839141,0,1,4,1,1,1,0,0,0,0,0,1
0,-0.9860008,-1.751882,-0.5159213,0,0.8571429,4.75,1,0,0,0,0,0,0,0,0
1,-0.973423,-1.727191,-0.8810606,1,0.4285714,4.5,1,1,0,0,0,0,0,0,1
0,-0.3246819,-0.1920606,-0.2887764,1,0.8571429,4.5,1,1,0,1,0,0,1,0,0
0,-0.3246819,0.2260886,-0.5621383,1,0.8571429,4.5,1,0,0,0,0,0,0,0,0
1,0.2145516,0.2260886,-0.8810606,1,0.8571429,5,1,0,0,0,0,0,0,0,1
0,0.6290416,-0.0890676,-0.8810606,1,0.8571429,3.75,1,0,0,0,0,0,0,0,1
0,0.8960367,1.249859,0.9875695,0,0.7142857,5,1,0,0,0,0,0,0,0,0
0,-0.3664385,-1.009845,0.6686472,1,1,5,1,0,1,0,0,0,0,0,1
0,-0.3664385,0.2260886,0.076363,0,0.8571429,4.5,1,0,0,0,0,0,0,0,1
0,0.8802744,1.283283,0.3497249,0,0.8571429,4,1,1,0,0,0,0,0,0,1
0,0.8960367,0.959394,0.9406958,0,0.5714286,5,1,0,0,0,0,0,1,0,0
0,0.8101776,-0.0890676,0.6224302,1,1,5,1,0,0,0,0,0,0,0,1
0,0.7999455,0.5078208,0.6679905,0,0.8571429,5,1,1,0,1,0,0,0,0,1
0,0.1149638,0.2348211,0.0770197,1,0.5714286,5,1,1,0,0,0,0,1,0,0
0,-0.3979631,0.2260886,0.0294892,1,0.8571429,4.5,1,0,0,0,0,0,0,0,1
0,0.8802744,0.5078208,0.6686472,0,1,4.75,1,0,0,1,0,0,0,0,1
0,-0.3790164,-0.0890676,0.0308026,1,0.2857143,4.25,1,1,0,1,0,0,1,0,0
0,-0.3664385,-0.0890676,0.9413525,1,1,4.5,1,0,0,0,0,0,0,0,1
1,0.2279681,-0.6612644,0.3028512,0,0.8571429,4.25,1,1,0,0,0,0,1,0,0
0,-1.413069,-0.4042238,0.076363,1,0.5714286,4.25,1,0,0,0,0,0,0,1,0
0,0.8960367,0.8229769,0.6679905,0,0.8571429,4.25,1,0,0,0,0,0,0,0,1
0,0.6676137,0.3116166,0.6679905,1,0.8571429,4.75,1,1,0,1,0,0,1,0,0
0,0.3185433,0.2260886,1.260275,1,1,5,1,0,0,0,0,0,1,0,0
1,-0.3246819,-0.4129563,0.9413525,1,0.8571429,5,1,0,0,0,0,0,0,0,0
0,0.683376,1.249859,0.9406958,1,0.7142857,5,1,1,0,0,0,0,0,0,1
1,-0.4137254,-2.00019,0.395942,1,0.8571429,4.75,1,0,0,0,0,0,1,0,0
0,0.2279681,0.2260886,0.9875695,1,0.8571429,4.25,1,1,0,0,0,0,0,0,1
0,0.4146344,0.6442378,0.0294892,1,0.7142857,4.25,1,0,0,0,0,0,1,0,0
0,-0.5834345,0.959394,0.1232367,1,0.8571429,4,1,0,0,1,0,0,0,0,1
1,0.4146344,-0.0978001,0.9875695,0,1,4.75,1,1,1,0,0,0,0,0,1
1,-0.3664385,0.2260886,0.0301459,1,0.7142857,3.75,1,1,0,1,0,0,0,0,1
0,-0.3246819,0.2260886,0.076363,1,1,5,1,0,0,1,0,0,0,0,1
0,0.8385177,1.249859,0.3490682,1,0.8571429,5,1,0,0,1,0,0,1,0,0
0,-0.3664385,0.2260886,0.3490682,1,0.8571429,4.5,1,0,0,0,0,0,0,0,0
0,0.3445376,-0.6525319,0.3952852,1,0.7142857,5,1,1,0,1,0,0,1,0,0
0,-0.3664385,-0.0890676,1.260275,1,0.8571429,5,1,1,0,1,0,0,0,0,1
0,0.6676137,0.9681265,0.9875695,1,0.8571429,4.25,1,0,0,0,0,0,0,0,1
1,-0.3664385,-0.0890676,0.3490682,1,0.8571429,3.75,1,0,0,0,0,0,0,0,1
0,-2.026803,-2.451764,0.3490682,1,0.8571429,4.25,1,0,0,0,0,0,1,0,0
0,0.7093704,-1.009845,0.9875695,0,0.8571429,3,1,1,0,0,0,1,0,1,0
0,0.8542801,0.2260886,1.260275,1,1,5,1,0,0,0,0,0,0,0,1
0,0.2563083,0.9681265,0.9406958,1,1,4,1,1,0,0,0,0,0,0,1
0,-0.64368,-0.8398379,1.260275,1,0.5714286,4.25,1,0,0,0,0,0,0,0,0
1,-0.5531048,-0.6859559,0.0301459,1,0.8571429,4.25,1,0,0,0,0,0,0,0,1
0,-0.5531048,-0.3707998,0.3952852,1,0.7142857,4.25,1,0,0,0,0,0,0,0,1
0,0.6676137,0.8651335,0.0294892,1,1,4.75,1,1,0,0,0,1,0,1,0
1,-0.3664385,0.2260886,0.6679905,1,0.2857143,4,1,0,0,0,0,0,0,0,1
0,-0.3664385,-0.4129563,0.3497249,0,1,5,1,1,0,0,0,0,0,0,1
1,0.9377933,-1.112838,0.6686472,1,1,4.25,1,1,0,0,0,0,0,0,0
0,-0.483008,-1.112838,1.260275,1,1,4.25,1,1,0,0,0,1,1,0,0
0,-0.3089196,-0.1920606,0.6686472,1,0.8571429,4.25,1,1,0,0,0,0,0,1,0
0,0.9377933,-0.2007931,0.9406958,1,0.4285714,4.5,1,0,0,0,0,0,0,0,1
0,-0.3144498,-1.615465,0.0294892,1,0.8571429,4.5,1,0,0,1,0,0,0,0,1
0,-0.3664385,0.2260886,0.0294892,1,0.7142857,5,1,1,0,0,0,1,0,0,1
0,0.1952926,0.6776618,0.6217735,1,0.8571429,5,1,0,0,0,0,0,0,0,1
0,0.8417022,-1.112838,0.3490682,0,0.7142857,4.25,1,1,0,1,0,0,1,0,0
0,-0.3664385,0.2260886,0.3490682,1,1,5,1,0,0,0,0,0,1,0,0
1,-0.2884412,-0.788949,0.6224302,1,0.8571429,4.5,1,0,0,0,0,1,0,0,0
0,0.8960367,1.565015,1.260275,1,1,2.5,1,1,0,1,0,0,0,0,0
1,-0.2963417,0.2260886,0.3490682,1,0.5714286,4.5,1,1,0,0,0,1,0,0,1
1,-0.3246819,-1.385837,0.3490682,1,0.8571429,5,1,0,0,0,0,0,1,0,0
0,0.8542801,1.565015,0.0294892,1,1,4.75,1,1,0,0,0,0,1,0,0
0,0.8417022,0.6442378,0.3490682,1,1,5,1,1,0,0,0,0,1,0,0
0,0.8802744,-1.163727,0.3490682,1,0.4285714,5,1,0,0,1,0,0,0,0,0
0,0.8542801,1.249859,0.6679905,0,0.2857143,5,1,1,0,0,0,0,0,0,1
1,-0.3404441,0.2260886,1.260275,1,1,5,1,0,0,0,0,0,0,0,1
0,0.8417022,-1.821451,0.6679905,1,0.8571429,4.75,1,0,0,0,0,0,1,0,0
0,0.8542801,0.92597,1.260275,1,1,5,1,1,0,0,0,0,1,0,0
0,0.2732899,-0.4129563,0.3490682,1,0.7142857,5,1,0,0,0,0,0,0,0,0
0,-1.561163,0.2260886,0.6686472,1,0.8571429,2.75,1,1,0,1,0,0,0,0,1
0,0.8385177,0.2956575,0.9875695,1,1,4.75,1,1,0,0,0,0,0,0,1
0,0.8542801,0.6529703,0.9406958,0,0.7142857,5,1,1,1,0,0,0,0,0,1
1,-1.587157,-0.0890676,1.260275,1,0.8571429,3.75,1,1,0,0,0,0,1,0,0
0,-0.3664385,-0.5159492,0.3490682,1,1,4.25,1,1,0,0,0,0,0,0,0
0,0.1161147,-2.451764,0.6679905,1,0.1428571,3.75,1,0,0,1,0,0,0,0,0
0,-0.3664385,-0.3373757,0.3490682,1,0.8571429,5,1,0,0,1,0,0,0,1,0
1,0.8542801,-0.8311055,0.3490682,1,0.7142857,4.75,1,0,0,1,0,0,0,0,1
0,0.8259399,0.3378141,0.6686472,1,0.8571429,5,1,0,0,0,0,0,0,1,0
0,-0.8218464,-0.0978001,0.3490682,1,0.8571429,4.75,1,0,0,0,0,0,0,0,1
1,0.3602999,-0.3795322,0.3952852,1,0.8571429,3.75,1,0,0,0,0,0,0,0,1
0,-2.582637,-0.2254846,0.6686472,1,1,4.75,0,0,0,0,0,1,0,1,0
0,-0.3506762,-0.0556436,0.9413525,1,0.8571429,4.75,1,0,0,0,0,0,0,0,1
0,0.8417022,1.241126,0.9406958,1,1,4.5,1,1,0,0,0,0,0,0,1
0,0.8542801,0.8651335,0.3021945,1,1,4.75,1,1,0,0,0,0,0,0,1
0,-0.2829252,-0.0890676,0.0301459,1,0.7142857,4.5,1,0,0,0,0,0,0,0,1
0,-0.3822008,0.1839321,0.9406958,0,0.5714286,5,1,0,0,0,0,0,0,0,1
0,-0.7158213,-0.5159492,0.3490682,0,0.4285714,4.25,1,1,0,1,0,0,0,0,1
0,-0.3664385,-0.4042238,0.3490682,1,0.7142857,4.75,1,0,0,0,0,0,0,1,0
0,-0.3246819,-0.9764206,0.3490682,0,1,4.5,1,0,0,0,0,0,0,0,0
1,-0.1537779,0.2260886,0.6679905,1,0.7142857,4.75,1,0,0,0,0,0,0,0,1
0,0.2019738,-0.4129563,0.3490682,0,0.8571429,4.5,1,1,0,0,0,0,1,0,0
0,-0.3664385,0.2260886,0.9406958,1,0.4285714,4.75,1,0,0,0,0,0,0,0,1
1,0.8960367,0.2260886,0.6217735,0,0.5714286,4.75,1,0,0,0,0,0,0,0,1
1,-0.3664385,-0.0890676,0.6679905,1,0.8571429,4.25,1,1,0,1,0,0,0,0,1
0,0.4146344,1.249859,0.9875695,0,0.8571429,5,1,1,0,0,0,0,1,0,0
1,-0.3822008,0.2260886,0.3497249,1,0.8571429,5,1,0,0,0,0,0,0,0,1
0,0.683376,0.2260886,0.0301459,0,0.8571429,5,1,0,0,1,0,0,0,0,0
0,-0.3664385,-1.47015,0.076363,1,0.7142857,5,1,1,0,0,0,0,0,1,0
0,-0.3687843,-0.0890676,0.076363,1,0.8571429,5,1,0,0,0,0,1,1,0,0
1,-0.2829252,-1.240522,1.260275,1,1,4.75,1,1,0,0,0,0,0,1,0
0,0.1704492,0.6442378,0.9875695,0,0.8571429,4.5,1,0,0,0,0,0,1,0,0
0,-0.3664385,0.2260886,0.6686472,0,0.7142857,4.75,1,0,0,0,0,0,1,0,0
0,0.3602999,1.283283,0.3490682,1,0.4285714,4.5,1,1,0,1,0,0,0,0,1
0,0.8676965,-0.0556436,0.6679905,0,0.8571429,4.75,1,0,0,1,0,0,0,0,1
0,0.4146344,-0.4129563,0.6679905,1,0.8571429,4.75,1,0,0,0,0,0,0,0,0
0,0.2732899,0.2260886,0.0294892,0,0.8571429,5,1,0,0,1,0,0,0,1,0
0,-0.3664385,0.2260886,0.6679905,0,1,4.75,1,0,0,0,0,0,0,0,1
1,-1.067183,0.2260886,0.076363,1,0.8571429,5,1,1,0,0,0,0,0,0,1
1,-1.770258,-0.0556436,-0.2425593,1,0.7142857,4.25,1,0,0,0,0,0,0,0,1
0,-0.3506762,-1.052001,-0.2894331,0,0.8571429,4.5,1,0,1,0,0,0,1,0,0
1,-0.8218464,-0.0978001,-0.2894331,1,1,4.5,1,0,0,0,1,0,0,0,1
0,-0.1088368,-0.4216887,-0.2900898,1,0.5714286,4.25,0,1,1,0,0,0,1,0,0
0,0.2153903,1.249859,-0.243216,1,0.2857143,5,1,1,1,0,0,0,1,0,0
0,-0.3246819,-0.0890676,-0.8817173,1,0.8571429,4.25,1,0,1,0,0,0,0,0,0
0,0.8802744,0.2260886,-0.2900898,0,0.5714286,5,0,0,1,0,0,0,0,0,0
0,0.2019738,0.2260886,-1.201296,1,0.4285714,5,1,1,1,0,0,0,0,0,1
0,0.2019738,-0.7281125,-1.745393,0,0.8571429,4.5,1,1,0,0,0,1,0,0,1
0,0.8007842,0.2260886,-1.520219,1,0.8571429,4.75,1,0,1,0,0,0,0,0,1
0,0.7377105,1.283283,-1.839141,1,1,3,1,0,0,0,0,0,0,1,0
1,-0.2238747,-1.154994,-0.5621383,1,0.7142857,3.75,1,0,0,0,0,1,0,0,1
0,0.3965263,0.3290816,-0.5621383,0,0.8571429,4.75,1,0,1,0,0,0,0,0,1
0,0.5171881,0.6442378,-0.8348436,1,0.8571429,4.5,1,1,1,0,0,0,0,0,1
1,-1.383578,0.2260886,-0.2887764,1,0,4.75,1,0,0,1,0,0,0,0,0
0,0.2890522,-0.0890676,-0.2894331,0,0.7142857,5,1,1,1,0,0,0,0,0,1
0,-0.483008,-0.5072168,-0.5621383,0,0.8571429,3.75,1,1,1,0,0,0,0,1,0
1,0.1964435,-0.925366,-0.2425593,1,1,5,1,0,0,1,0,0,0,0,1
1,-0.353022,-1.403302,-0.8817173,1,0.8571429,5,1,0,1,0,0,0,0,0,1
0,0.0606293,0.9347024,-1.20064,1,0.8571429,4,1,1,1,0,0,0,0,0,1
0,-0.3664385,-0.0978001,-0.2894331,1,1,5,0,1,0,0,1,0,0,0,1
0,0.8960367,-0.0890676,-0.2894331,1,1,4,1,1,1,0,0,0,0,0,1
0,-0.3246819,-0.0556436,-0.2425593,1,0.7142857,4.75,1,1,1,0,0,0,1,0,0
1,-0.182118,0.6442378,-0.8817173,1,0.8571429,4,1,0,0,0,0,0,0,0,1
0,-0.3404441,-0.4042238,-0.2894331,0,0.7142857,4,1,1,0,0,0,0,0,0,1
0,-0.2332681,-0.8311055,-1.155079,1,1,5,1,0,1,0,0,0,0,0,1
0,0.4146344,-1.427994,-0.8817173,1,0.8571429,4.25,1,0,1,0,0,0,0,0,1
0,0.3728777,0.5499773,-0.2894331,1,0.5714286,5,1,0,1,0,0,0,0,0,0
0,0.6676137,-0.0556436,-1.201296,1,0.8571429,4.25,1,0,1,0,0,0,1,0,0
0,0.8542801,1.565015,-1.154423,1,0.8571429,4.5,1,1,0,0,0,0,1,0,0
0,0.1669525,0.2260886,-0.5621383,1,0.4285714,4.75,1,0,1,0,0,0,0,1,0
0,0.8542801,-0.1920606,0.3490682,1,0.5714286,4.75,1,0,1,0,0,0,0,0,1
0,-0.3664385,-0.0556436,-0.0167278,0,1,4.75,1,1,1,0,0,0,0,0,1
0,0.8259399,0.6442378,0.9406958,0,0.7142857,5,0,1,1,0,0,0,0,1,0
0,-0.9190885,-0.0890676,0.3490682,0,0.8571429,4.75,0,1,1,0,0,0,1,0,0
0,0.8802744,1.146866,0.6686472,1,0.5714286,4,1,0,0,0,0,0,0,1,0
0,0.8542801,-0.4650603,0.9406958,1,0.8571429,4,1,1,1,0,0,0,0,1,0
0,0.5250499,-0.6859559,-0.0167278,1,0.5714286,4.25,1,0,0,0,1,0,0,0,1
0,-0.3664385,0.2260886,0.6217735,0,1,5,1,1,1,0,0,0,0,0,1
0,0.8960367,0.5499773,0.6211168,1,0.8571429,4.5,1,1,1,0,0,0,1,0,0
0,-0.483008,0.2260886,0.0301459,0,0.7142857,4.75,1,1,1,0,0,0,0,0,1
0,0.3276244,0.5499773,0.0301459,0,0.5714286,5,1,1,1,0,0,0,1,0,0
0,0.8542801,0.098404,0.3021945,0,0.5714286,5,1,0,1,0,0,0,1,0,0
0,-0.9506131,-0.3373757,0.3497249,1,0.8571429,4.75,1,0,0,1,0,0,0,0,1
1,0.8960367,-0.6102098,0.3490682,0,0.8571429,4.25,0,0,1,0,0,0,1,0,0
0,0.2437304,-0.4042238,0.0294892,0,0.4285714,4.75,1,0,1,0,0,0,1,0,0
0,0.8960367,0.6442378,0.0294892,1,0.8571429,4.5,1,0,1,0,0,0,1,0,0
0,0.8542801,0.2260886,0.6679905,0,0.1428571,4,1,1,1,0,0,0,0,0,1
1,-0.3822008,0.5078208,0.9875695,1,0.8571429,5,0,1,0,0,1,0,0,0,1
0,0.8960367,1.565015,0.0288325,1,1,3.75,1,0,1,0,0,0,0,1,0
0,0.3728777,1.283283,0.0757063,1,0.7142857,5,1,0,1,0,0,0,0,1,0
0,0.8542801,0.92597,1.260275,1,1,4.25,1,0,1,0,0,0,1,0,0
1,0.8960367,-1.249255,0.3490682,0,0.8571429,4.5,1,0,0,0,0,0,0,0,1
0,0.8542801,1.565015,0.3490682,0,1,4,1,1,1,0,0,0,1,0,0
0,-0.3664385,-0.5072168,0.0770197,1,0.4285714,5,0,0,0,1,0,0,0,0,0
0,-0.5531048,-0.2254846,0.6679905,1,0.7142857,4.75,1,1,0,0,1,0,0,0,0
0,0.8542801,-0.0890676,0.3490682,1,0.8571429,5,1,1,0,0,0,0,0,0,0
1,-0.3947787,-1.104105,0.3490682,1,0.8571429,4.75,1,0,0,0,0,0,0,0,0
1,0.8542801,1.565015,0.0301459,1,1,3.25,1,0,0,0,0,0,0,0,1
0,0.8542801,0.959394,0.6211168,0,0.2857143,5,1,1,1,0,0,0,0,0,1
0,-0.3822008,0.0139254,0.3490682,1,0.8571429,5,1,0,1,0,0,0,0,0,1
0,0.8385177,0.8651335,-0.0173845,1,0.5714286,5,1,1,0,1,0,0,0,0,1
0,0.8542801,1.241126,0.3484115,1,0.7142857,5,0,0,1,0,0,0,0,0,1
1,0.5250499,-0.6612644,0.9406958,0,0.4285714,3.75,0,1,1,0,0,0,0,0,0
1,-0.3246819,-0.3707998,0.3490682,1,0.7142857,4.25,1,1,0,0,0,0,0,0,1
0,-0.3664385,-0.5072168,1.260275,1,0.5714286,5,1,0,1,0,0,0,0,0,1
0,0.97955,1.565015,0.6686472,1,0.4285714,4.5,1,1,1,0,0,0,0,0,1
0,0.2732899,-1.939354,0.3497249,1,0.8571429,5,0,0,1,0,0,0,0,0,1
0,-0.3246819,0.2260886,0.0294892,1,0.8571429,4.25,1,1,1,0,0,0,0,0,1
0,0.1307261,-0.6525319,0.0308026,1,1,3.75,1,1,1,0,0,0,0,0,1
1,-0.1245991,0.2260886,0.3952852,1,0.8571429,4,1,0,0,0,0,1,0,0,1
0,0.302781,1.565015,0.3021945,0,1,5,1,0,1,0,0,0,1,0,0
0,0.1862115,0.0473494,0.6679905,0,0.8571429,4.25,1,0,0,0,0,1,0,1,0
0,-0.9190885,-0.3795322,0.076363,1,0.4285714,3.75,1,1,1,0,0,0,0,0,0
0,0.8542801,0.2260886,0.0294892,0,0.5714286,5,0,0,1,0,0,0,0,1,0
0,-0.0842804,-0.5072168,-1.201296,1,0.8571429,5,1,0,1,0,0,0,0,1,0
0,0.7298487,1.249859,-0.4683908,0,0.8571429,5,1,0,1,0,0,0,0,0,1
0,-0.5554506,-0.4737927,-0.5614816,1,0.7142857,3.75,1,0,0,0,0,0,0,0,0
0,0.2437304,1.249859,-0.243216,0,0.7142857,4.75,1,0,0,0,1,0,0,0,0
0,0.6676137,-0.8311055,-0.5621383,1,0.7142857,4.5,1,1,1,0,0,0,0,0,1
1,-0.3664385,-0.3373757,-0.5621383,0,0.5714286,4,1,0,0,0,0,0,0,1,0
0,-0.3979631,0.2260886,-0.2425593,0,0.7142857,4.5,1,1,0,0,0,1,1,0,0
1,-0.3246819,0.2260886,-0.5621383,0,1,5,1,0,1,0,0,0,0,0,0
0,0.8542801,0.92597,-1.566436,1,0.4285714,5,1,0,1,0,0,0,0,0,0
0,-0.5720515,0.92597,-1.520219,0,0.8571429,4.5,1,1,0,0,1,0,0,0,1
1,-0.8615696,-0.4129563,-1.199983,1,0.8571429,3.75,1,1,0,0,0,0,0,0,1
1,-0.2829252,0.6442378,-1.199983,1,0.5714286,3.5,1,1,0,0,0,0,0,0,1
0,-0.3664385,0.2260886,-0.3356501,1,0.2857143,4,1,0,1,0,0,0,0,1,0
1,0.8542801,0.9681265,-1.154423,1,1,4.25,1,0,0,0,0,0,0,1,0
1,-0.3246819,-1.112838,-0.5621383,0,0.8571429,4.5,1,0,1,0,0,0,0,0,1
0,-0.3246819,-1.112838,-1.839141,0,0.7142857,4.25,1,0,1,0,0,0,0,0,1
0,-0.7190057,-0.0890676,-0.2894331,1,0.8571429,4.25,1,1,1,0,0,0,0,0,1
1,-1.689115,0.0051929,-1.520219,1,1,2.5,1,0,1,0,0,0,0,0,0
0,-0.9316664,0.0473494,-1.29373,1,0.4285714,4.5,1,0,0,0,0,1,0,1,0
0,-0.3664385,-0.0978001,-0.2894331,0,0.8571429,4.75,1,0,0,0,0,0,0,0,1
0,-0.9214343,0.2260886,-1.20064,0,0.7142857,4.75,0,1,0,0,0,1,0,1,0
0,-0.3664385,-2.170032,-0.2425593,1,0.7142857,4.5,1,0,0,0,0,0,0,0,0
0,-0.2963417,0.959394,-1.20064,1,1,4.5,1,1,1,0,0,0,0,0,1
1,0.044867,-0.3795322,-1.474002,1,0.8571429,4,1,0,1,0,0,0,0,1,0
1,-0.1789336,0.2348211,-0.562795,1,0.7142857,3.75,1,1,0,0,0,0,0,1,0
0,-0.8060842,0.2260886,-0.5621383,1,0.7142857,4.75,1,0,1,0,0,0,0,0,1
1,-0.1955345,-1.112838,-2.384551,0,0.7142857,4,1,0,1,0,0,0,0,0,1
1,-1.151008,0.7287164,-0.9272776,1,0.8571429,4,1,1,0,0,0,0,0,0,1
0,0.683376,-0.1833281,-0.5621383,1,0.7142857,5,1,1,0,0,1,0,0,1,0
0,-0.3404441,0.2260886,-0.2425593,0,0.8571429,3.5,1,0,0,0,0,0,0,0,1
0,-1.07976,-0.6859559,-0.243216,1,0.8571429,4.25,1,0,1,0,0,0,1,0,0
0,0.4146344,-0.4129563,-0.243216,0,0.2857143,5,1,1,1,0,0,0,0,0,0
1,-0.3664385,0.2260886,-0.6090121,1,1,4.5,1,0,1,0,0,0,0,0,1
0,0.6416194,-0.6612644,-0.2894331,1,0.8571429,5,1,1,0,0,0,0,0,1,0
0,0.8259399,1.241126,-0.8355003,0,0.5714286,5,1,1,0,0,1,0,0,0,1
0,-0.8761809,0.5499773,-1.74605,1,0.5714286,4.5,1,0,1,0,0,0,0,1,0
0,-0.3664385,0.2260886,-0.2894331,1,0.8571429,4.5,1,1,0,0,0,0,0,0,0
1,-1.388225,0.2260886,-1.20064,0,0.4285714,5,1,1,0,0,0,0,0,1,0
0,0.0992015,-0.0978001,-2.384551,1,0.7142857,4.5,1,0,0,0,0,1,1,0,0
0,0.3445376,-0.3707998,-0.5621383,1,0.8571429,4.75,1,1,0,0,0,0,0,0,1
0,0.683376,-0.0978001,-0.2425593,1,0.4285714,5,1,0,1,0,0,0,1,0,0
0,-0.3664385,0.2260886,0.3490682,1,1,5,1,0,0,0,0,0,0,0,1
0,0.6676137,0.2260886,0.6679905,1,1,4.25,0,1,1,0,0,0,0,0,1
0,0.8542801,0.2260886,0.0294892,1,0.8571429,5,1,1,1,0,0,0,0,0,1
1,-1.57573,0.2260886,1.260275,1,0.5714286,3.75,1,1,0,0,0,1,0,0,1
0,0.3602999,-0.3795322,0.3021945,1,0.7142857,4.5,1,0,1,0,0,0,0,1,0
1,-0.3664385,-0.0890676,0.3028512,1,0.8571429,4.5,0,0,1,0,0,0,0,1,0
0,0.8834589,0.2260886,0.0294892,1,1,5,1,1,0,0,0,0,0,0,1
1,-0.3664385,-0.4129563,1.260275,1,0.8571429,5,1,0,1,0,0,0,0,0,1
0,0.6801916,-0.4129563,0.6679905,1,0.7142857,3.25,1,1,1,0,0,0,0,0,1
0,0.8542801,1.565015,1.260275,1,1,5,1,1,1,0,0,0,1,0,0
0,-0.3664385,0.2260886,0.9875695,1,0.7142857,3.75,1,0,0,1,0,0,0,0,0
0,-1.062847,-0.3099633,0.3952852,0,0.5714286,4.25,1,0,0,0,1,0,0,0,1
1,-1.955487,0.2260886,0.3490682,0,0.4285714,4.25,1,0,1,0,0,0,0,0,1
1,0.4146344,0.2260886,0.076363,1,0.7142857,4.75,1,1,1,0,0,0,0,0,1
1,-0.3822008,0.2260886,0.6679905,1,0.8571429,4.5,1,0,0,0,0,0,0,0,1
0,0.7999455,-0.5493733,0.3490682,0,0.8571429,4,1,0,1,0,0,0,0,1,0
0,0.8645121,1.565015,1.260275,0,0.4285714,5,1,1,0,0,0,0,0,0,0
0,0.8417022,0.2260886,0.9875695,1,1,4,1,1,0,0,0,0,0,0,1
1,0.4248665,-1.436726,0.3490682,1,0.2857143,4.5,1,1,0,0,0,1,0,0,0
0,0.6959539,0.9172375,0.3484115,1,0.8571429,4.75,1,0,1,0,0,0,0,0,1
0,-0.3664385,-0.3707998,1.260275,1,1,4.25,0,0,0,0,0,0,0,0,1
0,0.7999455,0.0051929,0.9875695,1,0.8571429,5,1,0,0,0,0,0,0,0,0
0,0.8542801,1.565015,0.6211168,0,1,5,1,0,1,0,0,0,0,0,1
0,0.8227555,-0.4129563,0.3490682,0,1,3.75,1,0,1,0,0,0,0,0,1
1,0.1862115,-0.0890676,0.9406958,1,1,5,1,1,1,0,0,0,0,0,1
0,0.2019738,-0.9676881,0.3490682,1,0.5714286,4.5,1,0,1,0,0,0,0,0,0
0,0.8542801,0.9681265,0.6679905,0,0.7142857,4.75,1,1,0,0,0,0,0,1,0
0,0.3059654,0.2260886,-0.0167278,1,0.7142857,3.75,1,1,1,0,0,0,0,0,0
0,0.4438132,0.6529703,0.3490682,0,0.8571429,4.5,1,1,1,0,0,0,0,0,1
0,-0.1955345,-0.4216887,0.6217735,1,0.8571429,3,1,0,0,0,0,0,0,1,0
0,0.6676137,0.9681265,1.260275,1,0.7142857,4.5,1,0,1,0,0,0,0,0,1
0,0.8417022,-0.0978001,0.0294892,0,1,3.75,1,1,0,0,0,0,0,0,1
0,0.3728777,-2.203456,0.3490682,1,0.8571429,4.75,1,1,1,0,0,0,1,0,0
0,-0.3562064,0.6442378,0.0308026,1,1,4,1,1,0,0,0,1,0,1,0
1,0.6156108,-0.3608523,1.260275,1,0.8571429,3.5,0,1,1,0,0,0,0,0,1
1,-0.3664385,-0.0890676,-0.2425593,1,1,4.5,1,0,0,0,0,0,0,0,1
1,0.8542801,-1.094158,-1.29373,1,0.7142857,3.75,1,1,0,0,0,0,0,0,1
0,-0.3664385,-0.7976814,-0.5621383,1,0.8571429,4.5,1,1,0,0,0,1,0,0,1
0,0.30163,-0.0282311,-0.2425593,1,1,4.25,1,1,0,0,0,0,0,1,0
0,0.1149638,1.283283,-0.2894331,1,1,4.75,1,0,1,0,0,0,1,0,0
0,0.8542801,1.565015,-0.2425593,1,0.8571429,4.75,1,0,0,0,0,1,0,1,0
1,-0.3246819,0.8229769,-0.2894331,1,0.8571429,5,1,1,0,0,0,0,1,0,0
1,0.8542801,1.241126,-0.6090121,0,0.7142857,4.5,1,1,0,0,0,0,0,0,1
1,0.1149638,-0.6946884,-0.6083553,0,1,4.75,1,1,0,0,0,0,0,0,1
0,-0.1211024,1.565015,-1.473345,1,0.7142857,5,1,1,0,0,0,0,1,0,0
0,-0.8060842,0.2260886,-1.839141,1,0.5714286,3.5,1,0,1,0,0,0,1,0,0
0,0.6676137,-0.4129563,-0.8355003,1,0.5714286,4.25,1,0,1,0,0,0,0,0,0
1,-1.561163,-0.0556436,-0.6083553,1,0.8571429,3,1,0,0,0,0,0,0,1,0
1,-0.2081124,-1.112838,-0.8810606,1,1,4,1,0,0,0,0,0,0,0,1
1,-0.3664385,-1.146262,-0.5159213,1,0.5714286,4,1,0,0,0,0,0,0,0,1
0,-0.3664385,-0.6859559,-0.5621383,1,0.7142857,4.25,1,0,0,0,0,0,0,0,0
1,-0.420773,0.2260886,-0.5621383,1,0.7142857,5,1,1,0,0,0,0,1,0,0
1,0.30163,-0.3707998,-0.243216,1,1,5,1,0,0,0,0,0,0,0,1
1,-0.2829252,-0.822373,-0.243216,1,0.2857143,5,1,1,1,0,0,0,1,0,0
0,0.7219483,-0.0890676,-0.2900898,1,0.8571429,4,1,0,1,0,0,0,0,0,1
1,0.3988721,-0.6859559,-1.839141,0,0.8571429,3.75,1,0,1,0,0,0,0,0,1
0,-0.3506762,0.2260886,-2.384551,1,0.2857143,3.75,0,1,1,0,0,0,1,0,0
0,0.8542801,-1.112838,-0.2425593,1,0.7142857,5,1,0,1,0,0,0,0,1,0
0,-0.3664385,0.2260886,-0.2894331,1,0.5714286,4.25,1,0,0,0,0,0,1,0,0
0,-0.0196996,1.565015,-0.8817173,1,1,2.25,1,0,1,0,0,0,0,1,0
1,-0.8773319,0.2260886,-0.9272776,1,0.7142857,4.75,1,1,0,0,0,0,0,0,1
1,-0.3979631,-0.9676881,-1.519562,1,0.8571429,4.25,1,0,0,0,0,0,0,0,1
0,-0.1537779,-0.3373757,-0.2900898,0,0.8571429,4.75,1,1,0,0,0,0,0,0,1
0,0.8259399,1.565015,-0.2900898,1,0.7142857,5,1,0,1,0,0,0,1,0,0
1,-0.8501866,0.2260886,-0.516578,1,0.1428571,4.25,1,0,1,0,0,0,0,0,0
0,-0.4401005,-0.4129563,-1.154423,0,1,4,1,0,0,0,0,0,0,0,0
1,-0.6074393,-1.47015,-0.5159213,1,0.8571429,4.75,1,0,0,0,0,0,0,0,1
0,-0.3822008,-0.4042238,-0.5621383,1,0.8571429,5,1,1,0,0,1,0,0,0,1
0,-0.3822008,-0.0890676,-0.5634518,1,1,5,1,0,1,0,0,0,0,0,1
1,-0.5405269,-0.0890676,-0.882374,1,0.8571429,3.25,1,1,0,0,0,0,0,1,0
1,0.8542801,1.283283,-0.4690475,1,0.7142857,5,1,1,0,0,0,0,0,0,1
1,-0.2986875,-1.112838,-0.6090121,1,0.8571429,4.5,1,0,0,0,0,0,1,0,0
0,-0.3822008,-0.3707998,-1.427128,1,0.8571429,4.75,1,1,0,0,0,0,0,0,0
0,-1.470588,-0.0978001,-2.111846,1,0.7142857,4.75,1,0,1,0,0,0,0,0,1
0,0.1862115,-0.0978001,-0.8348436,1,0.5714286,4.75,1,0,1,0,0,0,0,1,0
0,0.5250499,-0.6004279,-0.9279343,1,1,4.5,1,1,0,0,0,0,0,0,1
0,-0.5948614,0.2260886,-1.520219,0,0.5714286,5,1,1,0,0,0,0,0,0,1
0,0.4146344,-0.8497854,-1.792924,0,1,4,1,0,1,0,0,0,0,0,1
0,0.3185433,-0.0469111,1.260275,1,0.4285714,3.5,1,0,0,0,0,0,0,0,1
1,0.683376,0.2260886,0.0301459,1,0.7142857,4.5,1,1,1,0,0,0,0,0,1
0,0.8227555,0.2348211,0.7148643,1,0.8571429,5,1,1,1,0,0,0,0,0,1
0,0.8542801,0.2260886,0.0301459,0,1,5,1,1,1,0,0,0,0,0,0
0,-0.3506762,0.2260886,0.3490682,1,0.5714286,5,1,1,0,0,0,0,0,0,1
1,-0.3246819,-0.3707998,0.0294892,1,1,5,1,1,0,0,0,0,1,0,0
1,0.8676965,-0.3373757,0.3490682,1,0.8571429,4.75,1,1,0,1,0,0,1,0,0
1,-0.3664385,-0.4216887,0.395942,1,0.8571429,4.75,1,1,0,0,0,1,1,0,0
0,0.6676137,-0.0978001,0.3490682,1,0.8571429,4.5,1,1,1,0,0,0,0,0,1
0,-0.2829252,0.2260886,0.0301459,0,0.4285714,5,0,1,0,0,1,0,0,0,0
0,0.6518515,-2.127875,0.0294892,1,0.8571429,4.75,1,1,0,0,0,1,0,0,1
0,0.069642,1.565015,0.3490682,1,0.8571429,3.5,1,1,1,0,0,0,0,0,1
0,-0.3404441,-0.4042238,0.3490682,1,0.8571429,4.25,1,1,0,0,0,0,1,0,0
0,0.8417022,-0.1920606,0.3490682,1,0.8571429,5,1,1,0,0,0,0,0,1,0
0,-0.3664385,-0.4216887,0.3490682,1,0.7142857,4.25,1,1,0,0,0,0,1,0,0
0,-0.3664385,-0.4042238,0.3484115,1,1,5,1,0,1,0,0,0,0,0,1
1,-1.375647,-1.846143,0.0294892,1,1,4,1,1,1,0,0,0,1,0,0
0,0.3728777,0.1839321,0.0301459,0,1,4,1,1,1,0,0,0,0,0,1
1,-0.3664385,-0.4042238,0.3490682,0,0.7142857,4.25,1,0,0,0,1,0,0,1,0
0,-1.648173,-0.9340984,0.7148643,1,0.7142857,3.5,1,0,0,0,0,0,0,1,0
1,0.7637049,0.5078208,0.6679905,0,1,4.25,1,0,0,0,0,0,1,0,0
1,-0.2081124,-0.5072168,0.3490682,1,0.8571429,4.5,1,0,0,0,0,0,0,0,1
0,-0.3664385,-0.0890676,0.0757063,1,0.8571429,4.25,1,1,0,0,0,0,0,1,0
0,0.8960367,-0.0556436,0.3021945,1,0.7142857,5,1,1,1,0,0,0,0,0,1
0,0.8960367,0.2260886,0.3490682,1,0.7142857,4.75,1,1,1,0,0,0,0,0,1
0,-0.1663557,0.2260886,0.0294892,1,0.5714286,4.5,1,0,0,0,0,0,0,0,0
1,0.8542801,-1.070681,0.9406958,1,0.8571429,4.75,1,0,0,0,0,0,1,0,0
1,0.2858678,0.6863943,0.6686472,1,1,3.75,1,0,0,0,0,0,0,1,0
0,0.8542801,-0.4129563,0.9406958,1,0.4285714,5,1,1,1,0,0,0,1,0,0
0,0.3988721,-0.4042238,0.9406958,1,0.8571429,4.5,1,1,0,0,0,0,0,0,1
0,0.6959539,-1.427994,0.6217735,1,0.7142857,5,1,1,1,0,0,0,0,0,1
1,0.8542801,-0.4216887,0.3490682,1,0.8571429,4.25,1,0,0,0,0,0,0,0,1
1,-0.3790164,-0.4129563,0.3490682,0,1,4.5,1,0,0,0,0,0,0,1,0
0,0.8417022,0.098404,0.6217735,1,0.8571429,5,1,0,1,0,0,0,0,0,1
0,-0.5247647,0.3625056,0.3028512,1,0.7142857,4.5,1,0,0,0,0,0,0,1,0
0,0.8542801,0.2260886,1.260275,1,0.8571429,4,1,1,1,0,0,0,1,0,0
1,0.3445376,-1.709726,0.0294892,1,1,5,1,0,0,0,0,0,0,0,1
1,0.8960367,-0.0978001,0.6679905,1,1,4.25,1,1,0,0,0,0,0,0,1
0,0.7999455,0.2260886,0.6679905,1,0.7142857,5,1,1,0,0,0,1,0,0,1
0,0.3602999,0.2348211,0.3484115,1,1,4.5,1,1,1,0,0,0,0,0,1
0,-0.3506762,0.2260886,0.0294892,1,1,4.5,1,1,1,0,0,0,1,0,0
0,0.1149638,0.5412448,0.9875695,1,0.8571429,4,1,0,0,0,0,0,1,0,0
0,-0.3664385,-0.0978001,0.3490682,1,0.8571429,5,1,0,0,0,0,0,0,0,0
0,-0.3404441,0.2260886,0.076363,0,0.7142857,4.5,1,1,1,0,0,0,1,0,0
1,0.8542801,-0.0556436,0.6679905,1,0.8571429,4.75,1,0,0,0,0,0,0,1,0
0,0.8542801,1.565015,0.3490682,1,0.4285714,5,1,1,1,0,0,0,0,0,1
1,-0.3822008,0.2260886,0.3490682,1,0.4285714,4.75,1,0,0,0,0,0,0,1,0
1,-0.3144498,0.2260886,0.3490682,1,0.7142857,4.75,1,0,0,0,0,1,0,0,1
0,-0.244353,1.565015,0.3490682,1,0.8571429,4.25,1,0,0,0,0,0,0,0,1
0,-0.3664385,-1.112838,0.3490682,1,0.8571429,4.25,1,1,1,0,0,0,0,0,1
1,0.8960367,-0.0978001,0.395942,1,0.8571429,4.75,0,1,0,0,0,0,0,0,1
1,0.8417022,1.565015,0.3484115,1,0.7142857,4.75,1,1,1,0,0,0,0,1,0
0,-1.523741,0.0807735,-0.0173845,1,0.8571429,4.5,1,0,1,0,0,0,0,0,1
0,0.8417022,0.2260886,0.3497249,0,0.7142857,5,1,1,1,0,0,0,0,0,1
1,-0.5247647,-0.4129563,-2.384551,1,0.7142857,4.5,0,1,0,1,0,0,0,0,0
0,-0.483008,-0.0890676,-0.5621383,1,0.8571429,4,1,1,0,1,0,0,0,1,0
1,-0.3246819,-0.3954913,-0.5621383,1,1,4.5,1,1,0,0,0,0,0,0,1
0,-0.3924329,0.2260886,-0.5621383,0,0,4.5,1,1,0,1,0,0,0,1,0
0,0.7692596,0.6195462,-1.792267,1,0.7142857,5,1,0,0,0,0,0,0,1,0
1,0.4146344,-0.788949,-1.199983,1,0.8571429,4,1,1,0,0,0,0,1,0,0
0,-0.3246819,-1.427994,-0.6083553,1,0.8571429,4.25,1,1,0,1,0,0,0,0,0
0,-0.3562064,0.2260886,-0.5159213,0,0.8571429,4.75,1,1,0,0,1,0,0,0,1
1,-0.1663557,0.2260886,-2.384551,1,0.2857143,4.75,1,1,1,0,0,0,0,0,1
1,0.8385177,0.5078208,-0.562795,1,0.5714286,5,1,0,0,0,0,0,0,0,0
1,-0.3664385,-0.4216887,-1.20064,1,1,5,1,1,0,0,0,0,1,0,0
0,0.3862942,0.8229769,-0.9279343,1,0.5714286,5,1,1,0,1,0,0,0,0,1
0,0.8385177,0.5078208,-1.20064,1,0.5714286,5,1,0,0,0,1,0,0,1,0
0,-0.3915942,-0.9676881,-0.9279343,1,0.8571429,4,1,0,0,0,0,0,0,0,0
0,0.3728777,-1.060734,-0.9279343,0,0.4285714,4.75,1,1,1,0,0,0,0,1,0
0,-0.2081124,-0.4216887,-1.20064,0,0.8571429,4.5,1,0,0,0,0,0,0,0,1
0,-0.7958521,-0.3707998,-0.5621383,0,0.8571429,4.5,0,1,0,0,0,0,1,0,0
0,-0.8376088,-0.0978001,-0.5621383,1,0.7142857,3.75,1,0,0,0,0,0,1,0,0
1,-0.4987703,0.959394,-1.154423,1,1,4.5,1,0,0,0,0,0,1,0,0
0,0.1964435,-1.146262,-0.2425593,1,0.7142857,4.75,1,0,0,1,0,0,0,0,0
0,-0.3664385,-1.249255,-0.2894331,1,0.8571429,5,0,1,0,1,0,0,0,0,1
0,-0.3664385,-1.112838,-0.2425593,0,1,4.5,1,0,0,1,0,0,0,0,1
0,-0.3664385,0.2260886,-0.2425593,1,1,4.25,1,0,0,1,0,0,0,0,1
0,-0.1797722,0.2260886,0.3952852,1,0.4285714,4.5,1,1,1,0,0,0,0,0,1
1,-0.3214974,-2.451764,0.076363,1,0.5714286,4,1,1,0,0,0,0,1,0,0
1,0.2925347,-0.0890676,0.0301459,0,0.7142857,4,1,0,0,0,0,0,1,0,0
0,0.8802744,1.565015,0.3490682,0,0.8571429,4.75,1,0,0,1,0,0,0,0,1
0,-0.647758,-0.4129563,0.0301459,1,0.8571429,4.5,1,1,0,0,0,0,1,0,0
0,-0.3664385,0.2260886,0.076363,1,0.7142857,4,1,0,0,0,0,0,0,0,1
0,0.2019738,0.2260886,1.260275,1,0.5714286,5,1,1,0,1,0,0,0,0,0
0,0.6936081,-0.7976814,0.076363,1,0.8571429,4.25,1,0,1,0,0,0,1,0,0
0,0.1023859,-0.3707998,0.0294892,1,0.8571429,4.75,1,1,0,0,0,0,0,0,1
0,-1.758061,1.565015,0.0294892,1,0.8571429,4.5,1,0,0,0,0,0,1,0,0
0,0.8542801,-0.5072168,-0.1956856,0,0.8571429,5,1,1,0,1,0,0,0,0,0
0,-0.1380156,0.92597,0.6679905,1,1,4.5,1,0,0,0,0,0,1,0,0
1,-0.1245991,0.0051929,-0.2425593,0,1,5,0,0,0,0,0,1,1,0,0
0,0.3728777,0.9681265,-0.2894331,1,1,4,1,0,0,1,0,0,0,0,0
0,-0.3664385,-1.112838,0.6217735,1,0.5714286,5,1,1,0,1,0,0,0,0,0
1,0.922031,0.6195462,0.0301459,1,1,5,1,0,0,0,0,0,0,0,0
0,-0.3246819,-0.8311055,0.3490682,1,0.4285714,5,1,1,0,1,0,0,0,0,0
0,-0.2986875,-0.4042238,0.0770197,1,0.8571429,4.75,0,0,0,0,0,0,0,0,1
0,-0.3664385,0.9681265,0.0301459,0,0.8571429,5,1,1,1,0,0,0,1,0,0
0,-0.5247647,0.2260886,0.3490682,0,0.4285714,4.75,1,1,0,1,0,0,0,0,1
1,-0.3562064,-0.8311055,0.9875695,1,0.5714286,4.75,1,0,0,0,0,0,1,0,0
1,0.8802744,0.2260886,0.3490682,1,1,5,1,0,0,0,0,0,0,0,1
0,0.1546869,0.2260886,-0.2887764,1,0.4285714,4.25,1,0,0,0,0,0,0,0,1
0,0.8385177,-0.6425844,0.9406958,0,1,5,1,0,0,1,0,0,0,0,0
1,0.3728777,-0.0890676,0.0294892,0,1,4.75,1,1,0,0,0,0,1,0,0
1,-0.3947787,-0.0556436,-0.2887764,1,1,4.75,1,0,0,0,0,0,1,0,0
0,-0.2829252,-1.803986,-0.6076986,0,0.5714286,4,1,1,1,0,0,0,1,0,0
1,0.2449498,-1.104105,-1.20064,1,1,4.5,1,0,0,1,0,0,0,0,1
1,-0.3246819,-0.6946884,-0.9279343,1,1,4,1,0,0,1,0,0,0,0,0
1,0.3410409,-0.0890676,-0.2894331,1,1,4.25,1,1,0,0,0,0,0,0,0
0,0.8417022,-0.5072168,-0.2894331,1,0.4285714,4.5,1,1,0,1,0,0,0,1,0
1,-0.3664385,0.2260886,-2.384551,1,0.5714286,4.75,1,0,0,0,0,0,0,0,1
0,0.3602999,-1.291577,-1.20064,1,0.8571429,4.25,1,0,0,0,0,1,0,1,0
1,-0.420773,0.2260886,-0.9272776,1,0.8571429,4,1,1,0,0,0,0,0,0,1
1,0.3445376,-0.4129563,-0.9272776,1,0.7142857,4.25,1,1,0,0,0,0,0,0,0
1,-0.8773319,-0.4129563,-0.5621383,1,0.8571429,4.75,1,1,0,0,0,0,1,0,0
0,0.8551187,0.2260886,-2.111846,1,0.5714286,4.5,0,1,0,1,0,0,0,0,0
1,-2.223701,-2.451764,-0.5621383,1,1,3,1,0,0,0,0,1,0,0,1
0,-0.3947787,0.2348211,-1.154423,1,0.8571429,5,1,0,0,1,0,0,0,0,1
0,0.8542801,0.2260886,-0.5621383,0,0.7142857,5,1,1,0,1,0,0,0,0,0
1,-0.3664385,-0.1920606,-0.243216,0,0.7142857,3.75,1,0,0,1,0,0,0,0,1
1,-0.3915942,-0.9676881,-1.201296,1,0.8571429,4.5,1,0,0,0,0,0,0,0,1
0,-0.3246819,0.2260886,-0.2425593,1,0.5714286,3.5,1,0,1,0,0,0,0,0,1
1,-0.9541782,-1.291411,-0.5614816,1,0.8571429,4.75,1,1,0,1,0,0,1,0,0
0,-0.1923501,-1.037091,-0.2907465,0,0.4285714,3.5,1,1,0,0,0,0,0,0,0
0,-0.3822008,-0.6946884,-0.8817173,0,0.7142857,4.75,1,1,0,0,0,0,0,0,1
0,0.2098742,1.241126,-1.74605,1,0.2857143,5,1,1,0,1,0,0,0,1,0
0,-0.4231188,-0.7467924,-0.8348436,0,1,4.75,1,0,0,0,1,0,1,0,0
0,-0.0232648,-0.3795322,-1.792267,1,1,5,1,1,0,0,0,0,0,0,1
0,-0.3822008,0.2260886,-0.5621383,0,0.8571429,4.25,1,0,0,0,0,0,0,0,0
0,-0.9316664,-0.5581058,-1.473345,0,0.5714286,4.75,1,1,0,0,0,0,0,0,0
0,0.1149638,-0.8398379,-1.792267,1,0.8571429,4.75,1,1,1,0,0,0,1,0,0
0,-0.9316664,0.3290816,-0.562795,1,0.8571429,4.5,1,1,1,0,0,0,0,0,1
0,0.8259399,0.2260886,-0.2894331,1,0.7142857,4.75,1,1,0,0,0,1,1,0,0
1,-0.3979631,-1.615465,-1.473345,0,0.8571429,3.75,1,0,0,0,0,0,0,0,0
0,0.1149638,-0.0890676,-0.8817173,1,0.8571429,4.75,1,0,0,1,0,0,1,0,0
0,-0.3562064,-0.4216887,-0.1501253,1,0.4285714,3.5,1,0,1,0,0,0,0,1,0
0,-0.3246819,-1.018577,-0.8817173,1,0.7142857,4,1,0,1,0,0,0,0,0,1
0,0.142109,-0.7281125,-0.5159213,0,0.7142857,5,1,0,0,1,0,0,1,0,0
0,0.8385177,1.565015,-0.2900898,1,0.8571429,4.75,1,0,1,0,0,0,0,0,1
1,0.0992015,0.2260886,-0.2425593,1,1,4.75,1,1,0,0,0,0,0,0,1
0,0.8676965,-0.6612644,-0.243216,0,0.7142857,4.5,1,0,1,0,0,0,0,1,0
0,-0.3506762,-1.367157,-1.792924,1,1,5,1,1,0,0,0,1,0,0,1
0,0.2019738,-0.0556436,-0.6083553,1,0.8571429,5,1,1,0,0,0,1,0,0,0
0,-0.9891853,0.5499773,-1.246857,1,0.8571429,4.25,1,0,0,0,0,1,0,0,1
0,0.8542801,-0.6525319,0.3490682,0,0.4285714,5,1,0,0,0,0,0,0,1,0
1,0.8960367,-1.112838,0.3497249,1,0.7142857,4.25,1,0,0,0,0,0,0,0,1
0,-0.3664385,0.2260886,1.260275,1,0.5714286,3.75,0,0,1,0,0,0,0,0,0
0,0.8542801,1.565015,0.6217735,1,0.7142857,4.75,1,0,0,0,0,1,0,0,1
1,-0.3947787,-0.1920606,0.3490682,1,0.7142857,4.75,1,0,0,0,0,0,0,0,0
0,0.3445376,-0.6525319,0.3490682,0,1,4.5,1,0,0,0,0,1,0,0,0
1,0.8417022,0.2260886,-0.0167278,1,1,4.5,1,0,0,0,0,0,1,0,0
0,0.8542801,0.2260886,0.3490682,0,1,4.75,1,0,0,1,0,0,0,0,0
1,-0.2116091,1.565015,-0.0173845,1,0.8571429,4,1,1,0,1,0,0,0,0,1
0,0.8259399,0.1926646,0.7148643,0,0.7142857,4.75,1,1,1,0,0,0,0,0,0
0,-1.377993,-2.451764,0.6217735,0,0.7142857,4.5,1,0,1,0,0,0,1,0,0
0,-0.8060842,-0.0890676,0.9406958,1,0.8571429,4.75,1,1,0,1,0,0,0,0,0
0,-3.154614,-1.266885,0.3952852,1,0.4285714,4.75,1,0,0,0,0,0,0,0,1
1,-0.2081124,0.2260886,0.9875695,1,1,4.25,1,0,0,0,1,0,1,0,0
0,0.1433039,-0.3795322,1.260275,0,1,5,1,1,0,0,0,0,1,0,0
0,-0.3664385,0.2260886,0.9406958,0,1,5,1,0,0,0,0,0,0,0,1
0,0.8960367,0.5078208,1.260275,1,1,4.5,1,1,0,1,0,0,1,0,0
0,0.8542801,0.959394,0.9406958,0,0.7142857,4.75,1,1,0,0,0,1,0,0,0
1,0.8542801,-0.5072168,0.3490682,1,0.7142857,4.75,1,1,0,0,0,0,0,0,1
0,0.8542801,1.565015,1.260275,1,0.4285714,4.25,1,1,1,0,0,0,0,0,0
0,0.5589448,0.2260886,0.0294892,0,0.7142857,4,1,0,1,0,0,0,0,0,1
0,-0.3506762,-0.0556436,0.0301459,1,1,4,1,0,0,0,0,0,1,0,0
1,-0.3822008,-0.013487,0.0294892,1,1,5,1,0,1,0,0,0,0,0,1
0,0.8542801,0.0807735,1.260275,0,0.4285714,5,1,1,0,1,0,0,1,0,0
0,0.8542801,0.6108137,0.6679905,1,0.8571429,4,1,0,0,0,0,0,0,1,0
0,0.8542801,1.249859,-0.0167278,1,0.8571429,4.5,1,0,0,1,0,0,0,0,1
0,-0.2081124,0.2260886,0.3490682,0,0.8571429,4.75,1,0,0,0,0,0,0,0,1
0,0.8385177,-0.6946884,0.6217735,1,1,4,1,1,0,0,0,1,0,0,0
0,-0.3664385,-0.3373757,0.7148643,1,0.8571429,5,1,0,0,0,0,0,1,0,0
0,0.8542801,1.283283,0.3028512,1,1,2.75,1,1,0,1,0,0,1,0,0
0,0.8960367,0.5499773,0.6217735,1,0.8571429,5,1,1,1,0,0,0,1,0,0
1,-0.3664385,-0.4216887,0.3484115,1,0.7142857,3.5,1,0,0,1,0,0,1,0,0
1,0.8542801,0.6195462,0.9413525,1,0.5714286,4.25,1,0,0,1,0,0,0,0,0
0,-0.1505934,0.2260886,0.3490682,0,0.8571429,5,1,0,1,0,0,0,1,0,0
1,0.8417022,0.3625056,0.0294892,1,0.8571429,4.25,1,0,0,0,0,0,0,0,0
1,0.1724827,0.2260886,0.3490682,0,0.7142857,4.5,1,1,0,0,1,0,1,0,0
1,-0.9565098,-1.888299,0.3490682,1,1,2.5,1,0,0,0,0,0,0,0,1
1,0.6258571,-1.539719,0.3490682,0,0.8571429,4.25,1,1,0,0,0,1,1,0,0
0,0.2019738,-0.0890676,0.0294892,1,0.5714286,5,1,1,1,0,0,0,0,0,1
0,0.7999455,0.5412448,0.6679905,1,1,4.25,1,1,0,0,0,0,0,0,1
1,-0.3506762,0.2260886,0.3490682,1,1,4.5,1,0,0,0,0,0,0,0,1
0,0.8542801,0.2260886,1.260275,0,1,4.5,1,0,0,0,0,0,0,0,0
0,0.8542801,1.565015,1.260275,0,1,5,1,1,0,0,0,1,0,0,0
0,0.2732899,-0.6859559,0.0301459,1,0.7142857,4.25,1,1,0,0,0,0,1,0,0
0,0.8960367,0.5078208,0.3021945,1,0.8571429,5,1,0,0,0,0,0,1,0,0
0,-0.3664385,-0.3373757,0.076363,1,1,4.75,0,1,0,1,0,0,0,1,0
1,-0.3246819,-0.6946884,-0.0167278,1,0.8571429,4.25,0,0,1,0,0,0,1,0,0
0,0.8960367,1.565015,0.6217735,1,1,5,1,0,0,0,0,0,0,1,0
1,-0.3664385,0.2260886,0.3490682,0,0.8571429,4.5,1,1,0,0,0,0,0,0,1
0,0.8542801,-0.5680532,0.0294892,0,1,4,1,0,0,0,0,1,0,0,0
0,0.3445376,0.2260886,0.0294892,0,0.8571429,4.75,1,0,0,0,0,0,0,0,0
0,0.683376,0.5499773,0.3490682,1,1,3.75,1,1,0,0,0,0,0,0,1
0,0.1307261,0.5078208,0.3490682,1,1,4.5,1,1,0,0,0,0,0,0,1
0,-0.2081124,0.2260886,0.6211168,1,0.7142857,4.75,1,0,0,1,0,0,1,0,0
0,-0.2545851,-0.788949,-0.0167278,0,0.7142857,3.75,1,0,1,0,0,0,0,1,0
1,-0.5948614,0.2260886,0.076363,1,1,5,1,1,0,0,0,0,0,0,1
1,0.4146344,0.2260886,0.395942,0,0.7142857,4.75,1,0,0,1,0,0,1,0,0
0,0.97955,-2.127875,1.260275,0,0.7142857,5,0,1,0,1,0,0,0,0,0
0,0.1149638,-0.0890676,0.6679905,1,1,4.5,1,1,0,0,0,0,1,0,0
1,-0.8773319,0.2260886,-1.839141,0,0.7142857,3.75,1,0,0,0,0,0,0,0,1
0,0.6676137,0.2260886,-0.8817173,1,1,3,1,1,0,0,0,0,0,0,0
0,-0.5531048,-0.3795322,-0.8817173,0,0.2857143,4.5,1,1,0,0,0,0,0,0,0
0,-0.2081124,0.2260886,-0.8817173,1,0.8571429,4.25,1,1,0,0,0,0,1,0,0
1,-0.8501866,-0.3707998,-1.519562,1,0.7142857,3.5,1,0,0,0,1,0,0,0,0
0,0.2019738,-0.0890676,-0.2887764,1,0.8571429,5,1,1,0,0,0,0,0,1,0
1,-0.483008,0.2260886,-1.20064,1,0.7142857,3.5,1,0,0,0,0,0,0,0,1
0,-0.3664385,-1.079414,-0.2894331,0,0.7142857,4,1,1,0,0,0,0,0,0,1
0,-0.3664385,0.3203491,-0.8810606,1,0.8571429,4.75,1,1,0,0,1,0,0,0,1
0,-0.3687843,-0.5072168,-2.064972,1,0.4285714,5,1,0,0,0,0,1,0,0,0
0,-1.077415,-0.0556436,-0.5621383,0,0.8571429,3.75,1,1,0,0,0,0,0,0,1
0,0.7637049,-0.0890676,-0.5621383,1,1,5,1,1,0,0,0,0,0,0,1
1,-0.3664385,-0.0890676,-2.384551,1,1,4.75,1,1,0,0,0,0,0,0,1
0,0.3398215,-0.4042238,-0.9279343,1,0.4285714,4.5,0,1,0,1,0,0,0,0,1
1,-0.9860008,-0.4129563,-0.8348436,0,1,2.5,1,1,0,0,0,0,0,0,1
0,-0.4231188,-0.9851531,-1.74605,1,0.7142857,4.75,1,1,0,0,0,0,0,0,0
0,-0.4365353,-0.9676881,-0.8817173,1,1,4.75,1,1,0,0,0,0,0,0,1
0,-0.3664385,-0.0556436,-0.5159213,0,1,4.5,1,0,0,0,0,0,0,0,0
0,-0.8478408,-0.6946884,-0.2425593,1,0.8571429,4,1,0,0,0,0,0,0,0,1
1,-0.3144498,-0.4042238,-1.473345,1,1,4.25,1,1,0,0,0,0,0,0,1
0,-0.1380156,0.2260886,-0.2894331,0,1,4.75,1,0,0,0,0,0,0,0,0
0,-0.3246819,0.2260886,-0.2887764,1,0.5714286,4,1,0,0,0,0,0,0,0,0
0,-0.3664385,-0.822373,-0.9285911,1,1,4.75,1,0,0,0,0,0,0,0,1
0,0.1862115,1.283283,-1.20064,1,0.7142857,5,1,0,0,0,1,0,1,0,0
0,0.3445376,0.2260886,-0.243216,0,1,4.75,1,0,0,0,0,0,0,0,1
0,0.3988721,0.8317094,-0.243216,1,0.7142857,4.25,1,0,0,0,0,0,1,0,0
0,-0.3822008,-0.5159492,-0.2894331,1,0.7142857,4.25,1,0,0,0,0,0,0,0,1
1,-0.6503469,-0.6946884,-0.2425593,1,0.8571429,4.5,1,1,0,0,0,0,1,0,0
0,-0.5656826,0.1839321,-0.2425593,0,0.5714286,4,1,0,0,0,0,0,1,0,0
0,-0.3979631,-0.4042238,-0.2900898,1,0.7142857,4,1,0,0,0,0,0,0,0,1
0,-0.3924329,0.3203491,-1.20064,1,0.8571429,4.75,1,1,0,0,0,0,0,0,0
0,-0.2081124,-0.5159492,-0.2894331,0,1,4.75,1,0,0,0,0,0,0,0,1
0,0.6676137,-0.1920606,-0.2425593,1,0.8571429,4.5,1,1,0,0,0,0,0,0,1
1,-0.5247647,-0.3707998,-0.5621383,1,0.2857143,4.5,1,0,0,0,1,0,1,0,0
1,-0.5113482,-0.0890676,-0.8348436,1,1,4.25,1,1,0,0,0,0,1,0,0
0,-0.3664385,-0.8311055,-0.2887764,1,1,3,1,1,0,0,0,0,0,0,1
1,-0.3664385,1.283283,-0.2425593,1,0.8571429,3.75,1,0,0,0,0,0,0,0,1
0,0.8802744,-0.3795322,-0.5621383,1,0.8571429,4.75,1,0,0,0,0,0,0,0,0
0,-0.3664385,-1.751882,-0.2894331,1,0.8571429,4.5,1,0,0,0,0,0,0,0,1
1,-0.3822008,-0.4129563,-0.8810606,1,0.7142857,3.75,1,0,0,0,0,0,0,0,1
1,-0.3664385,-2.127875,-0.8341869,1,0.7142857,3.75,1,0,0,0,0,0,0,0,1
0,-0.5790992,-2.451764,-0.2894331,0,0.5714286,4,1,1,0,0,0,0,0,0,1
1,0.8960367,0.959394,-0.2894331,1,1,4,1,1,0,0,0,1,0,0,1
0,-0.3664385,-0.0890676,-1.473345,1,0.5714286,5,1,1,0,0,0,0,1,0,0
1,0.683376,0.6442378,-0.2894331,1,0.7142857,4.5,1,1,0,0,0,0,1,0,0
1,-0.2829252,-1.821451,-1.20064,0,0.7142857,4.75,1,1,0,0,0,0,0,0,0
0,-0.7035305,-1.879567,-1.519562,1,0.5714286,5,1,0,0,0,0,0,0,0,1
0,0.8259399,-0.3373757,-0.8817173,0,1,5,1,0,0,0,0,0,0,0,1
1,-1.641492,-1.291577,-1.153766,1,0.7142857,3.75,1,0,0,0,0,0,0,0,0
1,-0.3144498,-0.9676881,-0.2425593,0,0.7142857,4.5,1,0,0,0,0,0,0,0,0
1,-0.353022,-1.112838,-0.2425593,1,0.7142857,4.5,1,0,0,1,0,0,0,0,1
1,0.3185433,0.2260886,-1.153766,1,0.8571429,4.5,1,0,0,0,0,0,0,0,1
0,0.0606293,-0.1920606,0.0294892,0,0.5714286,4.5,1,0,0,0,0,0,1,0,0
0,0.8960367,-0.4042238,0.3490682,1,1,4.5,1,0,0,0,0,0,1,0,0
0,-0.3404441,-0.8311055,0.3490682,0,0.8571429,4.5,1,0,0,0,0,0,0,0,0
1,-0.3664385,-0.3707998,0.0301459,1,0.8571429,3,1,0,0,0,0,0,0,0,1
1,0.1567204,-0.4129563,0.3028512,1,0.5714286,4.75,1,1,0,0,0,0,0,0,1
1,0.8259399,-0.6525319,0.395942,1,0.8571429,4.5,1,0,0,0,0,0,0,0,1
0,-0.420773,-0.0556436,0.7148643,1,0.7142857,5,1,0,0,0,0,0,0,0,0
0,0.3988721,0.2260886,1.260275,1,0.5714286,5,1,1,0,0,0,0,1,0,0
1,0.3851434,1.283283,0.6217735,1,1,4.25,1,1,0,0,0,0,0,0,1
0,0.8676965,0.5499773,0.6679905,0,0.7142857,4.5,1,0,0,0,0,0,1,0,0
0,-0.3664385,-0.9676881,0.0301459,1,1,5,1,0,0,0,0,0,1,0,0
0,-0.8218464,-0.0978001,0.3490682,0,0.8571429,4.25,1,0,0,0,0,0,0,0,1
0,0.6801916,1.241126,1.260275,1,0.7142857,4.25,1,1,0,0,0,0,1,0,0
1,-0.420773,-0.0890676,1.260275,1,0.5714286,3.75,1,1,0,0,0,0,0,0,1
1,0.8802744,0.6442378,1.260275,0,0.8571429,4.5,1,1,0,0,0,0,1,0,0
1,-0.2671629,-1.47015,1.260275,1,1,3.75,1,1,0,0,0,0,0,1,0
0,-0.182118,-0.4216887,0.076363,1,1,4.5,1,1,0,1,0,0,0,0,1
0,-0.3822008,-0.0556436,0.0294892,1,1,5,1,0,0,0,0,0,0,0,1
0,0.8542801,0.2260886,0.3490682,0,0.8571429,5,1,0,0,0,0,0,0,0,0
0,-0.3664385,0.2260886,0.6679905,1,0.8571429,4.5,1,1,0,0,0,0,1,0,0
0,-0.3822008,-2.170032,0.3490682,0,0.8571429,4.75,1,0,0,0,0,0,0,0,1
0,0.8259399,0.6863943,0.9413525,1,1,4.5,1,0,0,0,0,0,0,0,1
0,-0.3246819,-0.1920606,0.3490682,1,0.8571429,4.5,1,0,0,0,0,0,0,0,0
0,-0.017368,-0.3795322,0.6217735,1,0.8571429,4,1,1,0,0,0,0,0,0,0
1,-0.3664385,0.2260886,0.3490682,1,0.8571429,4.5,1,1,0,0,0,0,0,0,1
0,0.922031,-2.033615,0.6686472,0,0.7142857,4.25,1,0,0,1,0,0,1,0,0
0,-0.3404441,-0.3707998,0.076363,1,1,4.5,1,0,0,0,0,0,0,0,0
0,0.2019738,-0.3707998,0.0294892,1,0.5714286,4.75,1,1,0,0,0,1,0,0,0
1,0.3602999,0.2260886,0.3490682,0,0.5714286,5,1,0,1,0,0,0,0,0,1
0,0.8542801,-0.0890676,0.3490682,1,0.2857143,1.25,1,0,0,0,0,1,0,0,1
1,0.4406288,-1.436726,0.3490682,0,0.4285714,4.25,1,1,0,0,0,1,0,0,1
0,-0.3664385,-0.0556436,0.0294892,1,1,4.25,1,1,0,0,0,0,1,0,0
0,-1.532823,0.2260886,0.6686472,1,0.8571429,4.5,1,0,0,0,0,0,0,0,1
1,-0.3278663,-0.0890676,0.3490682,1,0.7142857,5,1,1,0,0,0,1,0,0,1
0,-0.2829252,0.2260886,0.0301459,1,0.7142857,4.75,1,0,0,0,0,0,1,0,0
1,-0.3246819,-1.573143,0.3490682,0,1,4.25,1,0,0,0,0,0,0,0,1
0,0.1862115,0.8229769,0.6679905,1,0.7142857,4.75,1,1,0,0,0,0,1,0,0
0,0.8960367,0.5078208,0.6224302,1,0.8571429,4.5,1,1,0,0,0,0,0,0,1
0,-0.1017892,-1.64889,0.9875695,1,0.8571429,5,1,0,0,0,0,0,0,0,1
0,-0.3632541,0.2260886,1.260275,0,0.4285714,4.5,1,0,0,0,0,0,1,0,0
0,-0.8930941,-0.5072168,0.6686472,1,0.8571429,4.75,1,0,0,0,0,0,0,0,0
0,-0.3664385,0.1926646,0.0294892,1,1,4.75,1,1,0,0,0,1,1,0,0
0,0.8645121,0.5078208,0.3490682,0,1,4.5,1,0,0,0,0,0,1,0,0
1,-0.3144498,-0.1312241,1.260275,1,0.7142857,4.5,1,0,0,1,0,0,0,0,1
1,0.8802744,0.2260886,0.0301459,1,1,3.75,1,1,0,0,0,0,0,0,1
1,-0.647758,-0.9764206,-0.0167278,1,0.7142857,4.5,1,1,0,0,0,0,0,0,1
0,-0.3506762,-1.249255,0.3490682,0,0.8571429,4.5,1,1,0,0,0,0,0,0,1
1,-0.7800898,-1.104105,1.260275,1,0.5714286,4.25,0,0,0,0,0,0,0,0,1
1,-0.3144498,-0.3707998,0.3490682,1,0.1428571,4.5,1,0,0,0,0,0,1,0,0
0,0.2472956,0.959394,0.6211168,1,1,4,1,0,0,0,0,0,0,0,1
1,0.8542801,0.92597,0.6224302,1,1,5,1,1,0,0,0,0,0,0,1
0,0.8101776,0.2781926,0.6217735,1,0.8571429,4.75,1,0,0,0,0,0,0,0,1
0,-0.3562064,-1.846143,0.3490682,1,0.4285714,4.75,1,0,0,0,0,0,0,0,0
0,0.8542801,0.3105673,-0.0154144,1,0.8571429,5,1,1,0,0,0,1,0,0,1
1,-0.4467674,-1.173674,0.3490682,1,0.5714286,4.5,1,1,0,1,0,0,0,0,1
1,0.8291243,-1.48883,0.6679905,1,0.8571429,5,1,1,0,0,0,0,1,0,0
0,-0.3664385,-0.9676881,0.9406958,1,0.8571429,4.75,0,0,0,0,0,0,1,0,0
0,0.8542801,1.565015,0.3490682,0,0.8571429,4.75,1,1,0,0,0,0,0,0,1
1,0.3851434,-0.2765392,0.6224302,1,1,4,1,1,0,0,0,0,0,0,1
1,-0.8513375,-1.060734,0.3497249,1,0.7142857,3.75,1,0,0,0,0,1,0,0,1
0,-0.3822008,-0.1065326,0.9413525,0,0.8571429,4.5,1,1,0,1,0,0,1,0,0
0,-0.3664385,0.9347024,0.3484115,1,0.7142857,4.75,1,0,0,0,0,0,0,0,1
1,-0.3404441,-1.257987,-1.519562,1,1,4.25,1,0,0,0,0,0,0,0,1
0,-0.2829252,-1.367157,-0.5621383,1,0.4285714,4.25,1,0,0,0,1,0,1,0,0
1,-0.3664385,0.2260886,-0.2894331,1,0.8571429,4.5,1,0,0,1,0,0,0,0,1
0,-0.9801726,-0.0890676,-0.2894331,0,1,4.25,1,0,0,0,1,0,1,0,0
0,0.3433867,-0.0978001,-0.9279343,0,0.8571429,4.25,1,1,0,0,0,0,0,0,1
0,-0.3664385,0.0139254,-0.5621383,1,0.8571429,4.25,1,0,0,0,0,0,1,0,0
1,-1.428831,0.2260886,-1.519562,0,0.8571429,4.5,0,0,0,0,0,0,1,0,0
0,-1.089993,0.2260886,-0.243216,0,0.8571429,4.75,1,0,0,0,1,0,0,0,1
0,0.4406288,-0.0890676,-0.2887764,1,0.8571429,4.25,1,1,0,0,0,0,0,0,1
0,-0.3664385,0.2260886,-0.2425593,1,0.8571429,3.5,1,0,0,0,0,1,0,1,0
1,-0.3790164,-2.033615,-0.5621383,0,1,4.5,0,1,0,0,0,0,1,0,0
1,-0.8670998,0.8651335,-1.154423,1,1,4.5,0,1,0,0,0,0,0,0,0
0,0.2744408,0.2260886,-0.5621383,0,0.7142857,4.75,1,0,0,0,0,0,0,0,0
0,-0.3246819,0.2260886,-0.5621383,0,0.8571429,4.25,1,0,0,0,0,0,1,0,0
0,-0.420773,-0.788949,-0.8817173,1,0.7142857,4.5,1,0,0,0,1,0,0,1,0
0,-0.3790164,-0.0556436,-1.566436,0,0.8571429,3.25,1,1,0,0,0,0,0,0,1
0,-0.3404441,-1.39457,-0.2887764,0,0.8571429,4.25,1,0,0,0,0,0,0,0,0
0,0.5896165,-1.39457,-0.8348436,1,0.4285714,4.75,1,0,1,0,0,0,1,0,0
0,-0.3924329,-0.4042238,-0.5146078,0,1,4.75,0,1,0,0,0,0,0,0,1
0,-0.9994316,0.9681265,-2.384551,1,1,5,1,0,1,0,0,0,1,0,0
0,-0.3246819,0.2260886,-0.5621383,0,0.7142857,4.75,1,0,0,0,0,0,0,0,0
0,0.8259399,-0.2852717,-0.2894331,1,1,3.75,1,0,0,0,0,0,0,0,1
0,0.3433867,0.2260886,-0.5621383,1,0.8571429,4.5,1,0,0,0,1,0,0,0,0
0,-1.829904,-0.4042238,-0.2425593,1,1,5,1,0,0,1,0,0,0,0,1
1,-0.3924329,-1.009845,-1.201296,1,0.8571429,4.5,1,0,0,0,0,0,0,0,1
0,-0.3664385,-0.5159492,-0.2894331,1,0.8571429,4.5,1,1,0,0,0,0,0,0,1
0,-0.3664385,0.2260886,0.0294892,0,0.8571429,4.75,1,0,0,0,0,1,0,0,1
1,-0.3664385,-0.0556436,0.0294892,1,1,4.5,1,0,0,0,0,0,0,0,0
1,0.8960367,0.2260886,1.260275,0,1,4.5,1,1,0,1,0,0,1,0,0
1,-0.3979631,-0.8398379,0.0308026,1,0.8571429,4.5,1,1,0,0,0,0,0,0,1
0,0.6676137,-0.3707998,0.0294892,0,1,4.25,0,0,0,0,0,0,0,0,1
0,-0.4365353,0.3116166,0.0301459,0,0.5714286,5,1,0,0,0,1,0,0,1,0
0,0.2732899,0.2260886,0.0301459,1,0.7142857,4.75,1,1,0,0,0,0,0,0,1
0,0.8542801,-0.0556436,0.0294892,0,0.8571429,4.75,1,0,1,0,0,0,0,0,1
0,-0.3664385,-0.9764206,0.3490682,1,0.8571429,4.75,1,1,0,0,0,1,0,0,1
0,-0.3664385,-0.4216887,1.260275,1,0.8571429,5,1,1,0,0,0,0,0,0,1
0,0.8802744,-0.3707998,0.9875695,0,0.8571429,5,1,0,0,0,0,0,0,0,0
0,-0.1955345,-0.4129563,0.0301459,1,0.5714286,4.75,1,1,0,0,1,0,1,0,0
0,-0.1537779,-0.4737927,0.6217735,0,1,4,1,1,0,0,0,0,0,0,1
0,-0.3246819,-0.0556436,0.6686472,0,0.5714286,4.75,1,1,0,0,0,0,0,1,0
1,-0.2081124,0.6442378,0.3021945,0,0.8571429,4.25,1,0,0,1,0,0,0,0,0
0,0.3988721,-0.0978001,0.0301459,1,0.8571429,4.25,1,1,0,0,0,0,0,0,0
0,0.6676137,0.2260886,0.3490682,1,1,4.5,1,1,1,0,0,0,0,0,1
0,0.8802744,-0.4129563,0.6686472,1,1,3.75,0,0,0,0,0,0,1,0,0
1,0.7093704,0.959394,0.0308026,1,0.8571429,4.5,1,1,0,0,0,0,0,0,1
1,-0.3144498,-0.822373,0.3484115,1,0.8571429,4.75,1,0,0,0,0,0,1,0,0
0,-0.3506762,-0.1920606,0.0301459,1,0.8571429,4.5,1,1,0,0,0,1,0,0,1
0,-0.3664385,-0.3707998,0.3490682,1,0.7142857,4.75,1,0,0,0,0,0,0,0,0
0,0.8960367,-0.0890676,0.9406958,1,0.5714286,5,1,1,0,0,0,1,1,0,0
1,-0.3947787,-0.0890676,0.395942,1,0.8571429,4.75,1,1,0,0,0,0,0,0,1
0,-1.384729,0.5078208,1.260275,0,0.8571429,3.25,1,0,0,0,0,1,0,0,1
0,-0.3664385,-0.0978001,0.3490682,0,1,4.5,1,0,0,0,0,0,0,0,0
0,0.8259399,1.241126,0.6686472,1,0.8571429,5,1,0,0,0,0,0,0,0,1
0,0.4146344,-2.170032,0.9413525,1,0.7142857,4.75,1,1,0,1,0,0,0,0,1
0,-0.3506762,-0.0556436,0.0294892,0,0.8571429,4.75,0,1,0,0,0,0,0,0,1
0,-0.3404441,0.2260886,0.3490682,1,0.8571429,4,0,1,0,0,0,0,1,0,0
0,0.3445376,0.6442378,1.260275,0,1,5,1,0,0,0,0,0,1,0,0
0,0.4146344,0.6529703,0.6679905,1,0.5714286,5,1,1,0,0,0,0,0,0,1
0,-0.1537779,-0.0890676,0.6679905,1,0.4285714,4.75,1,0,0,0,0,0,1,0,0
0,0.7999455,0.2260886,0.0301459,1,0.7142857,3,1,1,0,0,0,0,0,0,1
0,-0.3822008,-0.6191079,0.0294892,1,1,3.5,1,0,0,1,0,0,0,0,1
1,0.1987893,-0.5159492,0.0301459,1,0.8571429,4.75,1,0,0,0,0,0,0,0,0
0,0.8960367,0.6442378,0.3490682,0,1,4.5,1,1,0,0,1,0,0,0,1
0,0.6416194,1.283283,0.6679905,1,1,4.5,1,1,0,0,0,0,1,0,0
0,0.8542801,0.2260886,0.3490682,1,0,4.5,1,0,0,1,0,0,1,0,0
0,-0.3947787,-1.39457,-0.8348436,0,0.8571429,4.25,1,0,0,0,0,0,0,0,0
0,-0.8761809,-1.427994,-0.8348436,1,1,4,1,0,0,0,0,0,1,0,0
1,-0.3246819,0.2260886,-0.243216,1,1,4,1,1,0,0,0,0,0,0,1
0,-0.8060842,-0.3707998,-0.3356501,0,0.8571429,4.5,1,1,0,0,0,1,0,1,0
0,-0.3664385,0.2260886,-0.243216,1,1,4.25,1,0,0,0,0,0,0,0,1
1,-0.2206902,-0.0556436,-0.5621383,1,1,3,0,1,0,0,0,0,0,0,1
1,-0.3246819,-0.4042238,-0.2881196,1,0.8571429,3.75,1,0,0,0,0,0,0,0,1
1,0.2539625,0.3290816,-0.8341869,1,1,4.75,1,0,0,0,0,0,0,0,1
0,-1.144327,-0.3373757,-0.1963423,0,0.7142857,4.75,1,1,0,0,0,0,1,0,0
1,-1.491066,-0.8311055,-1.426471,1,1,4,1,1,0,0,0,1,0,0,1
0,0.3862942,-1.333733,-1.519562,1,1,3,1,1,0,0,0,1,0,0,0
0,0.8960367,0.2260886,-0.5621383,1,1,5,1,1,0,0,1,0,1,0,0
1,-1.416253,-0.0890676,-0.6076986,1,0.8571429,3.75,1,0,0,0,0,0,0,0,1
1,-0.5656826,-1.112838,-2.064972,1,0.8571429,4,1,0,0,0,0,1,0,0,1
1,0.7219483,-0.3372101,-1.29373,1,1,4.5,1,0,0,0,0,0,0,1,0
1,-0.973423,0.2260886,-0.243216,1,1,4,1,0,0,0,0,0,0,0,1
1,-1.644676,0.2260886,-0.8817173,1,0.5714286,4.75,1,1,0,0,0,0,0,0,1
0,0.8259399,-2.127875,-1.201296,1,1,4.75,1,1,0,0,0,0,0,0,0
1,-2.54088,-1.009845,-1.153766,1,0.2857143,2.75,1,0,0,0,0,0,0,0,0
1,0.2279681,-1.624198,-0.2887764,1,0.7142857,3.5,0,1,0,1,0,0,0,0,1
0,-0.2081124,-0.3707998,-0.5614816,0,0.7142857,3.75,0,1,0,0,0,0,1,0,0
0,-0.6980144,-0.6946884,-1.108206,1,0.7142857,4,1,0,0,0,0,0,0,0,0
0,-0.6074393,-1.052001,-1.154423,1,1,4.5,1,0,0,0,0,0,0,0,0
0,-0.3664385,0.2260886,-1.199983,1,0.4285714,5,1,0,0,0,1,0,1,0,0
0,0.1862115,-1.385837,-1.839141,1,0.1428571,4.75,1,0,0,0,0,0,1,0,0
0,-0.2081124,0.5078208,-0.2425593,1,1,5,1,0,0,0,0,0,0,0,1
0,0.3445376,0.2260886,-0.2900898,1,1,4.25,1,0,0,0,0,0,0,0,0
0,-0.8773319,-0.8311055,-0.2425593,1,0.7142857,3.5,0,1,0,0,0,0,1,0,0
0,0.261863,-0.2431152,-2.384551,0,0.8571429,4.5,1,0,0,0,0,0,0,0,1
0,-1.388225,-1.052001,-0.2425593,1,0.7142857,5,1,0,0,0,0,0,1,0,0
0,-0.2081124,-0.0978001,-1.153766,0,0.5714286,4.75,1,1,0,0,0,0,0,0,1
1,-0.126037,0.6863943,-0.5146078,1,0.5714286,4.75,0,0,0,0,0,1,0,0,1
1,-0.3404441,-0.9764206,-0.2887764,1,1,5,1,0,0,1,0,0,0,0,1
0,-2.155569,-0.3795322,-0.2894331,0,0.7142857,4.75,1,0,0,0,0,0,0,0,0
1,0.8960367,-1.300309,-0.8817173,1,0.7142857,3.75,1,1,0,0,0,0,0,0,0
1,-2.113813,-1.615465,-2.064972,1,0.4285714,4.25,1,0,0,0,0,0,1,0,0
0,-0.3822008,-1.949136,-0.2900898,1,0.8571429,4.25,1,0,0,0,0,0,0,0,1
1,-0.4050107,-0.5072168,-0.6083553,1,0.8571429,4.5,1,1,0,0,0,0,0,0,1
0,-0.3506762,-0.3707998,-1.153766,0,1,3.5,1,1,0,0,0,0,0,0,1
1,-1.558817,-2.451764,-0.5621383,1,0.8571429,3.75,0,0,0,0,0,0,0,0,0
1,0.683376,-0.4216887,-1.473345,1,1,4.25,1,0,0,0,0,0,0,0,0
0,-0.4333509,0.2260886,-1.108206,1,1,5,1,1,0,0,0,0,0,0,1
0,-0.8218464,0.2260886,-2.384551,1,0.8571429,4.25,1,0,0,0,0,0,0,0,1
1,-1.532823,-0.1312241,0.6217735,1,0.5714286,4.25,1,0,0,0,0,0,0,0,1
0,-0.1663557,0.6442378,0.0294892,1,0.7142857,4.25,1,1,0,0,0,0,1,0,0
0,0.8960367,-0.3707998,0.6211168,0,0.8571429,4.5,1,0,0,1,0,0,0,0,0
0,-0.3246819,-0.9764206,0.076363,0,0.5714286,4.5,1,1,0,0,0,0,0,0,1
0,0.8960367,-0.2342171,0.9406958,1,0.5714286,4.5,1,0,0,1,0,0,0,0,1
0,0.683376,0.2260886,0.6679905,1,1,4,1,1,0,0,0,0,0,0,1
0,-0.3246819,-0.4216887,0.6679905,1,0.8571429,4.75,1,1,0,0,0,0,1,0,0
0,-0.3506762,-0.0978001,0.0301459,1,1,4.5,1,1,0,0,0,1,1,0,0
1,-0.3664385,-0.8311055,0.6679905,0,0.8571429,4,1,1,0,0,0,0,1,0,0
0,0.3413532,-0.3373757,0.3490682,0,0.8571429,4.5,1,0,0,0,0,0,1,0,0
1,-0.8478408,-0.0890676,0.3490682,1,0.5714286,4.5,1,1,0,0,0,0,1,0,0
0,-0.3246819,0.2260886,0.6679905,1,1,4.5,0,1,0,0,0,0,0,0,1
0,0.1862115,-0.0890676,0.3490682,1,0.7142857,4.75,1,0,0,0,0,0,0,0,1
0,0.7944153,0.5412448,0.6679905,1,0.8571429,4.75,0,1,0,0,0,0,1,0,0
0,-0.3664385,-0.4216887,0.3490682,1,0.8571429,4.5,1,1,0,0,0,1,1,0,0
0,-0.182118,0.2260886,0.9875695,1,0.7142857,5,1,1,0,0,0,0,1,0,0
1,0.1409581,-0.7976814,0.3490682,1,1,4.25,1,1,0,0,0,0,0,0,1
1,0.8802744,0.6442378,0.9413525,1,0.7142857,5,1,0,0,0,0,0,0,0,1
0,0.2732899,0.2260886,0.0301459,1,0.8571429,4.5,1,0,0,0,0,0,1,0,0
1,0.8542801,1.565015,1.260275,1,1,4,1,1,0,1,0,0,0,0,1
1,-0.5531048,0.0051929,0.0301459,1,1,3.5,1,0,0,1,0,0,0,0,1
0,0.8417022,0.2260886,0.9875695,0,1,4.5,1,0,0,1,0,0,0,0,0
0,-0.3664385,0.2260886,0.3490682,0,1,5,1,0,0,0,0,0,1,0,0
0,-0.3664385,0.2260886,0.0757063,0,0.7142857,5,1,0,0,0,0,0,0,0,1
1,0.8960367,0.2260886,1.260275,0,1,4.25,1,0,0,0,0,0,0,0,1
0,-0.3404441,0.9681265,0.9875695,1,0.8571429,4,1,0,0,0,0,0,1,0,0
1,-0.3664385,-0.4129563,0.6686472,1,1,5,1,0,0,0,0,0,1,0,0
0,-0.3664385,0.8651335,1.260275,1,1,5,1,1,0,0,0,0,1,0,0
1,-0.3246819,0.2260886,0.7148643,1,0.8571429,4.75,1,0,0,0,0,0,0,0,1
0,-0.8636031,-1.12157,0.076363,0,0.7142857,4.5,0,0,0,0,0,1,0,0,1
1,0.1862115,-0.0890676,0.0301459,1,1,4.5,1,1,0,0,1,0,0,0,1
0,0.8385177,-0.6946884,1.260275,0,0.7142857,4.5,1,0,0,0,0,0,0,0,1
0,-1.400491,0.5078208,0.0301459,1,0.4285714,3.75,1,0,0,0,0,0,0,0,0
1,0.8960367,-0.6338519,0.6686472,0,1,4.5,1,0,0,0,0,0,1,0,0
0,-0.3246819,-0.4129563,0.076363,1,0.7142857,4,1,1,0,0,0,0,0,0,1
0,0.1862115,-0.8398379,0.6217735,0,1,4.25,1,1,0,0,0,0,1,0,0
0,0.8417022,0.9681265,0.6679905,1,1,5,1,0,0,0,0,0,1,0,0
0,0.8259399,-0.3795322,0.6679905,1,1,4.75,1,0,0,0,0,0,0,1,0
0,0.1149638,-0.6525319,0.6679905,1,1,4.5,1,0,0,0,0,0,0,0,1
0,0.8542801,-0.4216887,1.260275,1,1,4.5,1,0,0,0,0,0,0,0,1
0,0.8960367,0.5078208,0.3490682,0,0.8571429,4.5,1,1,0,0,0,0,0,0,1
0,0.1149638,0.2260886,0.9406958,1,0.8571429,4,1,1,0,0,0,1,0,1,0
1,-0.6772491,-0.736845,0.3490682,1,1,5,1,1,0,0,0,0,1,0,0
0,-0.312104,0.959394,0.3490682,0,0.8571429,5,1,1,0,0,0,0,0,0,1
0,-0.2081124,0.2260886,0.9875695,0,0.8571429,4.75,1,0,0,0,0,0,1,0,0
1,-0.3979631,-1.615465,-0.0167278,1,1,4.25,1,0,0,0,0,0,0,0,0
0,0.8960367,-0.3707998,1.260275,1,1,5,1,1,0,0,0,0,0,0,0
0,-0.3246819,-0.4042238,0.6217735,0,0.8571429,4.5,0,0,0,0,0,0,0,0,0
0,-0.1695402,0.6442378,0.3490682,0,1,4.5,1,0,0,0,0,0,0,0,1
0,-0.5857803,-0.6699969,1.260275,1,1,4.25,1,0,0,0,0,0,0,0,0
0,-0.8376088,-0.4129563,0.076363,0,0.8571429,5,1,0,0,0,0,0,0,0,1
0,0.8542801,-0.0890676,-0.6090121,1,0.5714286,4.75,1,0,0,0,0,0,1,0,0
0,-1.40784,-0.8311055,-0.1963423,1,0.8571429,4,1,0,0,0,0,0,0,0,0
0,-0.6311021,0.2260886,-0.2894331,0,1,4.75,1,0,0,0,0,0,1,0,0
0,0.6676137,-0.8311055,-0.2894331,1,0.8571429,4.75,1,0,0,0,0,1,0,0,1
0,0.6676137,-0.6191079,-0.5621383,0,0.8571429,4.5,1,0,0,0,0,0,1,0,0
0,-0.3664385,-0.4129563,-0.2894331,1,1,3.5,1,0,0,0,0,0,0,0,1
0,0.8802744,0.2260886,-1.246857,0,0.8571429,4.5,1,0,1,0,0,0,1,0,0
1,0.683376,-0.3707998,-1.839141,0,0.7142857,5,1,1,0,0,1,0,0,0,0
0,0.8802744,0.5078208,-0.5159213,0,0.8571429,5,1,0,0,0,0,0,0,0,0
0,0.8542801,-0.1137592,-0.562795,0,1,4,1,1,0,0,0,1,0,0,1
0,-0.182118,-0.8311055,-0.2894331,1,0.8571429,4.5,1,0,0,0,0,1,0,0,1
0,0.683376,0.2781926,-0.8355003,0,1,4.75,0,0,1,0,0,0,0,1,0
0,-0.8636031,-0.736845,-0.6083553,1,0.8571429,4.75,1,0,0,1,0,0,0,0,0
0,-0.3687843,-0.3707998,-0.2894331,0,0.4285714,3.75,1,0,0,0,0,0,0,0,1
0,0.4935253,1.146866,-0.243216,0,1,5,1,1,0,0,1,0,1,0,0
1,-0.2081124,0.2260886,-0.5621383,1,0.8571429,4.75,1,1,0,0,0,0,0,0,1
0,-0.1277835,-0.6946884,-0.5621383,1,0.8571429,4.5,1,0,0,1,0,0,0,0,1
0,0.8542801,0.6108137,-0.2887764,1,0.5714286,3,1,0,0,0,0,0,0,0,0
0,-0.2986875,0.6195462,-1.839141,0,0.8571429,5,1,0,0,0,0,0,0,0,0
0,-0.3404441,0.9681265,-0.9272776,1,1,4,1,0,0,0,0,0,0,0,0
1,-1.358734,-0.4216887,-1.20064,1,1,4,1,1,0,1,0,0,0,0,1
1,-0.3822008,-1.112838,-1.154423,1,0.7142857,5,1,0,0,0,0,0,0,0,0
0,-0.420773,-0.6525319,-0.5621383,0,1,4.5,1,0,0,0,0,0,0,1,0
1,-0.244353,-1.751882,-1.247513,1,0.7142857,3.75,1,1,0,1,0,0,0,0,1
1,0.683376,0.2260886,-1.792267,1,1,3.75,1,1,0,0,0,0,0,0,1
1,-0.3246819,0.2260886,-1.246857,1,0.8571429,4.5,1,0,0,1,0,0,0,1,0
0,0.8960367,0.6195462,-1.792924,0,1,5,1,0,1,0,0,0,0,0,1
0,-1.444593,-0.0890676,-1.746707,1,1,4.25,0,0,0,0,0,1,0,0,0
0,0.8542801,0.2260886,-0.2894331,0,1,4.75,0,1,0,0,1,0,1,0,0
0,0.1704492,-1.079414,0.0294892,1,0.8571429,5,1,0,0,0,0,0,0,0,1
0,0.6959539,0.92597,1.260275,0,0.7142857,4,1,1,0,1,0,0,0,1,0
0,0.9094532,0.2260886,0.6224302,0,0.7142857,4.25,1,0,0,0,0,0,0,0,0
0,0.683376,0.6442378,1.260275,1,0.7142857,4.5,1,1,0,0,0,0,0,1,0
1,-0.3664385,0.6863943,0.3021945,0,1,4.5,1,1,1,0,0,0,0,0,1
1,0.1307261,0.6442378,0.0294892,0,0.8571429,4.25,1,1,0,0,0,0,1,0,0
0,-1.121517,0.2260886,0.3490682,0,0.8571429,4.25,1,1,0,0,0,1,0,1,0
0,0.8542801,1.241126,1.260275,1,1,4.25,1,1,0,0,1,0,0,0,1
0,0.8542801,1.565015,0.6679905,1,1,5,1,1,0,0,0,0,1,0,0
0,0.3988721,0.6442378,0.9875695,1,0.7142857,4.75,1,1,0,0,0,0,1,0,0
1,0.8417022,1.241126,0.6679905,1,0.7142857,5,1,0,0,0,0,0,1,0,0
0,0.6416194,-1.615465,0.3028512,1,0.8571429,3,1,0,0,0,0,0,0,0,1
0,-1.07976,-1.436726,0.3490682,1,0.4285714,4.25,1,0,0,0,0,0,0,0,0
0,-0.2081124,-0.3795322,0.3490682,1,1,4.75,1,0,0,0,0,0,1,0,0
0,-0.3664385,-0.3795322,0.3490682,0,0.7142857,4.75,1,0,0,0,0,0,0,0,0
0,0.4146344,1.241126,1.260275,0,1,5,1,1,0,0,0,0,0,0,0
1,-0.0667679,-0.8311055,0.0301459,1,1,4.75,1,1,0,0,0,0,0,0,1
0,0.8542801,0.2260886,0.6686472,1,1,5,1,1,0,0,0,0,1,0,0
1,-0.7500032,-1.539719,0.3490682,1,1,4.75,1,1,0,0,0,0,0,0,1
0,0.2890522,0.2260886,0.3484115,0,0.4285714,4.5,1,0,0,0,0,0,0,0,0
0,0.8542801,0.4380862,1.260275,0,0.8571429,4.75,1,1,0,0,0,0,0,0,0
0,0.8417022,-0.0469111,0.076363,1,1,5,1,1,0,1,0,0,1,0,0
1,0.6392736,0.8317094,0.076363,0,0.4285714,4.5,1,0,0,0,0,0,0,0,0
0,-0.8930941,-0.6525319,0.0301459,1,0.8571429,5,1,0,0,0,0,0,0,1,0
1,-0.8060842,0.2260886,0.3490682,1,0.8571429,4,1,1,0,1,0,0,0,0,1
0,-0.5531048,-1.112838,0.3490682,0,1,3.75,1,0,0,1,0,0,0,0,1
0,-0.3664385,0.5499773,0.395942,0,0.8571429,4.5,1,1,0,1,0,0,0,0,1
0,-0.3664385,-0.3795322,0.0301459,1,0.8571429,4.25,1,1,0,1,0,0,1,0,0
0,0.8802744,0.9347024,0.6686472,1,1,4,1,0,0,0,0,1,0,1,0
1,0.8960367,-1.564411,0.6686472,1,0.8571429,5,1,0,0,0,0,0,0,0,1
0,-0.3664385,0.2260886,0.3490682,0,0.8571429,5,1,0,0,1,0,0,0,0,1
0,0.8802744,1.241126,0.0294892,1,0.7142857,5,1,0,0,0,0,1,1,0,0
0,0.8542801,0.2260886,1.260275,1,1,5,1,1,0,0,0,0,0,0,1
0,0.8542801,0.959394,0.3028512,0,0.8571429,5,1,1,0,0,0,0,1,0,0
0,0.6959539,-0.0978001,0.6217735,1,1,4.25,1,0,1,0,0,0,1,0,0
0,0.8542801,-2.451764,0.9875695,1,0.8571429,5,1,1,0,1,0,0,0,0,0
0,0.8542801,0.2260886,0.9406958,1,1,4,1,1,0,1,0,0,1,0,0
0,-0.2206902,-1.052001,-0.6090121,1,0.8571429,4.5,1,0,0,0,0,0,0,0,1
0,-0.3246819,-0.0890676,-0.6090121,1,1,4.75,1,0,0,1,0,0,1,0,0
0,0.6676137,1.283283,-1.20064,0,0.8571429,5,1,0,0,0,1,0,0,0,1
0,0.3445376,-0.0890676,-0.2894331,0,1,5,1,0,0,0,1,0,0,0,0
1,-1.925995,-0.0890676,-0.562795,0,0.7142857,4.75,1,0,1,0,0,0,0,0,0
0,-1.587157,-1.112838,-1.246857,1,0.2857143,3,1,1,0,1,0,0,1,0,0
0,-0.3687843,-0.788949,-0.5621383,1,0.8571429,4.75,1,0,0,0,1,0,1,0,0
0,0.7999455,0.5412448,-0.8817173,0,1,4.75,1,0,0,0,0,0,0,0,0
1,0.745611,-0.4042238,-0.2425593,1,0.8571429,4.5,1,0,1,0,0,0,1,0,0
0,-0.581445,0.2260886,-0.2425593,1,0.7142857,5,1,0,0,0,0,0,0,0,1
1,0.8542801,-1.39457,-0.2894331,0,0.8571429,5,1,0,0,0,0,0,1,0,0
0,0.8960367,-0.6859559,-0.5621383,1,0.8571429,5,1,0,0,0,0,0,1,0,0
1,-0.3664385,-0.0890676,-2.064972,1,0.8571429,5,1,0,0,0,0,0,0,0,0
0,-0.4073565,1.565015,-2.065629,1,1,5,1,1,0,0,1,0,0,0,1
0,-1.570175,0.2260886,-1.154423,1,0.8571429,2.75,1,1,0,0,1,0,0,0,0
0,-0.1663557,-0.7281125,-0.8817173,1,0.8571429,4.5,1,0,0,0,0,0,1,0,0
0,0.1827148,0.5499773,-0.5621383,0,0.1428571,4.75,0,1,0,0,1,0,0,0,0
0,-1.41975,1.241126,-0.2894331,1,1,4.5,1,0,0,0,1,0,1,0,0
0,0.1862115,-0.0890676,-0.9279343,1,1,4.25,1,1,0,0,1,0,0,0,1
0,0.7873677,0.3290816,-1.20064,0,1,3.75,1,1,0,0,0,0,1,0,0
1,-0.3089196,0.2260886,-0.2894331,1,0.7142857,4.75,1,1,0,0,1,0,0,0,0
1,-0.8513375,0.5078208,-0.8348436,1,0.8571429,4.75,1,1,0,0,1,0,0,0,1
0,0.2110549,-1.39457,-0.2425593,1,0.8571429,3,0,1,1,0,0,0,0,0,1
0,-0.2206902,0.2260886,-0.243216,1,0.8571429,4.25,1,1,0,0,1,0,0,0,0
1,-1.166839,-0.6525319,-1.792924,1,0.5714286,4.5,0,0,0,0,0,0,0,0,0
0,-0.8478408,-1.079414,-0.5621383,1,0.7142857,4.5,1,1,0,0,0,0,0,0,0
0,-1.400491,-0.0890676,-0.5621383,1,0.8571429,5,1,1,0,0,1,0,0,0,0
0,-0.3664385,0.2260886,-0.2425593,1,1,4.75,1,1,0,1,0,0,0,1,0
1,-0.5790992,-0.0556436,-0.562795,1,0.7142857,4.5,1,0,0,0,0,0,0,1,0
1,0.2563083,0.2260886,-0.243216,1,0.8571429,4.75,1,1,0,0,0,0,0,0,1
0,0.6936081,0.2260886,-0.5614816,0,0.8571429,4,1,0,1,0,0,0,0,0,0
0,-0.3664385,-0.9851531,-0.5621383,1,0.8571429,5,1,0,0,1,0,0,1,0,0
0,-0.3404441,0.2260886,-0.5621383,0,0.8571429,4.5,1,1,0,0,1,0,0,0,1
0,-0.3562064,-0.0890676,-1.839141,0,0.5714286,4,1,0,1,0,0,0,0,0,0
0,0.642458,0.0226579,-1.520219,1,1,4,1,0,0,0,0,0,0,0,0
0,-0.420773,0.2260886,-1.154423,0,1,4.5,1,1,0,0,0,0,1,0,0
0,-0.3506762,0.2260886,-1.246857,0,0.4285714,4.5,1,1,0,1,0,0,0,0,1
0,0.8802744,1.249859,-1.473345,1,0.7142857,4,0,1,0,0,0,0,1,0,0
0,-1.732067,0.2260886,-2.384551,0,0.4285714,2.5,1,1,0,0,0,0,1,0,0
0,-0.3664385,0.2260886,-0.243216,1,1,5,1,1,1,0,0,0,0,0,1
0,0.8385177,1.241126,-0.5621383,0,0.2857143,4.75,1,0,0,0,1,0,0,0,1
0,0.1987893,0.6442378,-0.5621383,0,1,4.25,1,1,1,0,0,0,0,0,1
0,-0.3664385,-0.4042238,-0.5621383,0,0.4285714,5,1,1,0,0,0,0,0,0,1
0,-0.312104,0.2260886,-0.9279343,0,0.7142857,5,0,1,0,0,1,0,1,0,0
1,-0.3144498,-0.0890676,-0.8817173,0,0.7142857,4.75,1,0,0,1,0,0,0,0,1
0,-0.6311021,-0.4216887,-0.8810606,0,1,5,1,1,0,0,1,0,0,1,0
0,-0.4987703,1.565015,-0.5621383,1,0.8571429,4.75,1,0,0,0,1,0,1,0,0
0,-1.519025,0.9681265,-0.2894331,1,0.2857143,5,1,1,0,1,0,0,0,0,1
1,-0.162859,-0.9340984,-1.472688,0,0.8571429,4.25,0,0,0,1,0,0,0,0,1
0,-0.4050107,0.2260886,-0.8810606,0,0.5714286,4.75,1,0,0,1,0,0,0,0,0
0,-0.2206902,-0.3707998,-1.20064,1,0.8571429,5,1,0,0,0,0,0,0,0,1
0,-0.3664385,0.2260886,-0.5621383,1,1,5,1,1,0,0,1,0,0,0,0
0,-0.182118,-0.3707998,-0.2425593,0,1,5,1,0,0,0,1,0,0,0,1
0,0.8542801,1.565015,-1.839141,0,1,3.75,1,1,0,0,1,0,0,0,0
1,-0.9202834,-0.736845,-1.473345,1,0.7142857,4,1,1,0,1,0,0,1,0,0
0,-1.374496,-0.4129563,-0.5621383,1,1,5,1,0,0,0,1,0,0,0,0
0,-0.420773,-1.146262,-0.6090121,0,0.5714286,4.5,1,1,0,0,0,1,0,0,1
0,-0.3246819,0.2260886,-0.8810606,1,1,4.75,1,0,0,0,0,0,0,0,0
0,0.9377933,-1.12157,-0.2900898,0,1,4.5,1,0,0,0,1,0,1,0,0
0,-0.1245991,-0.0890676,-1.472688,1,1,4.75,1,0,1,0,0,0,1,0,0
0,-0.7903219,0.2682451,-0.5621383,0,0.7142857,5,1,1,0,0,0,0,0,0,0
0,-0.3664385,-0.3707998,-0.5621383,0,1,4.5,1,1,0,0,0,0,0,0,1
0,-1.062847,0.2260886,-1.839141,1,1,4.75,1,0,0,1,0,0,0,1,0
0,-0.3790164,-0.3795322,-2.384551,1,1,3.75,1,1,0,0,0,1,1,0,0
1,-0.9631909,-2.451764,-2.111846,1,1,4,1,0,0,0,0,0,1,0,0
0,-0.8060842,0.2260886,-0.8810606,0,1,4.75,1,0,0,0,1,0,0,0,1
0,-0.8478408,-0.3707998,0.0294892,1,0.5714286,4.75,1,0,0,1,0,0,0,0,1
0,0.1149638,0.2260886,0.0294892,1,0.8571429,4.75,1,1,0,0,0,0,0,0,1
0,-0.3664385,-0.5159492,0.3490682,0,0.7142857,4.5,1,0,0,0,1,0,1,0,0
1,0.6936081,-0.0469111,0.6224302,0,0.8571429,4.75,1,0,0,0,0,0,1,0,0
0,-0.3822008,-0.3373757,1.260275,1,0.8571429,4.75,1,0,0,0,0,0,0,0,0
1,-0.3246819,0.6108137,0.0301459,1,1,4.75,1,0,0,0,0,0,0,0,1
0,-0.5543242,0.2260886,0.6679905,1,0.4285714,4.5,0,1,0,1,0,0,0,0,0
0,0.8417022,0.2260886,0.395942,0,0.8571429,5,1,0,0,0,0,0,0,0,0
0,-0.3664385,-0.4737927,0.076363,0,1,4.75,1,0,0,0,1,0,0,0,0
0,-0.3822008,-0.6859559,0.0294892,1,0.8571429,4.5,1,0,0,0,0,0,0,0,1
0,0.6676137,0.5078208,0.0294892,1,0.7142857,5,1,1,0,0,1,0,0,0,1
0,-0.3246819,-0.0556436,0.0301459,0,0.7142857,4.5,1,0,0,0,1,0,0,0,0
0,0.1862115,0.4046621,0.6679905,0,0.8571429,5,1,1,0,0,1,0,1,0,0
1,-0.3664385,0.2260886,0.3490682,1,0.2857143,5,1,1,0,1,0,0,0,0,0
1,-0.4987703,0.9681265,0.0301459,1,0.8571429,4.25,1,1,0,1,0,0,0,0,1
1,-0.3664385,-0.3795322,0.3028512,0,0.8571429,4.75,1,1,0,0,0,0,0,0,1
0,0.4146344,-0.2254846,0.3490682,0,0.7142857,5,1,1,0,0,1,0,0,0,1
0,0.8417022,-0.736845,0.6224302,1,0.7142857,5,1,1,0,0,0,0,0,1,0
1,-0.2081124,-0.3373757,0.3490682,0,1,4.5,1,0,0,0,0,0,0,0,1
0,-0.1663557,-0.4042238,0.3490682,1,0.8571429,4.75,1,0,0,0,1,0,0,0,1
0,-0.3372597,0.6108137,0.3490682,0,1,4.5,1,0,0,0,1,0,0,0,1
0,0.6258571,-0.4129563,0.3490682,1,0.7142857,4,0,0,0,1,0,0,0,0,0
0,-1.532823,-0.4129563,0.3490682,1,0.8571429,4,1,0,0,0,0,0,0,0,1
1,0.2279681,0.5412448,0.3490682,1,1,4.5,1,0,0,0,0,0,1,0,0
0,0.8960367,-0.3373757,0.3497249,0,1,4.5,1,1,0,1,0,0,0,0,1
0,-0.3664385,0.9347024,-0.0167278,0,0.8571429,4.25,1,1,0,0,1,0,0,0,1
0,0.922031,0.2260886,0.0294892,1,0.8571429,4.75,1,0,1,0,0,0,0,0,1
0,-0.3664385,0.2260886,0.6686472,1,1,4.75,1,0,0,0,0,0,0,0,1
0,0.6676137,-0.3707998,0.3490682,1,0.4285714,4.75,0,0,0,0,1,0,0,0,0
0,0.3728777,0.5078208,1.260275,0,0.5714286,5,1,0,0,1,0,0,0,0,0
1,-0.3436286,-0.3707998,0.6679905,1,0.8571429,4.75,0,0,0,0,0,0,1,0,0
0,-0.3947787,-0.0890676,0.0770197,0,0.5714286,4.75,1,0,0,0,1,0,0,0,0
0,0.3862942,-0.1920606,0.3490682,1,1,5,1,1,0,1,0,0,0,0,0
1,-0.244353,-0.4042238,0.0294892,1,0.7142857,5,1,0,0,0,0,0,0,1,0
0,-0.3664385,0.5078208,0.6679905,1,0.7142857,5,0,1,0,0,0,1,0,0,1
0,0.8542801,0.2260886,0.3035079,1,0.5714286,4.75,1,1,0,0,1,0,0,0,1
0,0.8542801,0.2260886,0.3490682,1,1,5,0,0,0,0,0,0,0,0,0
0,-0.3664385,0.6195462,1.260275,0,0.8571429,5,1,0,0,0,0,0,0,0,0
0,0.8542801,0.959394,0.6686472,0,0.8571429,4.75,1,1,0,0,0,0,0,0,0
0,-0.3246819,0.2260886,0.3490682,0,1,4.5,1,0,0,0,1,0,0,0,0
0,0.1862115,0.2260886,0.3490682,0,0.5714286,4.25,1,1,0,0,0,0,0,0,1
1,-0.3979631,-0.3373757,-0.0173845,1,0.8571429,5,1,0,0,0,0,0,0,0,0
0,0.6518515,0.2260886,0.9875695,1,0.7142857,5,1,0,0,0,1,0,0,0,1
0,-0.3246819,0.2260886,0.395942,1,1,4.5,1,0,0,0,0,0,0,0,0
0,-0.3246819,-1.300309,0.3490682,0,0.5714286,4.75,1,0,0,0,1,0,0,0,0
0,-0.3979631,0.5499773,0.076363,0,0.7142857,5,1,0,0,0,0,0,0,0,1
1,0.3150466,-0.1065326,0.0770197,1,1,5,1,1,0,1,0,0,0,0,0
0,0.6518515,-1.846143,1.260275,1,0.8571429,4.25,1,0,0,0,0,0,0,0,0
0,-0.3664385,0.2260886,0.0301459,1,0.7142857,4.75,1,0,0,1,0,0,0,0,1
1,-1.400491,-0.0978001,0.9875695,0,0.5714286,4.75,1,0,0,0,1,0,1,0,0
0,0.2145516,0.2260886,0.9413525,1,0.5714286,5,1,1,0,0,1,0,0,0,0
0,0.8417022,-0.1920606,1.260275,0,0.7142857,4.25,0,0,1,0,0,0,0,0,1
0,0.6676137,1.565015,0.3490682,0,0.7142857,5,1,1,0,0,1,0,0,0,1
0,-0.3664385,-0.3373757,0.0301459,1,0.7142857,3,1,1,0,0,0,0,0,0,1
0,-0.3506762,0.2260886,0.0301459,0,0.5714286,4.25,0,1,0,0,0,0,0,0,0
0,-0.6611745,0.2260886,0.0301459,1,1,5,1,1,0,0,1,0,1,0,0
0,-0.3664385,0.2260886,0.3490682,0,0.7142857,5,1,1,0,0,0,0,0,0,1
0,-0.483008,-0.770269,0.7148643,1,0.8571429,4.25,1,0,0,0,1,0,0,0,1
0,0.8542801,1.283283,0.9406958,0,0.8571429,5,1,1,0,0,0,0,0,0,1
0,0.3728777,-0.0978001,0.0301459,0,1,5,1,1,0,0,1,0,0,0,1
0,-0.2829252,-0.3795322,0.6679905,0,0.7142857,4.75,1,1,0,0,1,0,1,0,0
0,-0.3664385,-0.0556436,0.0301459,0,0.8571429,4.75,1,1,0,0,0,0,0,0,1
0,-0.3404441,-0.4129563,0.0294892,1,0.8571429,5,1,0,1,0,0,0,0,0,1
0,-0.8320785,-0.5159492,0.6217735,1,0.7142857,4.5,0,0,0,1,0,0,0,1,0
0,-1.035658,0.2260886,0.076363,1,0.7142857,5,1,1,0,0,1,0,1,0,0
0,-1.5454,-1.427994,0.0294892,1,0.7142857,4.25,1,0,0,0,0,1,1,0,0
0,0.8960367,-0.7467924,0.9875695,0,0.5714286,4.75,1,0,0,0,1,0,0,0,0
0,0.3445376,-1.112838,-0.2894331,0,0.4285714,5,1,1,0,0,0,1,0,0,1
0,-0.3404441,-0.3707998,-0.5621383,1,0.5714286,4.5,1,0,0,0,1,0,1,0,0
0,-0.3664385,0.5499773,-0.8817173,0,0.7142857,4,1,1,0,1,0,0,0,0,1
0,-0.8604187,-0.3707998,0.0294892,1,0.2857143,5,1,0,0,0,1,0,0,0,1
0,0.683376,-0.4129563,-0.2425593,1,0.5714286,4.75,1,1,0,0,1,0,1,0,0
0,0.3728777,0.6195462,-0.5621383,0,0.8571429,5,1,1,0,0,1,0,0,0,1
0,-0.9179376,-0.0978001,-0.5621383,1,1,5,1,0,0,0,1,0,1,0,0
0,-0.715509,1.283283,-1.745393,0,0.8571429,4.5,1,1,0,0,1,0,0,0,1
0,-0.1955345,1.565015,-0.2894331,1,0.8571429,4.75,1,0,0,0,1,0,0,0,1
1,-0.3664385,-0.0556436,-0.0160711,1,0.5714286,4.75,0,0,0,0,1,0,0,0,0
0,-0.3246819,0.5078208,0.0294892,1,0.5714286,4.75,1,1,0,0,1,0,0,0,1
0,-1.98033,-1.112838,-0.5621383,1,0.8571429,4,1,0,0,0,1,0,0,0,1
0,-0.797003,-0.0469111,-0.2425593,1,0.5714286,5,1,0,0,0,0,1,0,0,1
1,-0.3664385,0.2260886,-0.6083553,1,0.7142857,4.75,1,0,0,0,0,0,1,0,0
0,-0.1537779,-0.5072168,-0.1963423,0,0,5,1,0,0,0,0,1,0,0,1
0,-0.2081124,-0.3707998,-0.5621383,1,1,4.25,1,0,0,0,1,0,0,0,1
0,0.8542801,-0.0890676,-0.6090121,1,0.8571429,4.75,1,1,0,0,0,0,0,0,1
0,-0.8060842,-0.0556436,0.076363,1,0.7142857,5,1,1,0,0,1,0,1,0,0
0,-0.420773,0.2260886,-1.20064,1,1,5,1,1,0,0,0,1,1,0,0
0,-1.413069,-0.0890676,0.0294892,1,0.8571429,4.5,1,0,0,0,1,0,0,0,1
0,-0.3664385,-0.788949,-0.5621383,1,0.7142857,4.75,1,1,0,0,1,0,0,0,1
1,-0.9190885,0.2260886,-1.20064,1,1,4.75,1,0,0,0,0,0,0,0,0
0,-1.857337,-0.7281125,-0.2894331,1,0.8571429,3.75,1,1,0,0,1,0,0,0,0
0,-0.7204437,-1.700994,-1.153766,1,1,4,1,0,0,0,1,0,0,0,1
1,-2.380808,-0.6525319,0.076363,1,0.7142857,3.5,1,0,0,0,1,0,0,0,1
0,-2.859864,-1.888299,0.0770197,1,0.1428571,3.75,1,0,0,0,1,0,0,1,0
0,-0.182118,-1.615465,-0.2894331,1,0.8571429,4.5,1,0,0,0,1,0,0,0,1
0,-0.3664385,-2.170032,0.0301459,1,0.8571429,4.25,1,1,0,0,0,0,0,0,1
1,-0.353022,-0.0556436,-0.5621383,0,0.5714286,4.75,1,0,0,0,1,0,0,0,0
1,-0.7348365,-0.3707998,-0.2425593,1,0.7142857,4.5,1,1,0,0,0,1,0,0,1
1,-0.3664385,0.2260886,-0.5621383,1,0.8571429,5,1,1,0,0,0,1,1,0,0
0,-1.034507,-0.788949,-0.6090121,1,1,4.5,1,0,0,0,1,0,0,0,1
0,-2.082288,-0.8311055,-1.473345,1,0.1428571,4,1,1,0,1,0,0,0,0,1
0,0.3602999,0.6442378,0.0301459,0,0.7142857,4.25,1,1,0,0,1,0,0,0,1
1,-0.3664385,0.2260886,-0.1963423,1,1,4.75,1,0,0,0,1,0,0,0,1
1,-1.528419,-1.615465,-0.2887764,0,0.5714286,4.25,1,1,0,0,1,0,0,0,1
0,-1.642642,-0.4216887,0.0301459,0,0.7142857,3.25,1,1,0,0,1,0,0,0,1
0,-0.4081952,0.2869251,-0.2419026,1,0.8571429,4.75,1,1,0,0,0,1,1,0,0
1,-2.35103,-1.240522,0.0294892,0,1,5,1,0,0,0,1,0,0,0,1
0,-1.628914,-0.8311055,-0.5621383,0,0.2857143,5,1,0,0,0,1,0,1,0,0
0,-0.3246819,-0.4129563,-1.519562,0,0.7142857,5,1,1,0,0,1,0,1,0,0
0,-1.465072,0.2260886,-1.519562,1,0.5714286,4.5,1,0,0,0,1,0,0,0,0
1,-1.51706,-2.451764,-0.2425593,1,1,4.5,1,1,0,0,1,0,1,0,0
0,0.8417022,-0.0469111,-0.2425593,0,0.2857143,4.5,0,1,0,0,1,0,0,0,1
0,-1.561163,-0.0978001,-0.2425593,0,0.8571429,5,1,0,0,0,1,0,0,0,1
0,0.1862115,0.5499773,-1.473345,1,1,5,1,1,0,0,1,0,0,0,1
0,-0.8060842,-1.39457,-0.243216,1,0.5714286,4.75,1,0,0,0,1,0,0,0,1
0,-0.8478408,-0.8311055,0.0288325,1,0.8571429,5,1,1,0,0,1,0,0,0,1
0,-1.33274,0.2260886,0.076363,1,1,4,1,0,0,1,0,0,0,0,1
0,-0.3404441,0.2260886,-0.2887764,1,0.8571429,4.5,1,1,0,0,1,0,1,0,0
0,-0.3246819,-0.9676881,-0.5621383,1,1,4.75,1,0,0,0,1,0,0,0,1
0,-1.587157,-1.112838,-0.8810606,0,0.5714286,3,1,1,0,0,1,0,0,0,1
0,-0.3664385,-0.3373757,0.0294892,0,0.8571429,4.75,1,0,0,0,1,0,0,0,1
0,-0.3664385,-0.3795322,-0.8817173,0,0.8571429,4.5,1,1,1,0,0,0,1,0,0
0,-1.358734,-0.0890676,-0.1963423,0,0.4285714,4.5,1,1,0,0,1,0,0,1,0
1,0.7999455,0.2260886,0.0301459,0,0.8571429,5,1,0,0,0,1,0,0,0,1
1,0.8542801,-0.7034209,-2.384551,1,0.4285714,4.25,1,1,1,0,0,0,0,1,0
0,-0.3664385,0.2260886,-0.5621383,1,1,4.75,1,1,0,0,1,0,0,0,0
0,-0.3246819,0.2260886,0.0294892,0,0.8571429,5,1,1,0,0,1,0,0,0,1
0,-0.420773,0.2260886,-0.5621383,1,0.8571429,4.25,1,0,0,0,1,0,0,0,1
1,-0.3664385,-0.0556436,-2.384551,0,0.7142857,4.5,1,1,0,0,1,0,1,0,0
0,-0.8218464,-0.0556436,0.076363,0,1,5,1,0,0,0,1,0,1,0,0
1,0.302781,0.6442378,-0.2425593,1,0.4285714,4.75,1,1,0,0,1,0,1,0,0
1,-0.8478408,0.2260886,-0.5621383,1,0.2857143,5,1,1,0,0,0,1,0,0,0
0,-3.870268,0.6355053,-0.5146078,1,0.8571429,4.5,1,0,0,0,1,0,0,0,1
1,0.4146344,0.6442378,-0.5159213,0,1,5,1,0,0,0,1,0,0,0,1
0,-0.3664385,0.2260886,-0.5621383,0,0.8571429,4.75,1,0,0,0,0,0,1,0,0
1,-0.3664385,0.5499773,-0.5621383,1,0.5714286,4.75,0,1,0,0,1,0,0,0,1
1,-0.1245991,0.2260886,0.0294892,1,0.8571429,5,1,0,0,0,1,0,0,0,1
0,-0.3822008,0.2260886,1.260275,0,1,3.25,1,1,1,0,0,0,0,0,0
0,0.8960367,1.249859,0.3490682,1,1,5,1,1,0,0,0,0,0,0,1
0,-0.420773,-0.4737927,0.3952852,1,0.8571429,5,1,1,0,0,1,0,0,0,1
0,0.8417022,-0.0556436,0.6217735,0,0.8571429,5,1,1,0,0,1,0,1,0,0
0,0.8417022,-0.0978001,0.6679905,1,0.8571429,5,1,1,0,0,1,0,1,0,0
0,-0.3822008,0.2260886,0.3490682,1,0.2857143,4.75,1,1,0,0,1,0,0,0,0
0,-0.2081124,1.565015,1.260275,1,0.4285714,4.5,1,0,0,0,1,0,0,0,1
1,-0.420773,-1.249255,0.3490682,1,1,4.5,1,0,0,1,0,0,0,0,1
0,0.922031,-0.064376,1.260275,0,1,5,1,1,0,0,1,0,1,0,0
1,0.7999455,-0.3707998,0.3490682,1,0.8571429,4,1,0,0,0,0,1,1,0,0
0,0.2019738,-0.5072168,0.6679905,1,0.8571429,4.25,0,1,0,0,1,0,0,0,1
0,0.8960367,-0.9155841,0.6686472,1,0.2857143,4.5,1,1,0,0,1,0,0,0,1
0,-0.3538607,-1.112838,0.6686472,1,1,4.5,1,0,0,0,1,0,0,0,1
0,0.3988721,0.1839321,1.260275,0,1,5,1,1,1,0,0,0,0,0,1
0,0.8542801,1.249859,0.3490682,1,1,5,1,1,0,0,0,0,1,0,0
1,-0.095108,0.6195462,1.260275,1,0.5714286,5,1,1,0,1,0,0,0,1,0
0,0.683376,0.2260886,1.260275,1,0.7142857,5,1,0,0,0,1,0,1,0,0
0,0.8385177,-1.718458,1.260275,1,0.8571429,4.25,1,0,0,0,0,1,0,1,0
0,0.8542801,0.6108137,0.3484115,0,0.7142857,4.5,1,1,0,0,0,0,0,0,0
0,-0.3506762,-0.3707998,0.6679905,0,1,4.25,1,1,0,0,1,0,0,0,1
1,-0.6961958,0.9681265,0.395942,1,1,4.5,1,0,0,0,1,0,0,0,1
0,0.4020565,0.9681265,0.9875695,0,0.8571429,5,1,0,0,0,0,1,1,0,0
0,-0.3404441,0.2260886,0.395942,1,0.8571429,5,1,0,0,0,1,0,1,0,0
0,0.683376,1.283283,0.3490682,0,0.8571429,4.75,1,0,0,0,1,0,1,0,0
0,-0.3404441,0.2260886,0.3021945,0,0.5714286,5,1,1,0,0,1,0,1,0,0
0,0.8542801,-0.0890676,0.9413525,1,0.5714286,4.5,1,1,0,0,1,0,1,0,0
0,0.3728777,-0.0890676,0.3490682,0,0.7142857,5,1,0,0,0,0,0,1,0,0
1,0.6676137,0.6442378,1.260275,1,1,5,1,1,0,0,1,0,0,0,1
0,-0.3947787,0.2260886,0.3490682,1,0.4285714,4,1,0,0,0,1,0,1,0,0
0,0.8542801,0.959394,1.260275,1,0.8571429,5,1,1,0,0,1,0,0,0,0
0,-0.3538607,0.6108137,1.260275,0,0.7142857,5,1,0,0,1,0,0,0,0,0
0,-0.3664385,0.2260886,0.3497249,0,0.7142857,4.75,1,1,0,0,1,0,0,0,1
0,0.8542801,1.241126,1.260275,1,0.2857143,5,1,1,0,0,1,0,0,0,1
0,0.3988721,0.2260886,0.6217735,0,0.4285714,5,1,1,0,0,1,0,0,0,1
1,0.3445376,1.249859,0.6679905,0,0.7142857,4,1,1,0,0,1,0,0,0,1
0,-0.2081124,0.2260886,0.3484115,1,0.7142857,4.5,1,1,0,0,1,0,0,0,1
0,0.8542801,0.2260886,0.9406958,1,0.8571429,4.25,1,0,0,0,1,0,0,0,0
0,-1.053766,0.9681265,0.6686472,1,0.8571429,3.25,1,0,0,0,1,0,0,0,1
0,0.3728777,-3.185069,0.3490682,1,0.2857143,4,1,1,1,0,0,0,0,0,1
0,0.7841833,0.2260886,0.6686472,0,0.7142857,5,1,0,0,0,1,0,0,0,1
0,0.8960367,-0.2952192,0.3021945,0,0.4285714,4.75,1,1,0,0,1,0,1,0,0
0,-0.2081124,-0.5159492,0.3490682,1,0.2857143,4.25,1,1,0,0,1,0,0,0,1
0,-0.3664385,-1.615465,1.260275,1,1,2.75,0,1,0,1,0,0,1,0,0
0,-0.3664385,0.2260886,0.3490682,0,1,4.75,1,1,0,0,0,0,1,0,0
0,0.8960367,-1.240522,1.260275,1,0.7142857,5,1,1,0,0,1,0,0,0,1
0,-0.1537779,0.2260886,0.3484115,1,1,4.25,1,1,0,0,1,0,1,0,0
0,-0.5271105,-0.0890676,0.3490682,0,0.7142857,4.5,1,0,0,0,1,0,1,0,0
1,-0.3404441,-1.112838,0.3497249,1,0.7142857,4.25,1,0,0,0,1,0,0,0,1
0,-0.3664385,0.201397,0.9413525,0,0.8571429,4.75,1,0,0,0,1,0,0,0,1
1,-0.3664385,0.2260886,0.3490682,1,1,4,1,1,0,0,1,0,0,0,0
0,-1.428831,-0.7976814,0.6679905,1,0.8571429,4.5,1,1,0,0,0,1,1,0,0
0,0.1669525,-0.0978001,0.9413525,1,1,4.75,1,0,0,0,1,0,0,0,1
0,0.8960367,-0.0556436,0.6686472,1,0.8571429,2.75,1,0,0,0,1,0,0,0,1
0,-0.3664385,0.2260886,1.260275,0,1,4.75,1,1,0,0,1,0,1,0,0
0,0.8960367,0.6442378,0.6686472,1,1,5,1,1,0,0,0,0,1,0,0
0,0.8542801,1.249859,0.6686472,1,0.5714286,5,1,1,0,0,1,0,0,0,1
1,0.3287753,0.9681265,0.3484115,1,0.8571429,4.75,1,0,0,0,1,0,0,0,1
0,-0.1955345,-0.6859559,0.6679905,1,0.8571429,4.75,1,0,0,0,1,0,0,0,1
1,-0.3947787,0.2260886,0.3952852,1,0.8571429,4.25,1,1,0,0,1,0,0,0,1
0,-0.8446563,-1.112838,0.3490682,0,1,5,0,1,0,0,1,0,0,0,1
0,-0.9959349,0.2260886,0.6686472,0,0.8571429,4.75,1,0,0,0,1,0,1,0,0
0,0.3602999,0.9681265,1.260275,0,0.5714286,5,1,1,0,0,1,0,0,0,1
0,-0.3664385,0.2260886,1.260275,0,1,4.25,1,1,0,0,1,0,0,0,0
0,-0.3144498,0.2260886,0.6679905,0,0.5714286,4.25,1,1,0,0,1,0,0,0,1
0,0.3728777,0.9681265,0.6217735,0,0.7142857,5,1,1,0,0,0,1,0,0,1
0,-0.1923501,0.2260886,0.3490682,1,0.7142857,4.5,1,0,0,0,1,0,0,0,1
0,-0.3924329,0.2348211,0.9406958,0,0.4285714,5,1,1,0,0,1,0,0,0,1
1,-0.3246819,-1.112838,0.6679905,0,0.8571429,4.75,1,0,0,0,1,0,0,0,1
0,0.3988721,0.2260886,0.6224302,0,0.5714286,4,1,1,0,0,1,0,0,0,1
0,-0.3664385,0.2260886,0.3484115,0,0.7142857,5,1,0,0,0,0,1,0,0,0
0,-0.3664385,-0.4042238,0.395942,1,0.2857143,4.75,1,1,0,0,1,0,0,0,1
0,-0.0962589,0.2260886,0.3484115,1,0.7142857,4,1,0,0,0,1,0,1,0,0
0,0.8542801,0.8229769,0.9413525,0,0.7142857,4.75,1,0,0,0,1,0,0,0,1
1,-0.2963417,-1.112838,0.3490682,1,0,4.75,0,0,0,0,1,0,0,0,0
0,-0.8218464,0.2260886,1.260275,1,1,5,1,0,0,0,1,0,0,1,0
0,-0.3664385,0.2260886,0.3490682,0,0.8571429,5,1,1,0,0,1,0,1,0,0
0,-0.3664385,-0.7034209,0.3490682,0,1,4,1,0,0,0,0,0,1,0,0
0,-0.3664385,-0.5072168,0.9875695,1,0.8571429,4.75,1,0,0,0,0,0,0,0,1
0,0.8542801,0.2260886,0.3490682,0,0.8571429,5,1,0,0,0,1,0,1,0,0
0,0.8259399,-0.0556436,0.3490682,0,1,5,1,0,0,0,0,1,0,0,0
0,0.3185433,-1.709726,0.6686472,0,0.8571429,4.5,0,0,0,0,1,0,0,0,1
0,0.8259399,0.2260886,1.260275,1,1,4.5,1,0,0,0,1,0,1,0,0
0,-0.8060842,-0.0890676,0.6686472,0,0.8571429,4.5,1,1,0,0,1,0,1,0,0
0,0.4146344,0.2260886,1.260275,0,0.7142857,4.5,1,0,0,0,1,0,0,1,0
0,-0.2376719,0.2260886,1.260275,1,0.5714286,4.25,1,1,0,1,0,0,0,0,0
0,-0.3664385,0.2260886,0.3490682,0,0.1428571,4.25,1,1,0,0,1,0,1,0,0
0,-0.8670998,0.9681265,-0.6090121,0,0.8571429,4.5,1,0,0,0,0,0,0,0,1
0,-0.8670998,0.2260886,-0.9279343,1,0.8571429,5,1,0,0,0,0,0,1,0,0
0,0.4091042,0.3625056,-0.8348436,1,0.8571429,5,1,0,0,0,1,0,0,0,0
1,-1.997243,0.5499773,-0.9279343,0,0.8571429,4.75,1,0,0,0,0,0,0,0,1
0,-0.3664385,-0.0556436,-0.2900898,1,1,4.75,1,1,0,0,0,0,1,0,0
0,-0.3664385,0.2260886,-0.6083553,1,0.8571429,4.75,1,1,0,0,0,1,0,0,1
0,-0.3089196,-0.6859559,-1.199983,1,0.7142857,5,1,1,1,0,0,0,0,0,0
0,0.1149638,0.5499773,-1.247513,1,1,5,1,0,1,0,0,0,1,0,0
0,-1.671578,0.6776618,-0.9279343,0,1,4,1,0,0,0,0,0,0,0,1
0,-0.318258,-0.5582714,-1.839141,0,0.8571429,2.25,1,1,0,0,0,0,0,0,0
0,-0.2939714,0.2260886,-0.8348436,1,0.8571429,4.5,1,0,1,0,0,0,1,0,0
0,0.8542801,-0.1137592,-1.472688,1,0.8571429,4.75,1,1,1,0,0,0,1,0,0
0,-0.420773,0.2260886,-1.792267,0,1,4,1,0,0,1,0,0,0,0,0
0,-0.3664385,0.2260886,-0.2894331,0,0.8571429,4.75,1,0,0,0,0,0,0,0,1
1,-0.0027864,0.8317094,-2.384551,1,0.8571429,5,1,1,0,0,0,0,0,1,0
0,-1.832493,0.2260886,-1.519562,0,0.5714286,4.25,1,0,0,0,0,0,0,0,1
0,-0.8670998,-0.7976814,-0.6545724,1,0.2857143,5,1,0,0,1,0,0,1,0,0
1,-0.3664385,-0.0978001,-0.2900898,0,1,4.25,1,1,0,1,0,0,0,1,0
0,0.8069932,-1.154994,-0.6090121,1,0.8571429,4,1,0,0,0,0,0,1,0,0
0,-0.1663557,0.1926646,-0.8810606,0,0.8571429,5,1,0,1,0,0,0,0,0,1
0,-0.3664385,-0.0890676,-0.2900898,1,0.8571429,5,1,1,0,0,0,0,0,1,0
0,-0.3979631,-0.0890676,-0.2425593,1,1,4.5,1,0,0,0,0,0,0,0,0
0,-0.3924329,-0.8311055,-0.9741514,1,1,5,1,1,0,1,0,0,0,1,0
1,-0.2341067,-1.300309,-0.2894331,1,0.8571429,4.75,1,0,0,0,0,0,0,0,1
0,-1.360768,-1.888299,-1.473345,1,0.8571429,3.75,1,0,0,1,0,0,0,0,1
1,-2.085473,-0.0890676,-1.519562,1,1,2.5,1,0,1,0,0,0,0,1,0
0,0.5478598,1.565015,-1.745393,0,0.5714286,5,0,0,0,1,0,0,0,1,0
0,0.1409581,-0.3707998,-0.5621383,1,1,4,1,0,0,0,0,0,0,0,1
1,-0.3404441,0.2260886,-0.9279343,1,1,4.75,1,1,0,0,0,0,1,0,0
0,-0.3664385,-0.4129563,-1.20064,0,0.2857143,4.75,1,1,0,0,0,1,1,0,0
0,-0.3664385,0.2260886,-0.2894331,1,1,5,1,0,0,0,0,0,0,0,1
1,0.4146344,-0.0556436,-0.2887764,0,1,5,1,1,0,1,0,0,0,0,1
0,0.6676137,-0.4042238,-0.8355003,0,1,4.5,1,0,1,0,0,0,0,0,1
0,-0.8636031,0.8651335,-0.8817173,1,0.8571429,5,1,1,0,0,0,0,1,0,0
0,0.3988721,-0.1920606,-0.2887764,1,0.8571429,4.75,1,1,0,0,0,0,0,0,1
0,0.3185433,1.249859,-1.246857,0,0.8571429,4.5,1,1,0,0,1,0,0,0,1
0,0.7999455,0.3203491,-0.2894331,1,0.7142857,5,1,1,0,0,0,0,0,0,1
0,-0.3790164,-0.5159492,-0.2887764,0,0.5714286,4,1,1,0,0,0,0,1,0,0
1,0.0834392,-1.333733,-0.5614816,1,0.7142857,4.5,1,0,0,0,0,1,1,0,0
0,0.6904237,-0.1922262,-0.5621383,0,0.8571429,4.5,1,0,0,1,0,0,0,0,0
0,0.1862115,0.2260886,0.6217735,0,1,5,1,1,0,0,0,0,0,0,1
0,0.3287753,-1.240522,0.7148643,1,0.8571429,5,1,0,0,0,0,0,1,0,0
1,0.0413018,-0.3372101,0.0301459,1,1,4.5,1,1,0,0,0,0,1,0,0
0,0.8960367,-0.0978001,0.9413525,1,0.8571429,4.75,1,0,0,0,0,0,0,0,1
1,0.6290416,1.565015,0.9406958,0,1,2.75,1,1,0,1,0,0,0,0,1
1,0.8542801,1.565015,0.3035079,1,1,4,1,1,0,0,0,0,0,1,0
0,0.3445376,0.2260886,1.260275,1,1,3.25,1,0,0,0,0,0,0,0,0
0,0.3862942,1.565015,0.7148643,0,0.5714286,5,1,0,1,0,0,0,1,0,0
0,-0.3664385,0.5078208,0.3490682,0,0.5714286,5,1,1,0,0,0,0,0,1,0
0,-0.4987703,0.3290816,0.3490682,0,1,4,1,1,0,0,1,0,0,1,0
0,0.8542801,-0.4129563,0.9406958,1,1,4.75,1,1,0,1,0,0,0,0,0
0,-0.1537779,0.2260886,1.260275,0,0.8571429,5,1,0,0,0,0,0,1,0,0
0,-0.3664385,0.2260886,0.9413525,0,0.8571429,4.75,1,1,0,0,0,0,0,1,0
0,-1.196926,-0.0978001,0.0301459,0,0.7142857,4.5,1,0,0,0,0,0,1,0,0
0,-0.8218464,0.2260886,0.3484115,0,1,4.5,1,0,0,0,0,0,0,0,1
0,-0.1663557,-1.427994,0.3497249,0,0.8571429,4.25,1,0,0,0,1,0,0,0,1
0,0.240546,0.959394,0.3021945,1,1,5,1,1,0,0,1,0,1,0,0
0,0.3185433,-0.6859559,0.3021945,0,0.2857143,5,1,0,0,0,0,0,0,0,0
0,0.7590275,0.9681265,0.6686472,1,0.2857143,5,1,1,0,0,0,1,0,0,1
0,-0.3246819,0.2260886,0.9875695,0,0.7142857,5,1,1,0,0,1,0,0,0,1
0,-0.3664385,-0.8311055,0.0770197,1,0.7142857,4.5,1,0,0,1,0,0,1,0,0
0,0.3602999,-0.3707998,0.0301459,1,1,5,1,1,0,0,0,0,0,0,1
0,0.4146344,-1.342466,0.0757063,1,0.7142857,4.25,1,0,1,0,0,0,1,0,0
0,-0.3664385,-0.4042238,0.9875695,1,0.7142857,4.75,1,0,0,0,0,1,0,0,0
1,-0.1756942,-0.5072168,0.9406958,0,0.4285714,3.75,1,1,0,0,0,0,0,0,1
0,0.8960367,-0.0890676,0.3490682,1,0.8571429,3.5,1,0,0,0,0,1,0,1,0
0,0.8542801,0.2694601,1.260275,1,0.7142857,4.25,1,0,0,0,0,1,0,0,1
0,0.8542801,1.283283,0.0294892,1,1,5,1,1,0,0,0,0,1,0,0
0,0.7558431,1.565015,0.0294892,0,1,5,1,0,0,0,0,0,0,1,0
1,-1.025426,-0.4042238,0.3490682,1,0.8571429,4.5,1,0,0,1,0,0,0,0,1
0,0.8542801,-0.3707998,1.260275,0,0.8571429,4.5,1,1,0,0,0,0,0,1,0
0,0.3988721,-3.475534,-0.0167278,0,1,5,1,1,1,0,0,0,1,0,0
0,0.8542801,-0.3373757,1.260275,1,0.7142857,4.75,1,1,0,1,0,0,0,0,0
1,0.8417022,-0.9676881,0.6679905,1,0.5714286,5,1,0,0,0,0,0,1,0,0
0,0.8385177,-1.291577,0.0301459,0,0.8571429,5,1,0,0,0,0,0,1,0,0
0,0.8802744,-2.76692,0.9413525,1,0.7142857,5,1,1,1,0,0,0,0,0,0
0,0.8542801,-0.3707998,0.6217735,0,0.8571429,4.5,1,0,1,0,0,0,0,0,0
0,0.2019738,1.249859,0.0301459,0,0.5714286,4.75,1,1,0,0,1,0,1,0,0
0,0.8542801,-0.3373757,0.3490682,1,0.8571429,5,1,1,0,0,0,0,0,0,1
0,-0.3404441,0.2260886,0.3484115,1,0.7142857,4.75,1,1,0,0,0,0,0,0,1
0,-0.9316664,-1.112838,1.260275,1,0.1428571,3.5,1,1,0,1,0,0,0,0,0
0,0.8417022,-0.2431152,0.3490682,0,0.8571429,4.5,1,0,0,0,0,0,1,0,0
0,-0.3664385,-1.300309,0.9875695,1,1,4.5,1,1,0,0,0,0,0,0,1
0,0.8645121,0.2260886,0.9406958,1,0.8571429,5,1,0,1,0,0,0,1,0,0
0,-0.3664385,-0.0890676,0.3490682,1,0.7142857,4.5,1,1,0,0,0,0,0,0,0
0,0.8542801,0.5499773,0.3021945,0,0.8571429,5,0,1,0,0,0,0,0,1,0
0,-0.1663557,0.2348211,0.9406958,1,0.5714286,4.75,0,0,0,0,0,0,0,0,1
0,-0.017368,1.283283,0.3490682,0,0.8571429,4.75,1,0,1,0,0,0,0,0,1
0,0.8960367,-0.0890676,1.260275,1,1,4.75,1,0,0,0,0,0,0,0,1
1,0.8960367,-0.7034209,0.3490682,0,1,4.25,1,1,0,0,0,0,0,0,1
0,0.2019738,0.2260886,0.6211168,0,0.8571429,5,1,0,1,0,0,0,0,0,0
0,0.3150466,-0.3707998,0.0294892,0,0.8571429,4.75,1,1,0,0,0,0,0,0,0
0,-0.7473459,-0.3186958,-2.064972,0,0.4285714,4.25,0,0,0,0,0,1,0,0,1
0,0.3862942,-2.170032,0.0288325,0,1,4.5,0,1,0,0,0,1,1,0,0
0,0.2575276,-0.736845,0.076363,1,0.8571429,4.75,0,0,0,0,0,0,0,0,1
0,-0.3144498,0.9681265,0.0301459,0,1,4.5,1,0,0,0,0,0,1,0,0
1,-0.3664385,-0.0890676,-0.0160711,1,0.5714286,5,1,0,0,0,0,0,0,0,0
0,-0.2691965,-0.0890676,-0.6090121,1,0.5714286,4.5,1,1,0,0,0,0,0,0,0
0,-1.457171,-0.2765392,-2.384551,0,0.5714286,5,0,0,0,0,0,0,1,0,0
0,-0.6106238,-0.788949,-0.243216,0,0.5714286,4.25,1,1,0,0,0,0,0,0,0
0,0.4146344,-1.070681,-0.5621383,0,0.2857143,4.75,0,1,0,0,0,0,1,0,0
0,0.3988721,0.2260886,-1.519562,0,0.4285714,4.75,1,0,0,0,0,0,0,0,1
0,-0.1652048,-0.8311055,-1.74605,0,0.1428571,4.25,1,1,0,0,0,0,1,0,0
1,-1.388225,-1.513522,-0.243216,1,0.5714286,5,1,1,0,0,0,0,0,0,1
0,0.8960367,1.565015,-0.2900898,1,0.8571429,4.5,1,0,0,0,0,0,0,0,1
1,0.199628,-2.49392,-1.199983,1,0.5714286,4,1,1,0,0,0,0,1,0,0
0,0.8802744,-0.7034209,-0.6083553,1,0.8571429,5,1,1,0,0,0,0,0,0,0
1,-1.073079,-2.724764,-1.792924,1,0.7142857,4.25,1,0,0,0,0,0,1,0,0
0,-0.3790164,0.2260886,0.076363,1,1,4,1,0,0,0,0,1,0,0,1
0,0.1952926,-0.7034209,-0.2894331,0,1,2.75,1,0,0,0,0,0,0,0,0
0,-0.353022,-1.333733,-0.243216,1,0.4285714,5,1,0,0,0,0,0,0,0,0
1,-0.2703474,-0.2431152,-0.0173845,1,0.1428571,4.5,1,0,0,1,0,0,1,0,0
0,-0.3687843,-0.0978001,-0.5152646,1,0.2857143,5,1,0,0,0,0,0,1,0,0
1,-0.9891853,-0.3707998,-1.107549,0,0.8571429,3.25,1,0,0,0,0,0,0,0,0
0,-0.3664385,-0.4129563,-1.20064,0,1,5,1,1,0,0,0,1,0,0,0
0,0.3059654,1.565015,-0.2894331,1,0.5714286,5,1,0,0,0,0,0,0,0,1
0,0.2607121,-0.5159492,-0.5621383,0,0.7142857,3.5,1,1,0,0,0,0,0,0,1
0,0.9377933,-1.376939,-0.0173845,0,0.7142857,4.5,1,1,0,0,0,0,1,0,0
0,-0.3664385,-0.3373757,-0.2894331,0,0.7142857,5,1,0,0,0,0,0,0,0,0
0,0.1952926,0.5499773,0.0294892,1,0.2857143,4.5,1,0,0,0,0,0,0,0,1
0,0.8960367,1.565015,0.0294892,1,0.7142857,3.5,1,0,0,0,0,0,0,0,0
0,0.8385177,0.2260886,-0.2894331,0,0.8571429,4.75,1,0,0,0,0,0,0,0,0
0,0.8960367,1.241126,-0.5621383,0,0.5714286,4.5,0,1,0,0,0,0,0,0,0
0,0.4146344,-0.6946884,0.3490682,0,1,5,1,1,0,0,0,0,0,0,1
0,-0.1663557,0.0051929,0.3490682,1,0.4285714,5,1,0,0,0,0,0,1,0,0
0,0.6676137,-1.615465,0.3490682,1,1,4.75,1,0,0,0,0,0,0,0,1
0,0.1377737,-0.0890676,0.6686472,0,0.4285714,5,0,0,0,0,0,0,0,0,1
0,0.836172,0.2260886,1.260275,0,0.2857143,4.75,1,0,0,0,0,0,0,0,1
0,0.3728777,0.2260886,0.6217735,1,0.7142857,4.75,1,1,0,0,0,1,1,0,0
0,-0.1537779,-0.6859559,0.9875695,0,0.8571429,4.75,1,0,0,0,0,0,1,0,0
0,-0.6544392,-0.1399566,0.3490682,1,0.7142857,4,1,0,0,0,0,0,1,0,0
0,-0.3664385,-0.4042238,0.3490682,0,0.8571429,5,1,1,0,0,0,0,0,0,0
0,-0.3664385,-0.4129563,0.6679905,0,0.4285714,5,0,1,0,0,0,0,0,0,1
0,0.8542801,0.6442378,1.260275,1,0.2857143,5,0,0,0,0,0,0,0,0,0
0,0.7093704,-0.7281125,0.3490682,1,0.8571429,4.5,1,0,0,0,0,0,1,0,0
0,0.8960367,1.146866,0.9875695,0,0.7142857,4.5,1,1,0,0,0,0,1,0,0
0,-0.1663557,-0.822373,0.6679905,0,0.8571429,4.75,0,1,0,0,0,0,0,0,0
0,0.8645121,-0.4129563,0.6679905,1,0.5714286,4.5,0,1,0,0,0,0,0,0,1
0,0.8542801,1.565015,0.9406958,0,0.7142857,5,1,1,0,0,0,0,0,0,1
0,0.8542801,0.6776618,0.3490682,1,0.7142857,5,0,1,0,0,0,0,0,0,1
0,0.6904237,-1.257987,0.6679905,0,0.8571429,3.75,0,1,0,0,0,0,0,0,0
0,0.2539625,-0.3286432,0.3490682,0,1,4,1,0,0,0,0,0,0,0,1
0,-0.2986875,-1.112838,0.3490682,1,0.5714286,4.5,0,0,0,0,0,1,0,0,0
0,0.8417022,-0.6772235,1.260275,0,0.2857143,4.75,1,0,0,0,0,0,0,0,1
0,0.3602999,-0.0890676,0.6217735,0,0.7142857,4.5,1,1,0,0,0,0,0,0,1
0,0.8802744,-0.788949,0.9875695,0,0.5714286,4.75,0,0,0,0,0,0,0,0,1
0,-0.3246819,0.3290816,0.6679905,1,0.7142857,4.75,1,0,0,0,0,0,1,0,0
0,0.9377933,-0.2765392,0.3021945,0,0.5714286,5,1,1,0,0,0,1,1,0,0
0,-0.3664385,-0.0978001,0.9875695,0,1,4.75,1,1,0,0,0,0,1,0,0
0,0.6258571,-0.0978001,0.9875695,0,0.7142857,4.75,1,0,0,0,0,0,1,0,0
0,0.8676965,0.8317094,0.6679905,0,0.4285714,4.5,1,1,0,0,0,0,0,0,0
0,-0.7765247,-0.5159492,0.6679905,0,0.7142857,4.75,1,0,0,0,0,0,0,0,0
0,-0.3404441,-0.9764206,0.9875695,0,0.4285714,5,0,0,0,0,0,1,0,0,1
0,0.3276244,0.0807735,0.6211168,0,0.7142857,4.25,1,1,0,0,0,0,1,0,0
0,0.3445376,-1.615465,0.9875695,0,0.8571429,5,1,0,0,0,0,0,1,0,0
0,0.8542801,-0.0890676,0.6679905,1,1,4.5,0,1,0,0,0,0,1,0,0
0,-0.3979631,0.2260886,0.6686472,0,0.7142857,3.75,1,0,0,0,0,0,0,0,1
0,0.8542801,1.565015,1.260275,1,0.5714286,5,0,0,0,0,0,0,0,0,1
0,-0.3664385,-0.0556436,0.9406958,0,0.7142857,5,1,0,0,0,0,0,1,0,0
0,0.3602999,0.9681265,1.260275,0,0.7142857,4.5,1,1,0,0,0,0,0,0,1
0,-0.1505934,-1.812719,-0.562795,0,0.7142857,5,1,0,0,0,0,0,0,0,1
0,-0.4231188,-0.6610988,-1.473345,0,0.7142857,4.5,1,0,0,0,1,0,0,0,1
1,-1.05142,0.2260886,-0.2425593,1,0.5714286,4.75,1,0,0,0,0,0,0,0,1
0,-0.3664385,-1.112838,-0.243216,0,0.5714286,4.75,1,0,0,0,1,0,0,0,1
0,-0.8930941,0.2260886,-0.243216,1,0.8571429,4.75,1,0,0,0,0,0,0,0,0
0,0.8417022,0.2260886,-1.472688,1,0.8571429,5,1,0,0,0,0,0,0,0,1
0,-1.093177,-0.5072168,-0.8817173,1,0.5714286,4,1,0,0,0,0,0,0,0,1
1,-0.420773,0.2260886,-0.4690475,1,0.8571429,4.5,1,1,0,0,0,0,0,0,1
0,-0.5405269,-0.6946884,-0.243216,1,0.8571429,4.75,1,0,0,0,0,0,1,0,0
1,-2.058327,-1.47015,-0.5621383,0,1,4.75,1,0,0,0,0,0,1,0,0
0,-0.3246819,0.92597,-0.6090121,0,0.8571429,4.75,1,1,0,0,1,0,0,0,0
0,-0.5948614,-0.0978001,-0.5621383,0,0.4285714,4.75,1,1,0,1,0,0,1,0,0
0,0.7841833,-0.0890676,-0.1963423,0,0.4285714,4.75,1,0,0,0,0,0,0,0,1
0,-1.588308,0.0807735,-0.6083553,0,1,4.5,0,0,0,0,0,1,0,0,1
0,-0.3664385,0.2260886,-0.2894331,0,0.5714286,5,1,1,0,0,0,0,0,0,1
1,-0.5531048,-0.4129563,-0.8810606,0,1,5,1,0,0,0,0,0,0,0,1
1,0.3728777,-0.0556436,-0.6076986,1,0.5714286,4.5,1,1,0,0,0,0,1,0,0
0,0.8542801,1.283283,-1.566436,1,0.8571429,5,1,0,0,0,0,0,0,0,0
0,-0.5113482,0.9681265,-0.2425593,1,0.4285714,3.5,1,0,0,0,0,0,0,0,1
1,-0.6311021,0.2260886,-0.9279343,1,0.2857143,3.5,1,0,0,0,0,0,1,0,0
0,-0.3790164,-0.3707998,-0.243216,0,0.8571429,4.75,1,0,0,0,0,0,1,0,0
0,-0.5247647,-0.6525319,-0.243216,0,0.7142857,4.25,1,0,0,0,0,0,1,0,0
1,-1.619833,-0.0890676,-0.5621383,1,0.7142857,4.5,1,0,0,0,0,0,0,0,1
0,-0.3506762,0.2260886,-0.2894331,1,0.7142857,5,1,1,0,0,0,0,1,0,0
0,-0.3664385,-0.9851531,-2.384551,0,0.4285714,4.25,1,1,0,0,0,0,0,0,1
1,-0.3664385,0.2260886,-2.384551,1,1,5,1,1,0,0,0,1,0,0,1
1,-1.981481,-1.367157,-0.6076986,1,0.8571429,3.75,1,1,0,0,0,0,0,0,1
0,-0.3947787,-0.4129563,-0.243216,1,0,4.5,1,1,0,0,0,0,0,0,1
0,-0.3664385,-1.052001,-0.243216,0,0.7142857,4.5,1,1,0,0,0,0,0,0,1
0,-0.3664385,0.6442378,-0.243216,0,1,3.25,1,0,0,0,0,0,0,0,0
1,-0.3822008,0.2260886,-0.5621383,1,0.8571429,4,1,0,0,0,0,0,0,0,1
0,-0.3246819,-0.6525319,-0.2894331,0,1,5,1,0,0,0,1,0,1,0,0
1,-0.3664385,-0.3707998,-0.5621383,1,1,4.5,1,0,0,0,0,0,0,0,1
0,0.3445376,-1.052001,-0.1963423,1,0.5714286,4.75,1,0,0,0,0,0,0,0,0
0,-0.2829252,0.2260886,-0.2425593,1,0.7142857,5,1,0,0,0,0,0,0,0,0
0,-0.3246819,-0.736845,-0.2894331,1,0.8571429,5,1,1,0,0,0,0,0,0,1
1,-0.9316664,-0.0890676,-0.8817173,1,0.8571429,4.75,1,0,0,0,0,0,0,0,0
0,-0.3790164,0.2260886,-0.243216,0,0.7142857,3.5,1,0,0,0,0,0,0,0,1
0,-0.8060842,-0.0556436,-0.5621383,1,0,4.25,1,1,0,0,0,0,0,0,1
1,-0.4081952,-1.385837,-0.5621383,1,0.7142857,4,1,1,0,0,0,0,1,0,0
0,-1.050269,-0.6946884,-0.196999,1,0.5714286,4.25,1,0,0,0,0,0,0,0,1
1,-0.3664385,0.2260886,-1.199983,1,1,5,1,1,0,0,0,0,0,0,1
0,-0.4751075,0.2260886,-2.384551,1,1,3,1,0,0,0,0,0,0,0,1
0,-0.3664385,0.2260886,-1.792267,1,1,4.5,1,0,0,0,0,0,0,0,1
1,0.240546,-2.775652,-1.29373,1,1,4.5,1,1,0,0,0,0,0,0,1
0,-0.3947787,-1.009845,-0.5621383,1,0.8571429,4.75,1,0,0,0,0,0,0,0,1
1,-0.7643275,-0.736845,-0.2894331,1,0.8571429,4.25,1,0,0,0,0,0,0,0,1
1,-0.420773,0.5078208,-1.566436,1,0.8571429,4.5,1,0,0,0,0,0,1,0,0
0,0.1567204,-0.0556436,-0.2887764,0,0.7142857,4.5,1,0,0,0,0,0,0,0,1
0,-0.3144498,0.2260886,-2.111846,1,0.8571429,4,1,0,0,0,0,0,0,0,0
1,-1.309334,1.565015,-1.792924,1,0.4285714,4.5,1,0,0,0,0,0,0,0,1
0,-0.3664385,-0.0890676,-0.2894331,0,0.2857143,4.75,1,1,0,0,0,0,0,1,0
0,-1.475304,-0.5072168,-0.3349934,1,0.5714286,4.5,1,1,1,0,0,0,1,0,0
0,-0.3404441,0.2260886,-0.2894331,1,0.8571429,5,1,1,0,0,0,0,0,0,1
0,-0.420773,-1.018577,-0.243216,1,0.8571429,5,1,0,0,0,0,0,1,0,0
1,-0.4987703,-0.4129563,-1.519562,0,0.7142857,4.75,1,0,0,0,0,0,1,0,0
1,-0.3664385,-1.070681,-0.2894331,1,1,5,1,0,0,0,0,0,1,0,0
1,-0.9190885,0.6108137,-0.2425593,1,0.8571429,4.25,1,1,0,0,0,0,0,0,1
0,-0.420773,0.2348211,-0.243216,1,1,4,1,1,0,0,0,0,0,0,1
0,0.5274202,-0.6525319,-1.473345,0,1,4.5,1,0,0,0,0,0,1,0,0
1,0.4146344,0.5412448,-0.2425593,1,0.5714286,4.75,1,0,0,0,0,0,0,0,1
0,-0.3822008,-0.5072168,-0.2894331,1,0.7142857,4.75,0,1,0,0,0,0,0,1,0
0,0.1307261,0.2260886,-1.29373,1,0.7142857,5,1,1,0,0,0,0,1,0,0
0,-0.9891853,-0.6946884,-0.5621383,1,0.5714286,4.5,0,1,0,0,0,0,0,0,1
0,0.2472956,0.9681265,-0.9272776,1,0.7142857,3.75,1,0,0,0,0,0,0,0,0
0,-0.3404441,-0.0890676,-0.2894331,1,0.8571429,4.5,1,1,0,0,0,0,1,0,0
0,-0.3664385,0.5412448,-0.8355003,1,0.5714286,5,1,1,0,0,0,1,1,0,0
0,-0.4987703,0.92597,-0.8348436,1,0.7142857,4.5,1,1,0,0,0,0,1,0,0
1,0.8542801,0.6442378,-0.5621383,1,0.5714286,4,1,1,0,0,0,0,0,0,0
0,-0.3246819,-0.3795322,0.6217735,1,0.8571429,4.5,1,1,0,0,0,0,0,0,0
0,0.8802744,1.565015,0.3490682,1,0.8571429,5,1,1,0,0,0,0,0,1,0
0,0.8101776,0.8229769,0.9413525,1,1,4.5,1,0,0,0,0,0,1,0,0
0,-0.3822008,-0.9676881,0.0294892,0,0.7142857,5,1,1,0,0,0,0,1,0,0
0,-0.3144498,-0.3373757,0.6679905,1,0.2857143,4.5,1,0,0,0,0,0,1,0,0
0,-1.277254,0.2260886,0.3490682,1,0.4285714,4.5,1,0,0,0,0,0,0,0,0
0,0.8542801,1.249859,0.6679905,0,0.4285714,4.75,1,1,0,0,0,0,1,0,0
0,-0.3664385,0.2260886,0.3490682,1,0.8571429,4.75,1,0,0,0,0,0,1,0,0
0,0.8542801,-0.5072168,0.0294892,1,0.8571429,4.75,1,1,0,0,0,0,1,0,0
0,-0.3664385,-0.3373757,0.0294892,1,1,4.5,1,0,0,0,0,0,0,1,0
0,0.8960367,1.565015,1.260275,0,0.8571429,5,1,1,0,0,0,0,1,0,0
0,-0.3246819,0.9681265,0.0294892,1,0.4285714,4.75,0,1,0,0,0,0,1,0,0
0,-0.3404441,0.5078208,0.9875695,0,0.8571429,4.75,1,0,0,0,1,0,1,0,0
0,0.5376278,-0.4129563,0.6686472,1,0.8571429,4.5,1,1,0,0,0,0,0,0,1
0,0.683376,-0.8311055,0.076363,1,0.7142857,4.75,1,1,0,0,0,0,0,0,0
0,0.8291243,1.565015,0.0294892,0,0.1428571,5,1,1,0,0,0,0,0,1,0
0,-0.3790164,-1.718458,0.0294892,0,0.4285714,5,1,1,0,0,0,0,1,0,0
0,-0.0264492,0.6442378,0.3490682,1,0.7142857,4,1,1,0,0,0,0,0,0,1
0,-0.3033649,-0.0890676,0.7148643,1,1,4,1,0,0,0,0,1,0,0,0
0,0.8542801,-0.6004279,0.3028512,0,0.7142857,5,1,0,0,0,0,0,1,0,0
0,0.6676137,-1.12157,0.0308026,1,0.8571429,4.5,1,0,0,0,0,0,1,0,0
0,-0.3664385,0.2260886,1.260275,1,1,3.75,1,1,0,0,0,0,0,0,0
0,-1.400491,-0.4129563,0.6686472,0,0.7142857,4.5,1,0,0,0,0,0,1,0,0
0,0.2279681,-0.0890676,0.0294892,1,0.8571429,4.25,1,1,0,0,0,0,1,0,0
1,-0.3822008,-0.4216887,-0.0160711,1,0.8571429,5,1,1,0,0,0,0,1,0,0
0,0.3445376,-0.0890676,0.3490682,1,0.7142857,4.75,1,0,1,0,0,0,0,0,1
1,0.8542801,1.283283,0.3490682,1,0.7142857,4.75,1,0,0,0,0,0,0,0,0
0,0.8385177,0.2260886,1.260275,1,0.8571429,4.75,1,0,0,0,0,0,0,0,1
0,0.8802744,0.6442378,0.0301459,1,0.7142857,4.5,1,1,0,0,0,0,0,0,1
0,0.8960367,-0.788949,0.9406958,1,1,4.5,1,0,0,0,0,0,0,0,1
1,-0.2829252,-0.9851531,0.3490682,1,0.2857143,4,1,0,0,0,0,0,1,0,0
0,0.8960367,-1.888299,-0.0167278,1,1,4.25,1,0,0,0,0,0,1,0,0
1,0.8259399,0.5412448,0.6679905,1,1,5,1,1,0,0,0,0,0,0,1
0,0.8542801,0.5412448,0.6679905,0,0.7142857,5,1,1,0,0,0,0,0,0,0
0,0.8542801,0.2260886,0.9875695,0,1,4.5,1,1,0,0,0,0,0,0,0
1,-0.3790164,-0.0556436,0.9875695,1,0.8571429,4.25,1,0,1,0,0,0,0,0,1
0,-0.3404441,-0.3707998,0.0294892,1,0.8571429,4.75,1,0,0,0,0,0,0,0,1
0,-1.437912,-0.4042238,0.3490682,0,0.1428571,5,1,1,0,0,0,0,0,0,1
0,0.6132792,0.2260886,0.3021945,1,0.8571429,4.75,1,1,0,0,0,0,0,0,1
0,0.8417022,0.2260886,0.0294892,1,1,4.5,1,0,0,0,0,0,1,0,0
1,-1.199514,-0.0890676,0.6679905,1,0.8571429,2.5,1,1,0,0,0,0,0,0,1
0,0.8259399,-0.3795322,0.3490682,1,0.7142857,4.75,1,1,0,0,0,0,1,0,0
0,-0.3822008,0.2260886,0.395942,1,0.8571429,5,1,0,0,0,0,1,0,0,0
1,0.8960367,0.9681265,0.6217735,1,0.8571429,3.5,1,0,0,0,0,1,0,0,0
0,0.7896993,-0.0469111,0.3490682,1,0.7142857,4.75,1,0,0,0,0,0,0,0,1
0,-0.3404441,-0.0556436,0.0301459,1,0.4285714,3.75,1,1,0,0,0,0,0,0,1
1,-1.242165,-0.71938,0.6679905,1,0.8571429,4.5,1,0,0,0,0,0,0,0,0
0,0.8542801,0.0226579,1.260275,0,0.8571429,5,1,1,0,0,0,0,1,0,0
0,0.131877,-0.3707998,0.12258,1,0.5714286,4.25,1,0,0,0,0,0,1,0,0
0,-0.5405269,-1.257987,0.0294892,1,1,4.5,1,0,0,0,0,0,0,1,0
0,-0.3404441,0.5165532,0.3484115,1,1,4.5,1,0,0,1,0,0,0,0,1
0,-0.3664385,-0.0556436,0.0294892,1,0.8571429,3.5,1,1,0,0,0,0,0,0,1
0,-0.2081124,-0.0978001,0.3490682,0,0.8571429,4.25,1,1,0,0,0,0,1,0,0
1,-0.8232844,-0.4042238,0.9406958,1,0.8571429,3,0,0,0,0,0,0,1,0,0
0,-0.3664385,-0.4216887,0.3490682,0,0.7142857,5,1,1,0,0,1,0,1,0,0
0,0.8542801,1.565015,0.9406958,1,0.8571429,4,1,0,0,0,0,0,0,0,1
0,-0.1245991,0.2260886,0.3490682,1,0.8571429,5,1,1,0,0,0,0,0,1,0
0,0.8542801,1.565015,0.6211168,0,1,5,1,1,0,0,0,0,0,0,1
0,-0.2919379,0.6529703,1.260275,1,1,4.5,1,1,0,0,0,0,0,0,1
0,-0.3822008,-0.0556436,0.076363,1,0.4285714,4.5,1,0,0,0,0,0,0,1,0
1,0.6676137,0.3290816,0.076363,1,0.7142857,4.75,1,1,0,0,0,0,0,0,1
0,0.8960367,0.0139254,0.6217735,0,0.7142857,5,1,0,0,0,1,0,0,0,1
1,-0.2829252,-0.4042238,0.0301459,1,1,4.25,0,1,0,0,0,0,0,1,0
0,0.2563083,-0.788949,1.260275,1,0.7142857,4.75,1,1,0,0,0,1,0,0,1
0,-0.2986875,0.6442378,0.6686472,1,0.5714286,4.5,1,0,0,0,0,0,0,0,0
1,-0.3822008,-0.0978001,0.3490682,0,0.5714286,4,1,0,0,0,0,0,1,0,0
0,-0.4081952,-0.1920606,0.6686472,1,0.5714286,5,1,1,0,0,0,0,1,0,0
1,0.8542801,-1.291577,-0.0154144,0,0.7142857,3.25,1,1,0,0,0,0,0,0,1
1,0.8542801,1.146866,0.3021945,1,0.4285714,4.25,1,1,0,0,0,0,0,0,1
0,0.8417022,-0.3707998,0.3490682,0,0.5714286,5,1,1,0,1,0,0,1,0,0
0,0.4146344,0.9172375,0.9875695,0,0.5714286,4.5,1,1,0,0,1,0,1,0,0
1,-0.3246819,0.9681265,0.3497249,0,1,5,1,0,0,0,0,0,0,0,0
0,-0.8773319,0.2260886,0.0770197,1,0.7142857,4,1,1,0,0,0,0,0,0,0
0,0.1149638,0.2260886,0.3952852,1,0.5714286,5,1,1,0,0,0,0,0,0,0
0,0.8542801,0.2260886,0.3490682,1,0.5714286,4.75,1,0,0,0,0,0,1,0,0
0,0.8802744,1.565015,0.9875695,1,0.8571429,5,1,0,0,0,1,0,0,0,0
0,-0.420773,-1.112838,0.0294892,1,1,4.5,1,0,0,1,0,0,0,0,1
0,-0.3664385,0.2260886,0.6679905,1,1,5,1,1,0,0,0,0,0,0,1
1,0.1862115,-0.6946884,0.0294892,1,1,4,1,1,0,0,0,1,0,0,1
0,-0.3664385,-0.0890676,0.9406958,1,0.7142857,5,1,1,0,0,0,0,0,0,0
0,-0.3664385,-0.7281125,0.3021945,1,0.8571429,5,1,0,0,0,0,0,0,0,0
0,0.8417022,-0.6859559,0.6679905,1,0.5714286,4.25,1,1,0,0,0,1,0,0,0
1,-0.3664385,0.2260886,0.3490682,1,1,3.25,1,0,0,0,0,0,1,0,0
0,-0.3731881,0.4990883,-2.384551,1,0.8571429,3.75,1,1,0,1,0,0,0,0,1
0,0.6164637,0.4135602,-0.836157,0,0.5714286,4.75,1,1,0,0,0,1,0,0,1
0,0.8542801,-0.4042238,-0.2900898,1,0.2857143,5,1,0,0,1,0,0,0,0,1
1,-0.915904,-0.0890676,-0.2425593,1,0.7142857,5,1,0,0,1,0,0,0,0,0
0,-0.3664385,0.2260886,-0.2894331,1,0.5714286,4.75,1,0,0,1,0,0,0,0,0
0,0.3602999,-0.0978001,-1.473345,1,1,3.5,0,0,0,1,0,0,0,0,1
0,-0.3664385,1.565015,-0.3349934,1,1,4.5,1,0,1,0,0,0,0,0,0
0,-0.1652048,0.9347024,-0.5621383,0,0.7142857,5,1,1,0,1,0,0,0,1,0
0,-0.323531,0.9681265,-0.2894331,0,0.4285714,4.5,0,0,0,1,0,0,0,0,0
0,-0.3089196,0.2260886,-0.5621383,0,0.7142857,5,1,0,0,1,0,0,0,1,0
0,0.8542801,0.9681265,-1.199983,0,0.4285714,5,1,1,0,1,0,0,0,1,0
0,-1.358734,0.2260886,-0.5152646,0,0.5714286,4.5,0,0,0,1,0,0,0,0,1
0,-1.131749,-0.3373757,-1.247513,1,1,2.25,1,1,0,1,0,0,0,1,0
0,0.8542801,1.565015,-0.5621383,1,1,4.5,1,0,0,0,0,0,0,0,1
0,0.2209755,1.565015,-1.20064,1,0.5714286,4,0,0,0,1,0,0,0,1,0
0,-0.4861925,-2.451764,-0.5621383,0,0.7142857,3,0,0,0,1,0,0,0,1,0
0,0.302781,-0.4129563,-0.2894331,1,0.8571429,3.75,1,0,0,1,0,0,0,1,0
0,-0.3664385,1.241126,0.3490682,0,0.8571429,5,1,0,0,1,0,0,0,0,1
0,0.2279681,1.565015,0.0770197,0,0.2857143,3,1,0,0,1,0,0,0,0,0
1,0.8960367,0.5499773,-0.0167278,1,0.5714286,5,1,0,0,1,0,0,0,0,1
0,0.4146344,-0.0890676,0.9406958,1,0.8571429,4.75,1,0,0,1,0,0,0,0,1
0,0.8542801,0.9681265,0.9413525,1,0.8571429,5,1,1,0,1,0,0,0,0,1
0,-0.3822008,-0.5072168,0.6679905,1,0.5714286,5,1,0,0,1,0,0,0,1,0
0,0.8417022,0.6195462,0.0294892,0,0.4285714,5,1,1,1,0,0,0,0,0,0
0,0.0732071,0.9681265,0.6686472,1,1,4.75,0,1,0,1,0,0,0,1,0
0,-0.3664385,0.2260886,0.3490682,0,0.5714286,4.5,1,0,0,0,1,0,0,1,0
0,-0.3822008,0.2260886,0.6679905,1,0.8571429,5,1,0,0,1,0,0,0,0,1
0,0.8417022,0.2260886,0.3490682,0,0.5714286,5,1,0,0,1,0,0,0,1,0
0,0.8542801,1.565015,1.260275,0,0.1428571,5,1,0,0,1,0,0,0,0,1
0,0.2019738,-0.0890676,0.3484115,1,0.5714286,3,1,0,0,1,0,0,0,0,1
0,0.30163,-0.736845,0.0294892,0,0.8571429,5,1,0,1,0,0,0,0,0,1
1,-0.3664385,0.5078208,0.6686472,1,0.7142857,5,1,0,0,1,0,0,0,0,0
0,-0.3664385,-0.822373,0.3952852,1,0.7142857,4.5,1,0,0,1,0,0,0,1,0
0,-0.2466846,-0.8311055,0.395942,1,0.5714286,4.5,1,0,0,1,0,0,0,0,0
0,-0.2726932,-0.0556436,0.0301459,1,0.8571429,4.5,1,1,0,0,1,0,1,0,0
0,-0.3664385,1.283283,0.076363,0,1,5,1,1,0,1,0,0,0,0,1
1,-0.0016057,0.2260886,0.0301459,0,0.4285714,4.25,0,1,0,1,0,0,0,1,0
1,0.30163,0.2260886,0.0301459,1,0.7142857,4.5,1,1,0,1,0,0,0,0,1
0,0.8542801,0.9681265,0.9875695,1,0.7142857,5,1,0,1,0,0,0,0,0,0
0,0.1058826,0.2260886,0.0294892,1,1,4.25,0,0,0,1,0,0,0,0,0
0,-0.4231188,1.249859,0.0294892,1,0.5714286,4,1,0,0,0,0,0,0,0,1
0,-0.2466846,0.6442378,0.0294892,1,0.5714286,4.5,1,1,0,0,0,0,1,0,0
0,-2.382554,0.2260886,0.0294892,0,0.4285714,4.25,1,0,0,0,0,0,0,0,1
1,-0.7765931,-1.240522,-0.2887764,1,1,3.25,1,0,0,0,0,0,0,0,1
0,0.8259399,1.565015,-1.154423,1,0.8571429,5,1,0,0,0,0,0,1,0,0
0,0.8960367,-0.0556436,-0.2894331,1,0.8571429,4.75,1,1,0,0,0,0,1,0,0
0,-1.665154,-0.0890676,-0.2900898,0,0.8571429,4.5,1,1,1,0,0,0,1,0,0
0,0.8417022,0.2260886,0.0301459,1,1,4.5,1,1,0,0,0,0,0,0,1
0,0.8542801,0.2260886,-0.6090121,1,0.8571429,4.75,1,1,1,0,0,0,0,0,1
0,-0.3664385,-1.615465,-1.520219,1,0.8571429,4.5,1,0,1,0,0,0,1,0,0
0,-0.3790164,0.5412448,-1.154423,0,0.8571429,4.25,1,1,0,0,0,0,0,0,0
0,0.8802744,0.5499773,-0.2894331,0,0.5714286,5,1,0,1,0,0,0,1,0,0
1,0.8960367,0.4048278,-0.2894331,0,0.8571429,3.5,1,1,0,0,0,0,0,0,1
0,-0.3664385,0.2260886,-0.2425593,0,0.8571429,4.75,1,0,0,0,0,0,1,0,0
1,-0.3664385,-0.6859559,-2.384551,1,0.8571429,4.75,1,1,0,0,0,0,0,0,0
0,-0.1292215,0.1839321,-1.473345,1,0.1428571,5,1,1,0,0,1,0,0,0,0
0,-0.3664385,0.2260886,-0.2894331,0,0.8571429,4.25,1,1,1,0,0,0,0,0,1
1,-0.2829252,-1.812719,-0.6090121,1,0.8571429,5,1,1,0,0,0,0,0,0,1
1,-1.587157,-0.6612644,-0.8817173,1,0.7142857,5,1,0,1,0,0,0,1,0,0
1,0.6290416,0.6863943,-1.153766,1,0.7142857,3.5,1,1,0,0,0,0,1,0,0
0,-0.3664385,0.2260886,-0.8810606,1,0.4285714,5,1,0,1,0,0,0,1,0,0
1,-1.719489,-0.4129563,-0.8810606,0,0.8571429,3.5,1,0,0,0,0,0,1,0,0
0,0.5589448,-1.112838,-0.196999,1,0.5714286,5,1,1,0,0,1,0,0,0,1
0,-0.3664385,-1.436726,-0.8817173,1,0.8571429,5,1,0,0,0,0,0,1,0,0
0,-0.5247647,-0.6946884,-0.5621383,1,0.8571429,2.75,1,1,0,0,0,0,0,0,1
0,0.8542801,-0.1920606,-0.5634518,0,0.2857143,5,1,1,0,0,1,0,1,0,0
1,0.1149638,-0.6102098,-0.5614816,1,0.5714286,4.5,1,0,0,0,0,0,1,0,0
0,0.069642,-0.5072168,-0.243216,1,1,4.5,1,1,0,0,0,0,1,0,0
0,-0.3822008,-0.0890676,0.0301459,1,0.5714286,4.5,0,1,0,0,0,0,0,0,1
0,0.2732899,0.2260886,-0.0173845,0,0.8571429,4.5,1,0,1,0,0,0,0,0,0
1,-0.3664385,0.2260886,0.0294892,0,0.8571429,4.5,1,1,0,0,0,0,0,0,1
0,0.8542801,0.5499773,-0.0173845,1,1,4.75,1,1,0,0,0,0,1,0,0
0,0.8834589,-0.6525319,-0.2425593,0,0.7142857,5,1,1,0,1,0,0,1,0,0
1,-0.3947787,-1.146262,-2.384551,0,0.8571429,4.75,1,0,0,0,0,0,1,0,0
0,-0.6460115,0.7198184,-2.384551,1,1,3.75,0,0,0,0,0,1,0,0,1
0,-0.2691965,0.2348211,-0.2894331,0,0.8571429,4.5,1,0,0,0,0,0,0,1,0
0,0.0086263,-1.154994,-0.2419026,1,0.5714286,3.5,1,0,0,0,0,0,1,0,0
0,-1.574579,0.9681265,-0.2894331,1,0.8571429,5,1,0,0,0,1,0,0,0,1
0,0.8542801,-0.788949,0.0301459,0,0.8571429,4.75,1,1,1,0,0,0,0,0,1
0,-0.420773,0.2260886,-2.384551,0,0.7142857,5,1,1,1,0,0,0,1,0,0
1,0.8542801,-1.154994,0.0294892,0,0.8571429,5,1,1,0,1,0,0,1,0,0
0,-0.2081124,-0.788949,-0.2900898,0,0.8571429,3.75,1,1,1,0,0,0,0,0,0
0,0.7251327,0.2260886,-2.384551,1,0.4285714,4,1,0,1,0,0,0,1,0,0
1,0.2019738,-0.3373757,0.0301459,0,0.8571429,4.75,0,0,0,0,0,0,1,0,0
1,0.683376,0.9681265,-1.473345,1,1,5,1,1,0,0,0,0,1,0,0
0,0.2019738,-0.0556436,-0.6552291,0,0.8571429,4.75,1,0,1,0,0,0,0,0,1
0,-0.3853852,-0.5072168,-0.0167278,1,0.7142857,5,1,0,1,0,0,0,0,0,1
0,0.0866236,-0.2765392,-0.5621383,1,0.5714286,5,1,1,1,0,0,0,1,0,0
0,0.7061859,-0.9155841,-0.2900898,1,1,4.25,1,0,1,0,0,0,0,0,1
0,-0.3947787,-0.0978001,-0.2425593,1,0.8571429,3.5,1,0,0,0,0,0,0,0,1
0,-0.7555334,0.2260886,-0.5152646,1,0.7142857,4.25,1,0,0,0,0,0,1,0,0
0,-0.4365353,0.0139254,-0.2894331,1,0.8571429,4.5,1,0,0,0,0,0,0,0,1
0,0.1307261,0.2260886,-0.2900898,1,0.5714286,4.75,1,1,1,0,0,0,1,0,0
1,-0.3664385,0.2260886,-0.243216,0,1,4.5,1,0,0,0,0,0,0,0,1
1,-0.3404441,-0.0890676,-0.6083553,1,1,4.25,1,0,0,0,0,1,1,0,0
0,-0.3924329,-1.436726,-0.2894331,0,0.2857143,5,1,0,0,0,0,0,0,0,0
0,-0.3664385,0.2260886,-0.2894331,0,1,5,1,1,1,0,0,0,0,0,1
1,-0.2647927,-0.6525319,-2.065629,1,0.8571429,5,1,0,0,0,0,0,1,0,0
0,-0.3664385,-0.3373757,0.3490682,0,0.2857143,5,1,0,0,1,0,0,0,1,0
0,0.8960367,-0.0890676,1.260275,0,0.8571429,5,1,0,0,0,0,0,1,0,0
1,0.8905064,0.3290816,0.395942,1,0.8571429,4.75,0,0,0,0,0,0,1,0,0
0,0.3862942,-0.3707998,0.6679905,0,0.7142857,4.25,1,0,0,0,0,0,0,1,0
0,-0.3664385,0.2260886,0.6686472,1,0.8571429,4.5,1,0,0,0,0,0,1,0,0
0,0.8960367,-1.615465,1.260275,1,1,4.5,1,0,0,0,0,0,0,0,1
0,0.8385177,0.2260886,0.6686472,0,0.8571429,4.5,1,0,0,0,0,0,0,0,1
0,0.5896165,-1.052001,0.3021945,0,0.7142857,4.25,1,0,0,0,0,0,0,0,1
0,0.3602999,-0.1920606,0.9875695,1,1,4.5,1,1,0,0,0,0,0,0,0
1,-0.1923501,1.249859,0.3490682,0,0.8571429,4.75,1,1,0,0,0,0,1,0,0
1,-0.3506762,0.5499773,0.076363,0,0.5714286,5,1,1,0,0,0,0,0,0,1
0,0.3862942,0.6442378,0.3490682,0,0.7142857,4.5,1,1,1,0,0,0,0,0,1
1,0.8542801,0.2260886,0.3490682,1,0.8571429,4.75,1,0,0,0,0,0,0,0,1
0,0.8542801,0.2260886,0.3490682,0,0.8571429,4.75,1,0,0,0,0,0,0,0,0
0,-0.8670998,-0.3707998,0.3490682,0,1,4.25,1,0,0,0,0,0,0,0,1
1,-0.9801726,0.2260886,0.9413525,1,0.8571429,4.5,1,0,0,0,0,1,0,0,0
0,-0.3246819,0.2260886,0.3490682,1,1,4.75,1,0,0,0,0,0,0,0,1
0,0.8417022,0.2260886,0.6679905,0,0.7142857,5,1,0,0,0,0,0,1,0,0
0,-0.3664385,-0.0890676,0.3490682,0,0.8571429,3.75,1,1,0,0,0,0,1,0,0
0,0.8259399,-0.0890676,0.076363,0,1,4.75,1,0,0,0,0,0,1,0,0
0,-0.3822008,0.2781926,0.3484115,1,1,4.5,1,1,0,1,0,0,1,0,0
0,0.1567204,-0.0556436,0.3490682,0,1,4.75,1,1,0,1,0,0,0,0,1
0,0.7841833,-0.3373757,0.3490682,0,0.7142857,4.5,1,0,0,0,0,0,0,0,1
0,0.3988721,0.6442378,1.260275,0,1,4.25,1,0,0,0,0,0,1,0,0
1,-0.7607623,0.1926646,0.3490682,0,1,5,1,1,0,0,0,0,1,0,0
0,-0.1505934,-0.788949,0.9406958,1,0.5714286,5,1,1,1,0,0,0,1,0,0
1,-0.8930941,0.2260886,0.3490682,0,0.7142857,4.75,1,1,0,0,0,0,1,0,0
0,0.3445376,-1.718458,0.3490682,0,0.4285714,4.5,1,1,0,0,0,0,0,0,1
1,-0.3664385,-0.4042238,0.6217735,0,0.8571429,4.5,1,0,0,0,0,0,1,0,0
1,-0.2726932,0.2260886,0.3497249,0,0.4285714,4.5,1,0,0,0,0,0,0,0,1
0,0.3287753,0.2348211,0.3490682,1,0.7142857,5,1,0,0,0,0,0,1,0,0
1,0.535282,0.2260886,0.9413525,1,0.7142857,4.75,1,0,0,0,0,0,1,0,0
0,-0.8478408,-0.0890676,0.6686472,0,0.7142857,4.5,1,1,0,1,0,0,1,0,0
0,0.3445376,-0.0890676,0.3490682,0,0.8571429,5,0,0,0,0,0,0,0,0,1
0,0.3602999,-0.3795322,1.260275,0,0.4285714,4,1,0,0,0,1,0,1,0,0
1,-0.3664385,0.5499773,0.6217735,1,0.8571429,4.75,1,0,0,0,0,0,0,0,0
0,-0.3664385,-1.112838,0.3028512,0,0.8571429,5,1,1,0,0,0,0,1,0,0
0,0.6936081,1.241126,0.3490682,1,0.7142857,5,1,1,0,0,0,0,1,0,0
0,0.7999455,-0.4216887,0.9413525,1,1,5,1,1,1,0,0,0,0,0,1
0,0.8542801,1.283283,0.6679905,1,0.8571429,4.75,1,1,0,0,0,0,1,0,0
0,0.8542801,0.2260886,0.3490682,1,1,4.75,1,1,0,0,0,0,1,0,0
0,0.8542801,0.5499773,1.260275,1,0.8571429,5,1,0,0,0,0,0,1,0,0
0,-0.3822008,0.92597,0.3490682,0,0.8571429,4.5,1,0,0,0,0,0,0,0,1
0,0.8417022,-0.0890676,0.3490682,0,0.5714286,4.75,1,1,0,0,0,0,1,0,0
0,0.8542801,1.249859,0.6217735,1,0.8571429,4.5,1,1,1,0,0,0,0,0,1
1,0.8960367,-0.6946884,0.9413525,1,0.8571429,5,0,0,0,0,0,0,1,0,0
0,-0.9506131,0.6442378,0.6679905,1,0.7142857,5,1,0,0,0,0,0,1,0,0
0,-0.3664385,0.2260886,1.260275,1,1,5,1,0,1,0,0,0,1,0,0
1,-0.2671629,-0.4042238,0.076363,1,1,5,1,1,1,0,0,0,0,0,1
1,0.1149638,-0.0978001,0.6679905,0,1,4.75,1,0,0,0,0,1,0,1,0
1,-0.3664385,0.2260886,1.260275,1,0.7142857,4.75,1,0,0,0,0,0,0,1,0
0,-0.3664385,0.2260886,0.3490682,0,0.7142857,5,1,0,1,0,0,0,0,0,1
0,0.2714712,-0.0556436,0.3028512,1,0.1428571,4,1,1,0,0,0,0,0,0,1
0,0.8259399,0.5412448,0.3952852,0,0.7142857,5,1,1,0,0,1,0,1,0,0
0,0.7668893,0.2348211,0.3490682,1,0.8571429,4.75,1,1,0,0,0,0,0,0,1
0,0.8834589,-0.6946884,0.076363,0,0.8571429,5,1,0,1,0,0,0,0,0,1
1,0.8385177,-0.0978001,0.9875695,0,0.7142857,5,1,0,0,0,0,0,1,0,0
0,0.6959539,0.2260886,0.6217735,0,0.8571429,4.5,1,0,1,0,0,0,0,0,1
0,-0.3664385,0.2260886,0.3490682,1,0.8571429,4.5,1,1,0,0,0,0,1,0,0
0,-0.3664385,-1.615465,0.3490682,0,0.8571429,4.75,1,1,0,0,0,0,0,0,1
1,0.8960367,0.9172375,0.9413525,1,0.8571429,5,1,1,0,0,0,0,1,0,0
0,0.8802744,1.565015,0.3490682,0,0.8571429,5,1,1,0,0,0,0,1,0,0
0,0.1149638,-2.451764,1.260275,0,0.8571429,4.5,1,0,0,0,0,0,0,1,0
0,0.3602999,-0.0890676,0.6679905,1,0.7142857,5,1,0,1,0,0,0,1,0,0
0,0.8542801,1.565015,0.3021945,1,0.8571429,4.75,1,0,1,0,0,0,0,0,1
1,0.3988721,1.249859,1.260275,0,0.8571429,4.75,1,1,0,0,1,0,1,0,0
1,-0.3664385,0.2260886,0.9875695,1,1,4.75,1,0,0,0,0,0,1,0,0
0,0.1567204,1.241126,0.6686472,0,0.5714286,4,1,0,1,0,0,0,0,0,1
0,0.3445376,-0.0890676,1.260275,0,0.8571429,4.5,1,0,0,0,0,0,1,0,0
1,0.6550359,1.249859,-1.107549,1,1,5,1,1,0,0,0,0,0,0,1
1,0.8542801,-0.6946884,-0.5614816,1,1,4.75,1,1,0,0,0,0,0,0,0
0,0.3410409,0.9681265,-1.473345,1,0.5714286,5,1,1,0,0,0,0,0,0,1
0,0.1862115,0.2260886,-0.2894331,1,0.5714286,4.25,0,0,1,0,0,0,0,0,0
0,0.8542801,1.565015,-1.155079,1,0.2857143,4,1,0,1,0,0,0,0,0,1
0,-0.1403614,-0.0978001,-0.2894331,1,0.8571429,3.75,1,0,0,0,0,0,0,0,1
1,-1.461506,0.2260886,-1.792267,1,0.8571429,4.5,1,1,0,0,1,0,0,0,1
0,-0.0130327,-1.052001,-2.384551,0,1,5,1,0,0,0,0,0,0,0,0
1,0.7999455,0.8317094,-0.2894331,1,0.5714286,4.5,1,1,0,0,0,0,0,0,1
0,-0.420773,-0.1920606,-0.5621383,1,0.5714286,4.75,1,1,0,0,0,1,0,0,0
1,-0.3664385,-0.9676881,-0.2900898,1,1,3,1,0,1,0,0,0,1,0,0
0,0.1149638,0.2260886,-0.6083553,1,0.8571429,5,1,0,0,0,0,0,0,0,1
1,-0.3144498,-0.8311055,-0.1963423,1,1,4.75,1,0,0,1,0,0,0,0,1
0,-0.4365353,-0.3707998,-2.384551,0,0.4285714,4.25,1,1,0,0,0,0,0,0,0
1,-0.9600065,0.2260886,-0.5621383,1,0.7142857,4.5,1,0,0,0,0,0,0,0,1
0,-0.3664385,0.2260886,-0.8341869,1,0.5714286,4,1,0,0,0,0,0,1,0,0
1,-0.8478408,-0.5072168,-0.5621383,1,0.8571429,4,1,1,0,0,0,1,0,0,1
0,-0.2238747,0.5078208,-0.1501253,1,0.4285714,5,1,1,0,0,1,0,0,0,1
0,0.8676965,0.2260886,-0.2425593,1,1,5,1,0,0,0,0,0,0,0,1
0,-0.3979631,-0.6102098,-1.247513,1,0.8571429,5,0,0,0,0,0,0,0,1,0
1,-0.3664385,0.2260886,-1.20064,1,1,4,1,1,0,0,0,0,0,1,0
0,-0.3664385,-0.4216887,-0.9279343,1,0.8571429,5,1,0,1,0,0,0,0,0,0
1,0.8417022,-1.676302,-0.2894331,0,1,4.5,1,1,0,0,0,0,0,0,0
0,-0.2951908,-1.112838,-0.8817173,0,1,4,1,1,0,0,0,0,0,1,0
1,-0.1923501,0.2260886,-0.5621383,1,1,4,1,1,0,0,0,0,0,1,0
0,-1.602919,0.3625056,-0.1963423,1,0.8571429,4.75,1,0,0,0,0,0,1,0,0
0,-0.2986875,-0.6946884,-0.562795,0,1,5,1,0,0,0,0,0,1,0,0
0,-0.4231188,-2.451764,-1.473345,1,0.8571429,4.5,1,0,0,0,0,0,0,0,1
0,0.2098742,0.2260886,-2.384551,1,1,4,1,0,0,0,0,0,1,0,0
1,-0.3947787,-1.427994,-1.29373,1,0.5714286,3.75,1,1,0,0,0,0,0,0,0
1,-1.227597,0.2260886,-1.472688,0,0.7142857,4,1,0,0,1,0,0,0,1,0
0,0.3602999,-0.0890676,-2.384551,0,0.8571429,4,1,0,0,0,0,0,1,0,0
0,-0.3246819,0.2260886,-1.839141,1,0.8571429,4.75,1,0,1,0,0,0,0,0,1
0,-2.792113,-0.4129563,-1.473345,0,0.1428571,3,1,1,0,0,0,0,1,0,0
1,0.8960367,-0.0556436,-0.8810606,1,1,4.75,0,1,0,0,0,1,0,0,1
0,-0.1368647,0.1926646,-0.8810606,0,0.7142857,4.75,1,1,0,0,0,0,1,0,0
0,-0.1368647,0.9681265,-0.8804039,1,0.8571429,4.5,1,0,0,0,0,0,1,0,0
0,-0.2986875,0.5499773,0.3490682,1,0.8571429,4.75,1,0,0,0,0,0,0,0,1
0,-0.3664385,-0.9764206,0.6217735,0,0.8571429,4.5,1,1,0,0,0,0,0,0,1
0,0.8960367,-0.7281125,0.3490682,0,0.8571429,5,1,1,0,0,0,0,0,0,0
0,0.1433039,-0.1920606,1.260275,0,0.4285714,5,1,1,0,0,0,0,0,0,0
1,0.1397388,-1.240522,0.3490682,1,1,3.75,1,1,0,0,0,0,1,0,0
0,-0.3664385,0.2260886,1.260275,1,1,4.5,1,0,1,0,0,0,0,0,1
0,-0.3664385,0.2260886,0.3490682,0,0.4285714,4.75,1,0,0,0,0,0,0,0,0
0,0.8542801,0.6863943,0.3490682,1,1,5,1,1,0,0,0,0,1,0,0
1,-0.483008,-2.451764,0.3490682,1,0.5714286,4.25,1,0,0,0,0,0,0,0,1
0,0.6676137,-0.4042238,0.3490682,0,0.8571429,4.5,1,0,0,0,0,1,0,0,1
0,0.8542801,0.2260886,0.6211168,0,0.7142857,4.5,1,0,0,0,0,0,0,0,1
0,-0.3632541,0.6355053,1.260275,1,0.8571429,4,1,0,0,0,0,1,0,0,0
1,-0.3822008,-0.0556436,0.3490682,1,0.8571429,3.5,1,0,0,0,0,0,0,0,1
0,0.8802744,0.3625056,0.9406958,0,0.5714286,5,1,1,0,0,0,0,1,0,0
0,0.8802744,-0.0978001,0.6686472,1,0.7142857,4.5,1,1,0,0,0,0,0,0,1
0,-0.3664385,-0.6102098,0.076363,0,0.8571429,4.25,0,0,1,0,0,0,0,1,0
1,0.535282,0.2260886,0.6686472,1,0.8571429,5,1,1,0,0,0,1,0,0,0
0,-0.3664385,0.2260886,0.3490682,0,0.8571429,5,1,0,0,0,0,0,0,0,1
0,0.8960367,0.2260886,1.260275,1,0.4285714,5,1,1,0,0,0,0,0,0,1
0,-0.3664385,0.2260886,0.3490682,1,0.7142857,4.5,1,0,0,0,0,0,1,0,0
0,-0.2081124,-0.6191079,0.9875695,1,0.4285714,5,1,0,0,0,0,0,0,0,0
0,-0.8218464,0.2260886,0.0301459,0,0.7142857,5,1,0,0,0,0,0,1,0,0
1,0.4146344,-0.4129563,0.0294892,1,0.4285714,4.5,1,1,1,0,0,0,0,0,1
0,-0.4751075,-1.240522,0.7148643,1,0.7142857,5,0,1,0,0,0,0,0,0,1
0,-0.3979631,0.2260886,0.3490682,0,0.7142857,4.25,1,0,1,0,0,0,0,0,0
0,0.3728777,0.5078208,1.260275,1,0.7142857,5,1,0,0,0,0,0,0,0,0
0,-0.3664385,0.2260886,0.3490682,1,0.8571429,5,1,0,0,0,0,0,0,0,1
1,-0.3664385,-0.0890676,0.3490682,0,0.7142857,4.5,1,0,0,0,0,0,0,0,0
1,0.3433867,-0.1920606,0.0294892,1,0.8571429,4.75,1,1,0,0,0,1,0,0,1
0,0.2019738,0.2260886,0.0301459,0,0.7142857,5,1,0,0,0,0,0,0,0,1
1,-0.3246819,0.959394,0.3490682,0,0.8571429,4.5,1,1,0,0,0,0,1,0,0
1,-0.3404441,-0.0978001,0.3490682,1,0.8571429,4.75,1,0,0,0,0,0,0,0,1
1,-1.105755,-0.3286432,0.9875695,0,0.7142857,3.5,1,1,0,0,0,0,1,0,0
0,0.8542801,0.9681265,1.260275,0,0.8571429,5,1,0,0,0,0,0,1,0,0
1,0.5872849,0.5499773,-0.0167278,1,0.5714286,5,1,1,0,0,0,0,1,0,0
0,-1.128565,0.0139254,0.3490682,0,0.7142857,4.75,1,1,0,0,0,0,1,0,0
1,0.8542801,1.146866,0.9406958,1,0.8571429,4,1,1,0,0,0,0,0,0,1
0,0.7511271,0.6442378,0.0294892,1,0.8571429,4.5,1,0,1,0,0,0,0,1,0
0,0.1149638,-0.0978001,0.6686472,1,0.7142857,5,1,0,0,1,0,0,0,0,0
0,0.6676137,-3.79069,0.3484115,1,1,3.75,1,1,0,0,0,0,0,0,1
0,0.8542801,-1.112838,0.3497249,1,0.8571429,3.25,1,0,0,0,0,0,0,0,0
1,0.8542801,-0.8311055,0.3490682,1,0.8571429,4.5,1,1,0,0,0,0,0,0,1
1,0.8542801,-0.9851531,0.6217735,1,1,4.75,0,0,1,0,0,0,1,0,0
1,0.8542801,1.565015,0.0294892,1,0.7142857,4,0,1,0,0,0,0,0,1,0
1,-0.3562064,0.6442378,0.3490682,1,0.8571429,4.5,1,1,0,0,0,0,0,0,1
0,0.7944153,1.565015,0.3490682,1,0.8571429,4.75,1,1,0,0,0,0,1,0,0
0,-0.3404441,0.2260886,0.3952852,0,0.8571429,5,1,0,0,1,0,0,0,0,0
0,-0.3664385,-0.6102098,0.6686472,1,0.2857143,3,1,0,0,0,0,0,0,1,0
0,-0.4751075,-1.821451,1.260275,1,0.1428571,5,1,0,0,0,0,0,0,0,1
1,-0.3664385,0.2260886,0.9413525,1,1,5,1,0,0,0,0,0,0,1,0
0,0.8542801,1.249859,0.3490682,0,1,4.5,1,1,0,0,0,0,0,1,0
0,0.2890522,-0.0556436,0.0294892,1,0.7142857,4.75,1,1,1,0,0,0,0,0,1
0,-0.4648755,-0.4129563,-0.5621383,1,0.2857143,3.75,1,0,0,0,0,0,0,1,0
0,0.3276244,-1.112838,-0.3349934,1,0.8571429,4.75,1,1,0,0,0,0,0,0,1
0,-0.3506762,0.9681265,0.0301459,0,1,4.75,1,1,0,0,0,0,1,0,0
1,-0.3790164,-0.5159492,-0.243216,1,1,4.5,0,0,0,0,0,1,0,0,0
0,-0.1923501,0.2260886,0.0301459,1,0.8571429,4.25,1,0,0,0,0,0,0,0,0
1,-0.3664385,0.2260886,0.0294892,1,0.8571429,5,1,1,0,0,0,1,0,1,0
1,0.0992015,-0.0978001,-0.4690475,1,1,4.25,1,0,0,0,0,0,0,0,1
0,-0.3506762,0.5499773,-0.2425593,1,0.1428571,5,1,0,0,0,0,0,0,0,1
1,-0.7800898,-0.9676881,-0.5621383,1,0.7142857,5,1,1,0,0,0,0,1,0,0
0,0.8542801,-0.4042238,-1.20064,1,0.5714286,4.25,1,1,0,0,0,0,0,0,1
0,-0.3246819,0.2260886,-2.064972,1,0.5714286,4.75,1,0,0,0,0,0,0,0,1
1,-1.869915,0.9681265,-2.384551,1,0.8571429,4,1,0,0,0,0,1,1,0,0
0,0.7353647,0.0139254,-0.7879698,1,0.5714286,4.5,1,0,0,0,0,0,0,0,1
0,0.8542801,-0.0890676,-1.74605,0,0.8571429,4.25,1,0,0,0,0,0,0,0,1
1,-0.3790164,-0.7034209,-0.6552291,1,0.7142857,4.75,1,0,0,0,0,1,0,0,0
0,-0.2081124,0.2260886,0.076363,1,0.8571429,4.5,1,0,0,0,0,0,0,1,0
1,-1.587157,-0.3707998,-0.5621383,1,0.4285714,4.5,1,0,0,0,1,0,0,1,0
1,-0.9631909,-0.0890676,-2.111846,1,0.7142857,4.25,1,0,0,0,0,0,0,0,1
1,-0.3790164,-0.0890676,-0.6083553,1,1,4,1,0,0,0,0,0,0,0,1
0,-0.3822008,-0.3707998,0.076363,1,1,4.5,1,0,0,0,0,0,0,0,1
0,-0.3506762,-0.0890676,0.076363,1,0.4285714,4,1,0,0,0,0,1,0,0,0
1,-0.420773,-0.6946884,0.076363,1,0.4285714,4.25,1,1,0,0,0,0,1,0,0
1,-0.1537779,0.2260886,-0.2425593,1,0.8571429,4.75,1,0,0,0,0,0,0,0,1
1,-1.021929,-0.4129563,0.0301459,0,1,4.75,1,1,0,0,0,0,0,0,1
0,-1.105755,-1.427994,0.076363,1,0.7142857,4.5,1,0,0,0,0,0,0,0,1
0,-0.3664385,-0.6525319,-1.155079,1,0.7142857,4.75,1,0,0,0,0,0,0,0,1
0,-0.3664385,-0.4042238,0.3490682,1,1,4.5,1,0,0,0,0,0,0,0,1
0,-0.1663557,-0.9676881,0.9413525,1,0.5714286,4.75,1,0,0,0,0,0,0,0,0
0,-0.647758,0.2260886,0.6679905,0,0.8571429,4.5,1,0,0,0,0,0,0,0,1
1,0.30163,-0.7976814,0.3490682,1,0.7142857,5,1,1,0,0,0,0,0,0,1
0,0.3445376,0.2260886,0.9406958,1,0.7142857,4.5,1,1,0,0,0,0,0,0,1
0,0.1149638,-1.436726,1.260275,0,0.8571429,4.75,1,1,0,0,0,1,0,0,0
0,0.8542801,1.565015,1.260275,1,0.8571429,4.75,1,1,0,0,0,0,1,0,0
0,0.8542801,1.565015,0.9406958,1,0.8571429,5,1,1,0,0,0,0,0,0,1
0,0.8960367,1.249859,0.6217735,0,0.5714286,4.5,1,0,0,0,0,0,0,0,1
0,-0.4672457,-1.615465,0.395942,1,1,5,1,1,0,0,0,0,1,0,0
0,-0.3246819,0.5078208,0.3490682,1,0.8571429,3.75,1,0,0,0,0,0,1,0,0
0,-0.3664385,0.2260886,0.6217735,1,1,4.25,1,1,0,0,0,0,1,0,0
0,-0.3664385,0.2260886,1.260275,0,0.8571429,5,1,0,0,0,0,0,1,0,0
0,0.8542801,-0.0469111,0.6679905,1,0.5714286,4.5,0,1,0,0,0,0,0,0,1
0,0.1409581,1.283283,1.260275,1,0.7142857,4,1,1,0,0,0,0,0,0,0
0,0.3445376,1.565015,0.3490682,0,0.5714286,5,1,0,0,0,0,0,0,0,1
0,-0.3664385,-0.4129563,0.3490682,1,0.5714286,3.75,1,1,0,0,0,0,0,0,1
0,0.8542801,-0.0890676,0.3021945,1,0.7142857,5,1,1,0,0,0,0,0,0,1
0,-0.2081124,-0.3707998,0.9875695,0,0.8571429,3.5,1,0,0,0,0,0,0,0,1
0,-1.121517,-0.4129563,0.3490682,1,0.5714286,5,1,0,0,0,0,0,0,0,1
1,-0.9190885,-0.6859559,0.6679905,1,0.8571429,4.25,1,1,0,0,0,0,0,0,1
0,0.3988721,-0.6946884,0.3484115,0,0.5714286,4.25,1,1,0,0,0,1,0,0,0
0,0.2279681,-1.052001,0.6679905,1,0.8571429,4,1,1,0,0,0,1,0,0,1
0,-0.3664385,0.3625056,0.6217735,0,0.8571429,5,1,0,0,0,0,0,1,0,0
0,-0.3404441,-0.3707998,0.3490682,0,1,4,1,0,0,0,0,0,0,0,0
0,0.1409581,0.3625056,1.260275,1,1,4,1,1,0,0,0,0,1,0,0
1,-0.1923501,-0.4042238,1.260275,1,1,4.5,1,0,0,0,0,0,0,0,0
0,0.8960367,0.6442378,0.6679905,1,1,4.25,1,1,0,0,0,0,0,0,0
1,-0.3664385,-0.0556436,0.3490682,1,0.5714286,4.75,1,0,0,0,0,0,0,0,1
0,0.3602999,1.565015,0.7148643,0,0.7142857,4.5,1,1,0,0,0,0,0,0,1
1,0.7196025,0.1926646,-0.2900898,0,0.8571429,4.5,1,0,0,0,0,0,0,1,0
0,0.8259399,0.0896716,0.0294892,1,1,5,1,0,0,0,0,0,0,1,0
1,0.8417022,0.2260886,-1.246857,1,1,4.75,1,1,0,0,0,0,0,0,1
0,-0.5373425,-1.009845,-0.2894331,0,0.7142857,4.5,1,1,0,0,0,0,0,1,0
0,0.4707154,-0.0890676,0.0294892,1,0.2857143,5,1,1,0,0,1,0,1,0,0
0,-1.105755,-0.0890676,-0.2894331,1,0.8571429,4.5,1,1,0,0,1,0,1,0,0
0,-1.444593,-1.676302,-1.792267,0,0.8571429,4.5,1,1,0,0,0,0,1,0,0
0,0.8542801,0.9681265,-0.2894331,1,0.8571429,4.75,1,0,0,0,0,0,1,0,0
0,-0.3664385,-1.300309,0.0301459,0,0.8571429,4.75,1,0,0,0,0,0,1,0,0
0,0.8542801,1.565015,-0.243216,0,0.4285714,5,1,0,0,0,0,1,1,0,0
0,-0.9340121,-0.5159492,-0.5621383,0,0.4285714,4.25,1,1,0,0,0,0,0,0,0
0,0.8960367,-0.5072168,-0.2900898,0,0.8571429,4.75,1,1,1,0,0,0,0,0,1
0,-0.2986875,-0.3795322,-0.243216,0,0.8571429,4.25,1,0,0,0,0,0,1,0,0
0,0.3728777,1.241126,-0.1963423,0,0.8571429,5,1,0,0,0,0,0,0,0,0
0,0.2019738,-1.009845,-1.154423,0,0.8571429,4.75,1,0,0,0,1,0,1,0,0
1,0.683376,-0.3795322,-0.6090121,1,0.8571429,4.75,1,1,0,0,0,0,0,1,0
0,0.8417022,0.2260886,0.0294892,0,0.8571429,5,1,0,0,0,0,0,0,0,1
0,-0.3246819,0.2260886,-0.2894331,0,1,4.5,1,0,1,0,0,0,0,0,1
0,0.7999455,-0.0556436,-0.0173845,0,1,4,1,0,0,0,0,0,1,0,0
0,0.8542801,-0.0890676,0.0301459,1,0.7142857,5,1,1,0,0,0,1,0,0,0
0,-0.3664385,0.2173561,0.0294892,0,0.4285714,5,1,1,0,0,0,0,0,0,0
0,-0.182118,-0.3795322,0.076363,1,0.7142857,5,1,0,0,0,0,0,1,0,0
0,0.683376,0.2260886,-0.8817173,0,1,4.75,1,1,0,0,0,0,1,0,0
0,0.7873677,0.2260886,0.076363,1,0.8571429,5,1,0,0,0,1,0,1,0,0
0,-0.5531048,0.2348211,-0.8355003,0,0.5714286,3.75,1,0,0,0,0,0,1,0,0
0,0.8960367,-0.0978001,-0.0167278,0,0.5714286,4.5,1,0,0,0,0,0,0,0,0
1,-0.98485,0.5499773,-1.746707,0,0.5714286,4.75,1,0,0,0,1,0,0,0,1
0,0.3536188,1.565015,0.0294892,0,0.4285714,4.5,1,0,1,0,0,0,1,0,0
1,0.7999455,0.2260886,-1.792267,0,0.8571429,4.75,1,0,0,0,0,0,1,0,0
0,-0.9722721,-0.5072168,-0.5159213,1,0.5714286,5,1,1,0,0,0,0,0,0,1
1,-0.3664385,-0.0978001,-2.384551,1,0.8571429,3.75,1,0,0,0,0,0,0,0,0
0,-1.5454,-1.497563,-0.6090121,1,0.7142857,4.5,1,0,0,0,0,0,0,0,0
0,0.0933047,0.92597,-0.5159213,0,1,5,1,0,0,0,0,0,0,1,0
0,0.7873677,0.9172375,0.0770197,0,1,5,1,0,0,0,0,0,0,0,1
0,0.1567204,-0.6946884,-0.5621383,0,0.5714286,4.5,1,0,0,0,0,0,0,1,0
0,-0.3664385,-1.300309,-1.20064,1,0.8571429,4.5,1,1,1,0,0,0,1,0,0
0,-0.3144498,0.2260886,-0.9279343,1,0.7142857,4.75,1,1,0,0,0,0,0,1,0
1,-0.3813622,-0.0556436,-0.5152646,1,0.7142857,4.75,1,0,0,0,0,0,0,0,1
1,-0.3246819,1.565015,-0.6083553,1,1,5,1,0,0,0,0,0,0,0,0
0,-0.8344243,0.2260886,-1.20064,1,0.8571429,4.5,1,0,0,0,0,0,1,0,0
0,-0.3664385,-0.8311055,-0.5621383,0,0.7142857,4,1,1,0,0,1,0,1,0,0
0,-0.3947787,-0.4042238,-1.473345,1,0.7142857,4.5,1,0,0,0,0,0,0,0,0
0,-0.9045211,-1.112838,0.076363,1,0.7142857,4,1,0,1,0,0,0,0,0,1
1,-0.3947787,-1.249255,-0.8817173,1,0.8571429,4.25,1,0,0,0,0,0,1,0,0
1,-0.5090024,-0.3373757,-0.9279343,0,0.7142857,4.25,1,1,0,0,0,0,1,0,0
0,0.8259399,0.6442378,-0.8810606,0,1,5,1,0,1,0,0,0,1,0,0
1,-0.3246819,-0.3373757,-0.9285911,1,1,4.75,1,0,0,0,0,0,1,0,0
1,-1.374496,-0.4129563,-1.154423,1,0.5714286,4,1,0,0,0,0,0,1,0,0
0,-0.3664385,-0.0035396,0.0757063,1,0.4285714,5,1,1,0,0,0,0,1,0,0
0,0.8542801,1.565015,-0.2887764,0,0.8571429,5,1,0,1,0,0,0,1,0,0
0,0.922031,-0.6525319,-1.246857,1,0.8571429,4.5,1,0,1,0,0,0,1,0,0
0,0.97955,0.072041,-0.5621383,1,0.8571429,5,1,1,1,0,0,0,1,0,0
0,-0.2671629,-0.4042238,-0.243216,1,1,4.5,1,1,0,0,0,0,0,0,1
0,-0.3246819,-1.888299,-0.8810606,1,0.2857143,4.75,1,0,0,0,0,0,0,0,1
0,-0.2081124,-0.0556436,-0.243216,0,0.7142857,4.75,1,1,0,0,1,0,0,0,1
0,-0.3246819,-0.0556436,-0.243216,1,1,4.75,1,1,0,0,0,0,1,0,0
0,0.8960367,-2.451764,-0.516578,1,0.7142857,5,1,1,0,0,0,0,0,0,0
0,0.8417022,1.283283,0.076363,1,0.5714286,4.25,1,1,0,0,0,0,1,0,0
0,0.2019738,0.5499773,-0.562795,1,0.4285714,5,1,1,0,0,0,0,0,0,1
0,-0.420773,-0.9851531,-1.519562,0,0.5714286,5,1,1,0,0,1,0,0,1,0
1,-2.623555,-1.052001,-0.8355003,0,1,4.25,1,0,0,0,1,0,1,0,0
0,-0.3246819,-0.0978001,-0.5621383,0,0.8571429,4,1,0,1,0,0,0,1,0,0
1,0.8542801,0.2260886,-0.2894331,1,1,5,1,1,1,0,0,0,1,0,0
1,-1.459541,-0.3707998,-0.4683908,1,0.8571429,3.5,1,1,0,0,0,0,0,1,0
0,0.8259399,0.0560819,-1.29373,0,1,5,1,0,1,0,0,0,1,0,0
1,0.3433867,1.565015,-0.2894331,1,0.8571429,4.5,1,1,0,0,0,0,1,0,0
0,0.5510442,-1.522254,-0.2894331,0,0.8571429,4.25,1,0,0,0,0,0,0,0,1
0,0.7999455,0.9681265,-0.5614816,0,0.8571429,4.75,1,0,0,0,0,0,0,0,1
0,0.8259399,0.2260886,-0.1963423,1,0.8571429,5,1,1,0,0,0,0,0,0,0
0,-0.1245991,-1.573309,0.0294892,0,0.7142857,4.5,1,1,0,0,0,0,1,0,0
1,-0.4987703,-0.6946884,-0.9279343,1,0.7142857,5,1,0,0,0,0,0,1,0,0
0,0.3602999,-1.385837,-0.2425593,1,0.8571429,4.5,1,0,0,0,0,0,1,0,0
0,0.3571154,0.8317094,-1.426471,0,0.5714286,5,1,0,0,0,1,0,0,1,0
0,0.456391,-1.573143,0.076363,1,0.2857143,4.75,1,1,0,0,0,0,1,0,0
0,-0.4522976,0.2260886,-1.473345,0,0.8571429,4.75,1,0,0,0,0,0,1,0,0
0,0.0992015,-0.3707998,-0.1956856,0,0.7142857,4.25,1,0,1,0,0,0,1,0,0
0,0.8133621,1.565015,-1.473345,0,0.8571429,4.5,1,0,0,0,0,0,1,0,0
0,-0.1537779,1.565015,-1.153109,0,0.5714286,3.75,1,0,1,0,0,0,1,0,0
0,-1.400491,-0.9764206,-0.2425593,1,0.5714286,5,1,1,0,0,0,0,0,0,1
0,0.7377105,-0.6525319,0.3490682,1,0.8571429,5,1,1,0,0,0,0,0,0,1
1,0.8259399,0.9681265,0.6679905,1,0.8571429,4.75,1,0,0,0,0,0,0,0,0
1,0.8802744,-0.6437994,0.6679905,1,1,4.75,1,0,0,0,0,0,0,0,1
0,-0.1797722,-1.888299,1.260275,1,0.8571429,4,1,1,0,0,0,0,0,1,0
0,-1.981549,-1.48883,0.6679905,1,0.7142857,4,1,0,0,0,0,0,1,0,0
0,-0.2081124,0.2260886,0.3490682,1,1,5,1,0,0,0,0,0,0,0,1
0,0.2472956,-1.052001,0.6679905,0,0.7142857,5,1,1,0,0,0,0,1,0,0
0,0.8960367,0.5499773,0.6217735,0,0.8571429,5,1,0,0,0,0,0,1,0,0
0,-0.3246819,0.2682451,0.9406958,1,1,4.75,1,0,1,0,0,0,0,0,1
0,0.8960367,1.249859,0.6679905,0,0.7142857,4.75,1,1,0,0,0,0,1,0,0
0,0.8542801,-1.291577,0.6686472,1,0.7142857,5,1,1,0,0,0,0,0,1,0
0,-0.8478408,0.2260886,0.3490682,0,1,4.75,1,0,1,0,0,0,1,0,0
0,0.6132792,-0.0978001,1.260275,0,0.7142857,4.75,1,0,0,0,0,0,0,0,0
0,-0.3664385,-0.3707998,0.6679905,0,1,5,1,1,0,0,0,0,1,0,0
1,-0.3562064,-0.0890676,0.3490682,0,0.7142857,4.75,1,0,0,0,0,0,1,0,0
0,-0.3790164,0.9681265,0.6217735,1,0.8571429,5,1,0,0,0,0,0,1,0,0
0,0.8542801,-0.736845,0.6217735,0,0.8571429,5,1,1,0,0,0,0,0,0,0
0,0.8417022,0.2260886,0.9406958,0,0.1428571,4.5,1,1,0,0,0,0,0,1,0
0,0.6959539,-0.0556436,0.6679905,1,0.4285714,5,1,1,0,0,1,0,0,1,0
0,-0.3404441,-0.6946884,0.3490682,0,1,4.25,1,0,0,0,0,0,0,1,0
0,0.8417022,-0.3707998,0.3490682,1,1,4.75,1,1,0,0,0,0,0,0,1
1,0.8542801,-1.018577,0.6686472,1,0.8571429,4.75,1,0,0,0,0,0,0,0,0
0,-0.3664385,-0.3707998,0.9875695,0,0.8571429,5,1,1,0,0,0,0,1,0,0
0,-0.3506762,-0.3707998,0.3490682,1,0.8571429,4.75,1,0,0,0,0,0,0,0,0
1,0.8802744,-0.0556436,0.9875695,1,0.7142857,4.75,1,0,1,0,0,0,0,0,0
0,0.8960367,-0.013487,1.260275,1,1,4.75,1,0,0,0,0,0,1,0,0
0,-0.3790164,-1.803986,0.3490682,1,0.5714286,4.25,1,0,1,0,0,0,0,0,0
0,0.8802744,1.565015,0.6679905,1,1,4.5,1,0,0,0,0,0,0,0,1
0,0.5092876,0.2260886,0.6679905,0,0.5714286,4.5,1,0,0,0,1,0,1,0,0
0,0.4146344,-0.0556436,0.9875695,1,0.8571429,4.5,1,0,0,0,0,0,1,0,0
0,0.6676137,-0.7976814,0.6679905,1,0.5714286,4.75,1,0,0,0,0,0,1,0,0
0,-0.3664385,-1.291577,0.3497249,1,0.4285714,4.5,1,1,0,0,0,0,0,1,0
0,0.2890522,-0.2950536,0.6679905,0,0.8571429,4.5,1,0,0,0,0,0,0,1,0
0,-0.3246819,-0.3186958,0.9406958,0,0.7142857,5,1,1,1,0,0,0,1,0,0
0,-0.2081124,0.2260886,0.3490682,0,0.8571429,3.75,1,1,0,1,0,0,1,0,0
0,-0.1537779,-0.3707998,1.260275,1,1,4.75,1,1,0,0,0,0,0,1,0
0,0.8542801,0.5499773,0.6679905,0,0.7142857,5,1,0,0,0,0,0,1,0,0
0,-0.2986875,0.6442378,0.3490682,1,0.8571429,5,1,0,0,0,0,0,0,1,0
1,0.7093704,0.6442378,1.260275,1,1,5,1,0,0,0,0,0,1,0,0
0,0.97955,-0.4216887,0.3490682,1,0.8571429,4.25,1,1,1,0,0,0,0,0,1
0,-0.3664385,0.2260886,0.3490682,0,1,4.75,1,1,1,0,0,0,0,0,1
0,-0.3404441,-0.0556436,0.3490682,0,0.8571429,4,1,0,0,0,0,0,1,0,0
0,-0.3664385,0.2260886,1.260275,0,0.8571429,4.75,1,1,0,1,0,0,0,1,0
1,0.7716054,-0.5072168,0.9875695,1,1,5,1,0,0,0,0,0,0,1,0
0,0.8542801,-0.4042238,0.6224302,0,1,5,1,1,0,0,0,0,0,0,1
0,0.683376,-1.070681,0.3490682,1,0.8571429,4.25,1,1,0,0,0,0,0,0,0
0,-0.249869,-1.564411,0.3490682,0,1,4.5,1,1,1,0,0,0,1,0,0
0,0.7093704,-0.3707998,0.9875695,1,1,4.75,1,0,0,0,0,0,0,0,0
0,-0.2510199,-1.112838,0.3021945,0,1,4.75,1,1,1,0,0,0,1,0,0
0,0.8834589,-1.112838,0.3490682,0,0.8571429,4.75,1,1,0,0,0,0,1,0,0
1,0.8259399,1.565015,0.3490682,1,1,4,1,0,0,0,0,1,0,0,1
1,0.3728777,-1.709726,0.9413525,0,0.8571429,5,1,1,0,1,0,0,0,0,0
0,0.922031,1.249859,0.6217735,0,1,2.75,1,1,0,0,0,0,1,0,0
0,-0.4081952,-0.0978001,0.3490682,1,0.8571429,4.75,1,1,0,0,1,0,0,1,0
0,0.0992015,0.9681265,0.3484115,1,1,4.5,1,0,0,0,0,0,0,0,1
0,0.8960367,0.3290816,0.9406958,1,0.7142857,5,1,1,0,0,0,0,1,0,0
0,0.1850606,-1.249255,0.6686472,1,0.8571429,4.75,1,1,0,0,0,0,0,1,0
0,0.3602999,-0.4129563,0.9406958,1,0.8571429,5,1,0,0,0,0,0,0,0,0
0,0.7479426,-0.1833281,0.3490682,0,0.8571429,5,1,0,1,0,0,0,0,0,1
0,-0.3664385,0.2260886,0.6679905,1,1,5,1,1,0,0,0,0,1,0,0
0,0.8542801,0.2260886,1.260275,1,1,5,1,0,1,0,0,0,0,0,0
0,0.3445376,0.2260886,0.6679905,0,0.8571429,5,1,0,0,0,0,0,0,0,1
0,-0.1537779,-1.173674,1.260275,0,0.7142857,4.5,1,1,0,0,0,0,0,0,0
0,-0.3790164,-0.9764206,0.9875695,0,0.8571429,4.5,1,1,0,0,0,0,0,1,0
0,0.8385177,-0.4129563,0.6686472,1,0.8571429,5,1,0,0,0,0,0,1,0,0
0,0.3988721,0.5165532,0.6217735,0,0.5714286,5,1,1,0,0,0,0,0,1,0
0,0.8542801,-2.127875,1.260275,1,0.7142857,5,1,0,1,0,0,0,0,1,0
0,-0.1555965,-0.7555249,0.3952852,1,0.7142857,3.25,1,1,0,0,0,0,0,0,0
0,0.2019738,-0.0556436,0.3490682,0,0.4285714,4.75,1,1,1,0,0,0,1,0,0
0,0.836172,0.2260886,0.6679905,1,0.8571429,5,1,0,1,0,0,0,0,0,1
0,0.8542801,0.2260886,0.3490682,0,0.5714286,5,1,0,0,0,0,0,1,0,0
0,0.8542801,1.001551,0.9406958,0,0.8571429,5,1,0,0,0,0,0,0,0,0
0,0.8542801,0.2260886,1.260275,1,0.8571429,5,1,1,0,0,0,0,1,0,0
0,0.3620464,-0.4129563,0.6679905,0,0.2857143,3,1,0,0,0,0,0,1,0,0
0,0.683376,-0.3373757,1.260275,1,0.5714286,4,1,1,0,0,0,0,0,0,1
1,-0.0962589,-0.9676881,0.7148643,1,0.8571429,4.5,1,0,0,0,0,0,1,0,0
0,0.8542801,-0.4316362,0.6217735,0,0.8571429,5,1,0,0,0,0,0,0,1,0
0,-0.8218464,-0.822373,0.6686472,1,0.8571429,4.5,1,0,0,0,0,1,0,1,0
0,0.2417653,-0.0890676,0.9406958,1,1,5,1,1,0,0,0,0,0,0,0
1,-0.3246819,0.2260886,0.3490682,1,0.4285714,5,1,0,0,0,0,0,0,0,0
0,0.8960367,-0.5159492,0.9406958,1,0.7142857,5,1,1,0,0,0,0,1,0,0
1,-0.3664385,-0.6946884,0.3497249,1,0.7142857,4.75,1,0,0,0,0,0,0,0,1
0,0.3150466,0.5412448,0.3952852,0,0.8571429,5,1,0,0,0,0,0,0,0,0
0,0.8542801,0.2173561,0.3490682,1,1,4.5,1,1,0,1,0,0,1,0,0
0,0.8802744,-0.6946884,1.260275,1,1,3.5,1,0,0,0,0,0,0,0,0
0,0.3728777,-0.0890676,0.3028512,1,0.7142857,3,1,0,0,0,0,1,0,0,0
0,0.6156108,-0.1224916,0.9413525,1,0.4285714,4.75,1,0,0,0,0,0,0,1,0
0,0.2279681,0.2260886,0.6686472,0,1,4.75,1,0,0,0,0,0,1,0,0
1,0.8960367,-0.0890676,0.6679905,1,0.8571429,5,1,0,0,0,0,0,0,0,0
0,0.8960367,-0.3707998,0.6224302,0,0.7142857,5,1,1,0,0,0,0,1,0,0
0,-0.3664385,-1.709726,0.3484115,0,0.2857143,4,1,1,0,0,0,1,1,0,0
0,0.8960367,0.8229769,0.6217735,0,0.7142857,5,1,0,0,0,1,0,0,1,0
1,-0.2081124,1.565015,0.3028512,1,1,5,1,0,0,0,0,0,0,0,0
0,0.8960367,0.6442378,-0.2887764,1,0.7142857,4.75,0,1,0,0,0,0,1,0,0
0,-0.2081124,-0.4042238,-0.6076986,0,1,5,1,1,0,0,0,0,1,0,0
0,0.0992015,0.5078208,-2.111846,1,0.8571429,5,1,1,0,0,0,0,0,0,1
0,-0.3664385,-0.4042238,-0.5621383,0,0.4285714,5,0,1,0,0,1,0,1,0,0
0,-0.2829252,-0.0556436,-1.153766,0,0.7142857,5,1,1,0,0,1,0,1,0,0
0,-0.3822008,-1.052001,-1.20064,1,0.8571429,4.5,1,0,0,0,0,0,0,0,0
1,-0.6074393,-0.9676881,-2.384551,1,1,5,1,0,0,0,0,0,0,0,0
0,-0.3246819,-0.0890676,-0.5621383,0,0.7142857,3,1,1,0,0,0,0,0,0,1
1,-0.9316664,0.2260886,-1.473345,1,0.7142857,4.5,1,0,0,0,0,0,1,0,0
1,0.7999455,1.001551,-0.5152646,1,1,5,1,1,0,0,0,0,0,0,1
0,0.7093704,-1.154994,-1.20064,1,1,5,1,1,0,0,0,0,1,0,0
1,0.7747898,0.2260886,-1.839141,0,0.8571429,4.75,0,1,1,0,0,0,0,0,1
0,-1.385923,0.2260886,-2.384551,1,1,5,1,0,1,0,0,0,0,0,0
1,-2.027954,-0.4129563,-0.8810606,0,0.7142857,4.25,1,1,0,0,1,0,1,0,0
0,-0.3664385,-1.112838,-1.20064,0,0.7142857,4.5,1,0,1,0,0,0,0,0,1
0,-0.3664385,-0.0978001,-0.2894331,1,0.8571429,4.75,1,0,1,0,0,0,1,0,0
0,-0.3664385,-0.4042238,-0.8341869,1,0.1428571,4.75,1,0,0,0,0,0,0,0,1
1,-0.8670998,-0.4042238,-1.566436,0,0.8571429,4,1,0,0,0,0,0,0,0,1
1,-0.3506762,-0.5072168,-1.792267,1,1,4.75,1,0,0,0,0,0,0,0,1
0,-0.3822008,-0.6946884,-0.5621383,1,0.8571429,4.75,1,0,0,0,0,0,0,0,0
0,-0.8060842,0.2260886,-0.5621383,1,0.8571429,5,1,1,0,0,1,0,0,0,1
1,-0.1923501,0.6108137,-1.153766,0,0.7142857,4.5,1,0,0,0,0,0,1,0,0
0,-0.7701008,1.565015,-1.520219,1,1,4.5,1,0,0,0,0,0,0,0,1
0,-1.471738,0.2260886,-0.8348436,1,0.5714286,5,1,0,1,0,0,0,0,0,1
0,-0.3404441,0.5078208,-1.472688,0,0.2857143,4.75,1,1,0,0,0,0,0,0,0
1,-0.3822008,-0.5159492,-0.2894331,1,0.8571429,4.5,1,1,0,0,0,0,1,0,0
1,0.1862115,0.1926646,-0.6083553,1,0.5714286,5,1,0,0,0,0,0,0,0,0
0,0.0732071,-0.6946884,-0.9741514,1,1,4.75,1,1,0,0,0,1,0,0,1
0,-0.3144498,0.2260886,-0.5621383,1,0.8571429,4.5,1,1,0,0,0,0,1,0,0
0,-0.3664385,0.2260886,-0.5621383,0,0.7142857,4.75,1,0,1,0,0,0,0,0,1
1,-0.3664385,0.2260886,-0.6083553,0,1,4.25,1,0,0,0,0,0,1,0,0
0,-1.063998,-2.451764,-0.5621383,1,0.7142857,4.5,1,0,0,0,1,0,0,1,0
0,0.8259399,0.1230956,-0.2900898,1,0.5714286,3.75,1,1,0,0,0,0,1,0,0
1,-0.1978803,0.6108137,-1.246857,1,1,4.5,1,1,0,0,0,0,0,0,0
0,-0.3664385,-0.5159492,0.9875695,1,1,5,1,1,0,0,0,0,1,0,0
0,-0.3246819,-0.6612644,0.3490682,0,0.8571429,4.5,0,0,0,0,0,0,0,1,0
0,-0.3246819,0.2260886,0.3490682,1,0.7142857,4.25,0,0,0,0,0,0,0,1,0
0,-0.3246819,-0.3373757,0.9406958,0,0.8571429,4.75,0,1,0,0,0,0,1,0,0
0,-0.3246819,-1.070681,-0.1963423,1,1,4.75,1,1,0,0,0,0,1,0,0
0,-1.025426,-0.7281125,0.0301459,1,0.8571429,4,1,0,0,0,0,0,0,0,1
1,0.683376,1.249859,1.260275,0,0.7142857,5,1,0,0,0,0,0,1,0,0
0,-0.3664385,-0.5159492,-0.1963423,1,0,4.75,1,0,0,0,0,0,0,0,1
0,-0.3664385,0.2260886,-0.2425593,0,0.7142857,4.5,1,0,0,0,0,0,0,0,1
0,0.3433867,0.2260886,0.0301459,1,1,4.75,1,1,0,0,0,0,1,0,0
0,-1.129418,-1.436726,0.3028512,1,1,5,0,1,0,0,0,0,1,0,0
0,0.8960367,-0.8398379,0.3490682,0,1,5,1,1,0,0,0,0,0,0,1
0,0.2019738,-0.5493733,0.3490682,1,0.8571429,4.5,1,0,0,0,0,0,0,1,0
0,-0.8670998,-0.0556436,0.9413525,0,0.7142857,4.5,1,0,0,0,0,0,1,0,0
1,0.8960367,0.2260886,0.9413525,0,0.7142857,5,1,1,0,0,0,0,0,0,1
0,0.8542801,0.2682451,0.3490682,1,0.5714286,4.5,1,1,0,0,0,0,0,0,1
0,0.8542801,-1.112838,0.6217735,1,1,5,1,1,0,0,0,0,0,0,0
1,-0.3664385,0.2260886,0.3490682,1,1,4.5,1,0,0,0,0,0,0,1,0
0,0.8960367,0.5078208,0.6217735,1,1,5,1,0,0,0,0,0,0,0,1
0,-0.3664385,0.5078208,0.9406958,0,0.7142857,5,1,1,0,0,0,0,0,0,1
0,0.8542801,1.565015,0.0301459,0,0.8571429,5,1,1,0,0,0,0,0,0,1
0,-0.7146154,-0.3373757,0.3490682,1,0.7142857,4.5,1,0,0,0,0,0,0,0,1
0,-0.1923501,0.9681265,0.3497249,1,0.8571429,5,1,0,0,0,0,0,0,0,1
0,0.9377933,-2.809077,1.260275,0,1,4.5,1,1,0,0,0,0,0,0,1
1,0.3988721,1.249859,0.0301459,1,0.8571429,4.5,1,0,0,0,0,0,0,0,1
0,0.7999455,0.6020813,0.076363,1,0.8571429,4.75,1,0,0,0,0,0,1,0,0
1,-0.797003,-0.2765392,0.0301459,1,0.7142857,5,1,0,0,0,0,0,1,0,0
0,0.1149638,0.5412448,0.076363,1,1,5,1,1,0,0,0,0,0,0,0
0,-0.2829252,-0.0978001,0.3490682,0,0.7142857,4.75,1,0,0,0,0,0,1,0,0
0,0.8542801,1.565015,0.6217735,1,0.8571429,5,1,0,0,0,0,0,0,0,1
0,-0.3664385,0.2260886,-0.2425593,1,0.8571429,4.5,1,0,0,0,0,0,0,0,1
1,0.8960367,0.6863943,0.395942,1,1,5,1,0,0,0,0,1,0,1,0
0,-0.3664385,-0.0890676,0.6686472,0,0.8571429,4.75,1,0,0,0,0,0,0,0,1
1,0.8542801,0.2260886,0.6679905,1,0.8571429,5,1,1,0,0,0,0,0,0,1
0,0.8542801,1.249859,0.3490682,0,0.8571429,5,1,0,0,0,0,0,0,0,1
0,0.7841833,1.565015,1.260275,1,1,4.75,1,0,0,0,0,0,0,0,1
0,0.8417022,-1.173674,0.0301459,0,0.8571429,4.75,1,1,0,0,0,0,0,0,0
0,-0.3144498,-0.9676881,0.3490682,1,1,3.75,1,1,0,0,0,0,0,0,1
0,-0.3664385,-1.207098,0.3490682,1,0.4285714,4.75,1,1,0,0,0,0,0,0,1
0,-0.3664385,0.2260886,0.3490682,1,0.8571429,4.75,1,1,0,0,0,0,1,0,0
0,-0.3664385,0.2260886,-0.1963423,1,0.8571429,4.75,1,1,1,0,0,0,0,1,0
1,-0.9214343,0.6442378,-1.201296,1,0.8571429,4.25,1,0,0,1,0,0,0,0,1
0,-0.7639468,0.5078208,-0.243216,1,0.7142857,5,1,0,0,0,0,1,0,0,1
0,-0.1561237,0.5165532,-0.5621383,1,0.8571429,5,1,1,0,1,0,0,0,0,1
0,-1.528419,-0.4042238,-0.8804039,1,1,4.25,0,1,0,1,0,0,1,0,0
0,-1.778159,0.2260886,-0.9279343,1,1,3.75,1,1,1,0,0,0,0,1,0
0,0.2417653,0.2260886,-0.8810606,1,1,5,1,1,0,1,0,0,1,0,0
0,0.9377933,0.0051929,-0.3349934,1,1,4.5,1,1,0,0,0,0,0,1,0
0,-2.491223,-0.0890676,-0.5152646,1,0.5714286,4.25,1,0,0,1,0,0,0,0,1
0,-0.3664385,-0.3373757,-1.474002,1,1,5,1,1,0,1,0,0,0,1,0
1,-1.025426,0.2260886,-0.6096688,1,0.8571429,4.25,1,0,0,1,0,0,0,1,0
0,-0.2829252,-0.0978001,-0.6083553,1,0.8571429,3.5,1,0,1,0,0,0,0,0,1
0,0.302781,-0.0978001,-0.8810606,1,0.5714286,4,1,0,0,1,0,0,0,0,0
1,-1.736402,-0.4216887,-0.9279343,1,0.7142857,3.5,1,0,0,1,0,0,0,0,0
0,0.8259399,0.6108137,-0.3363068,0,0.5714286,5,1,0,0,1,0,0,0,1,0
0,0.4146344,1.565015,-0.6552291,0,1,5,1,1,0,1,0,0,0,0,1
0,-1.121517,0.2260886,-0.243216,0,0.7142857,4.75,0,0,0,1,0,0,0,0,0
1,-0.8513375,-0.0978001,-1.199983,1,0.8571429,5,1,0,0,1,0,0,0,0,1
1,-0.3979631,0.2260886,-1.155079,1,1,4.75,1,0,0,1,0,0,1,0,0
1,-1.602919,-0.3707998,-2.384551,1,0.8571429,4.25,0,0,0,0,0,0,0,0,1
0,0.1850606,-0.0890676,-0.2894331,0,0.5714286,5,1,1,1,0,0,0,0,1,0
0,-0.7485652,0.0473494,-0.8817173,1,0.5714286,4.25,1,1,0,0,1,0,0,0,1
0,0.3319598,-1.615465,-1.20064,1,0.4285714,5,1,1,0,0,1,0,0,0,1
0,0.1567204,0.2260886,-0.6090121,0,0.7142857,5,1,1,1,0,0,0,0,0,0
1,-2.223701,-0.0890676,-2.111846,1,0.7142857,4.25,1,1,0,1,0,0,0,1,0
0,-1.073079,-2.170032,-1.20064,1,0.7142857,4.25,0,0,0,1,0,0,1,0,0
1,-0.2829252,-0.0978001,-0.2894331,0,0.8571429,4.75,1,0,0,1,0,0,0,1,0
0,0.8542801,1.565015,-1.473345,1,0.2857143,5,1,1,0,1,0,0,0,1,0
0,-0.3947787,0.5499773,-0.6083553,0,1,4.25,1,1,0,1,0,0,0,0,1
1,-0.017368,-0.0978001,-1.566436,1,0.7142857,4.75,1,0,0,1,0,0,0,1,0
0,-0.3246819,0.2260886,-0.243216,0,0.5714286,4,0,0,0,1,0,0,0,0,1
0,0.8417022,-0.3373757,-1.247513,1,0.5714286,5,1,1,0,1,0,0,0,1,0
1,-0.6830908,0.2260886,-1.425814,0,1,4.75,1,1,0,1,0,0,0,1,0
0,-0.3947787,0.2348211,-1.519562,0,0.7142857,5,1,0,0,1,0,0,0,1,0
0,-0.3246819,0.1926646,-0.2900898,0,0.5714286,4,1,0,0,0,0,1,0,1,0
0,-0.3664385,0.2260886,-0.8810606,0,0.4285714,4.5,1,1,0,1,0,0,0,0,0
0,0.2890522,-0.5159492,-0.3363068,0,1,4.75,1,0,1,0,0,0,0,0,1
0,-0.3404441,0.2260886,-0.2425593,0,1,3,1,1,0,0,1,0,0,0,1
0,-0.2364525,0.2260886,-0.2894331,0,0.7142857,4.75,1,0,0,1,0,0,0,1,0
0,-0.3822008,-0.3707998,-0.8804039,0,0.2857143,3.75,1,1,0,1,0,0,0,0,1
1,-0.2206902,-0.6102098,-0.2894331,0,0.7142857,5,1,1,0,1,0,0,0,0,1
1,-0.3664385,-0.9676881,-1.839141,0,0.8571429,5,1,1,0,1,0,0,0,0,1
0,0.2166096,-0.2342171,-0.2425593,0,0.7142857,5,1,0,0,1,0,0,0,1,0
1,-0.1923501,-0.0890676,-0.3349934,0,1,4.75,0,1,0,1,0,0,0,0,1
1,-0.2341067,1.565015,-0.2425593,1,0.4285714,4.75,1,1,0,0,0,0,0,0,1
0,-0.2081124,-0.822373,-0.6083553,1,0.7142857,5,1,0,0,1,0,0,0,0,0
0,0.8487498,1.283283,-0.2887764,0,1,4.75,1,1,0,1,0,0,0,1,0
1,-0.3664385,0.6442378,-0.2887764,1,0.7142857,5,1,0,0,1,0,0,0,0,1
1,-1.500079,1.283283,-2.111846,1,0.7142857,4.5,1,0,0,1,0,0,0,1,0
0,0.3602999,1.565015,-2.111846,1,0.7142857,4.5,1,0,1,0,0,0,0,1,0
0,-0.8060842,0.2260886,-0.2894331,1,0.7142857,4.25,1,0,0,0,1,0,0,0,1
0,-0.8092686,0.6529703,-0.6090121,1,0.8571429,4.75,1,0,0,1,0,0,0,0,0
0,-0.4570137,-0.0890676,-0.8817173,0,0.7142857,4.25,1,0,0,1,0,0,0,0,1
1,-1.475522,0.1839321,-1.745393,0,0.7142857,4,0,0,0,1,0,0,1,0,0
0,-1.05142,-0.3707998,-1.246857,0,0.8571429,5,1,0,1,0,0,0,0,0,1
0,0.7093704,0.3116166,-0.9279343,1,0.7142857,5,1,1,0,1,0,0,1,0,0
0,-1.400491,0.2260886,-0.5621383,0,0.7142857,4.75,1,0,0,1,0,0,0,0,1
0,-0.3404441,0.2260886,-0.2425593,0,0.8571429,4.5,1,0,0,1,0,0,1,0,0
1,0.1578713,0.098404,-1.20064,0,0.5714286,4.75,1,0,0,1,0,0,0,1,0
1,-0.4242697,0.6529703,-0.6558858,0,1,4.5,1,0,0,1,0,0,0,0,1
0,-0.2081124,-0.6525319,-0.2887764,0,0.8571429,5,1,0,0,1,0,0,0,0,1
0,-0.581445,1.249859,-1.106235,1,0.7142857,5,1,0,0,1,0,0,0,1,0
0,-0.3404441,0.6442378,-0.5621383,1,0.8571429,4.75,1,1,0,0,0,0,0,0,0
0,0.456391,0.5078208,-1.566436,1,0.7142857,5,1,1,1,0,0,0,1,0,0
0,-1.018745,-0.3795322,-1.473345,0,0.2857143,5,1,0,0,1,0,0,0,0,1
0,-1.008513,0.2260886,-0.8817173,1,0.8571429,4.5,1,0,0,0,1,0,0,0,0
1,0.8542801,1.001551,-0.3356501,1,0.7142857,4.5,0,0,0,0,0,0,0,1,0
0,-0.8930941,-0.7976814,-0.2425593,1,0.7142857,4.75,1,0,0,1,0,0,1,0,0
0,0.535282,0.4135602,-0.6076986,1,0.5714286,4,1,0,0,1,0,0,0,0,0
1,0.8542801,-2.315347,-1.247513,0,1,5,0,1,0,0,1,0,0,0,0
1,0.3433867,1.249859,-0.9285911,1,0.4285714,4.5,1,1,0,0,0,1,0,1,0
0,-0.5247647,-1.112838,-1.839141,0,0.8571429,4.25,1,0,1,0,0,0,0,1,0
0,-1.303536,0.30439,-2.384551,0,0.2857143,5,1,1,0,1,0,0,1,0,0
0,-0.3246819,-0.0890676,-0.2894331,1,0.5714286,5,1,1,0,1,0,0,0,0,1
0,0.2563083,-0.3795322,-1.246857,1,1,4,1,0,0,1,0,0,0,0,0
1,-0.3270276,-0.4042238,-0.2881196,1,0.5714286,4.75,1,0,0,1,0,0,0,1,0
0,0.4981477,0.2260886,-0.6076986,0,0.7142857,4.75,1,0,0,1,0,0,0,1,0
1,-0.3924329,-0.1920606,0.6217735,1,1,5,1,1,0,1,0,0,0,0,0
0,-0.3246819,0.2260886,0.3490682,0,0.8571429,4.25,1,0,1,0,0,0,1,0,0
0,0.8960367,-0.0556436,0.3490682,1,0.8571429,3.25,1,1,0,0,0,0,0,1,0
0,-0.5995775,0.2260886,0.9875695,0,1,5,1,1,0,1,0,0,0,1,0
1,-0.3246819,0.2260886,0.0294892,1,1,4.75,1,1,0,1,0,0,0,0,1
0,-0.4081952,-0.3795322,0.6217735,1,0.8571429,5,0,0,0,1,0,0,0,0,0
0,0.8960367,0.1839321,1.260275,1,0.8571429,5,1,1,0,0,0,0,0,0,0
1,-1.671051,0.2260886,0.7148643,0,0.4285714,4.75,0,0,0,1,0,0,0,0,1
1,0.3728777,0.6442378,0.076363,1,0.2857143,4.75,1,1,0,1,0,0,0,1,0
0,-0.3664385,0.2260886,0.3490682,1,0.7142857,4.75,1,1,0,1,0,0,0,1,0
0,0.3728777,0.2260886,0.3015378,1,0.8571429,4.25,1,1,0,1,0,0,0,0,1
0,-0.3664385,0.2260886,0.0301459,1,0.7142857,5,1,1,0,1,0,0,1,0,0
0,0.7377105,-0.2765392,0.6211168,1,0.4285714,3,1,0,0,1,0,0,0,0,0
0,-0.3506762,0.5499773,0.0294892,1,0.4285714,4,0,1,0,0,1,0,0,0,1
0,-0.420773,0.2260886,0.0294892,1,0.5714286,4.25,1,1,0,1,0,0,0,0,1
1,-0.420773,-0.822373,1.260275,1,0.8571429,5,0,1,0,1,0,0,0,1,0
0,-0.3664385,0.2260886,0.6217735,1,1,4,0,1,0,1,0,0,0,1,0
1,-0.4570137,-0.925366,0.6686472,1,1,4.75,1,1,0,0,0,1,1,0,0
0,0.8676965,1.565015,0.3028512,0,1,4.5,1,0,1,0,0,0,1,0,0
0,0.8101776,1.565015,0.0294892,1,0.7142857,4.5,1,0,1,0,0,0,0,0,1
0,0.8417022,-1.973828,0.3490682,0,0.8571429,4.75,1,0,0,1,0,0,0,1,0
0,0.683376,1.565015,0.9875695,1,0.4285714,4.25,1,0,0,1,0,0,0,1,0
0,0.6959539,1.283283,0.0294892,1,0.8571429,4.5,1,1,0,0,1,0,0,1,0
0,-0.8930941,-0.0890676,0.076363,0,0.4285714,4.75,1,0,0,1,0,0,0,0,0
0,0.8417022,0.2260886,0.3497249,1,0.5714286,4.75,1,1,0,1,0,0,0,1,0
0,-0.3506762,0.2260886,0.3028512,0,0.5714286,4.75,1,1,0,1,0,0,0,1,0
0,0.8960367,0.959394,0.0294892,1,0.1428571,4.75,1,0,0,1,0,0,0,1,0
0,-0.3664385,0.2260886,0.3015378,1,0.7142857,5,1,1,0,1,0,0,0,1,0
0,-0.3562064,0.5499773,1.260275,1,0.2857143,5,1,1,0,1,0,0,0,0,0
0,0.2732899,0.92597,0.9413525,0,0.8571429,4.75,1,1,0,1,0,0,0,1,0
0,-0.3246819,0.2260886,1.260275,1,0.4285714,5,1,1,0,0,1,0,0,0,1
0,-0.420773,-0.0556436,0.0294892,0,0.7142857,5,1,1,0,0,1,0,0,0,1
0,-0.2829252,-0.0890676,0.9413525,1,0.8571429,5,1,0,0,1,0,0,0,1,0
0,-0.3246819,0.2260886,0.076363,1,1,5,1,1,0,1,0,0,0,0,0
1,0.8542801,0.92597,1.260275,1,0.2857143,4,1,1,0,1,0,0,0,0,1
0,0.1862115,-0.4737927,0.0301459,1,1,4.25,1,1,0,1,0,0,0,1,0
1,0.2437304,-0.5072168,0.6679905,1,0.4285714,5,0,0,0,1,0,0,0,1,0
0,-0.3664385,-0.2343827,0.3028512,0,0.7142857,5,1,0,0,1,0,0,0,0,1
0,-0.2081124,-0.0556436,0.3490682,0,0.8571429,4.75,1,1,0,1,0,0,0,0,1
1,0.8542801,0.8229769,0.0301459,1,0.8571429,5,1,1,0,1,0,0,0,0,0
0,-0.3822008,-0.0556436,0.6686472,1,0.8571429,5,1,0,0,1,0,0,0,0,0
0,0.8960367,1.565015,1.260275,1,0.8571429,4.75,1,1,0,0,0,1,1,0,0
0,0.4146344,-0.3284776,0.6217735,1,1,4.5,1,0,0,1,0,0,0,1,0
0,0.9377933,1.249859,1.260275,0,1,4.75,1,1,1,0,0,0,1,0,0
0,0.6959539,1.283283,0.3021945,0,0.5714286,5,1,1,0,0,1,0,1,0,0
1,-0.3404441,-0.0890676,0.0294892,1,0.7142857,5,1,0,0,1,0,0,1,0,0
0,-0.3664385,0.2260886,1.260275,0,0.8571429,5,1,1,0,0,0,0,0,1,0
0,0.2630436,-0.2254846,0.9406958,1,0.8571429,5,1,0,0,1,0,0,0,0,1
0,0.8542801,0.2260886,-0.0167278,1,0.1428571,3.75,0,1,0,1,0,0,0,0,0
0,-0.1380156,0.2260886,1.260275,1,0.8571429,5,1,1,0,1,0,0,0,0,0
0,-0.3664385,0.2260886,0.3490682,1,0.4285714,3.75,1,1,1,0,0,0,0,1,0
0,-0.3246819,-0.6338519,0.6679905,1,0.5714286,5,1,1,0,1,0,0,0,0,1
0,0.1444548,0.2260886,0.9875695,1,0.8571429,5,1,0,0,1,0,0,0,1,0
0,-0.3664385,0.2260886,0.3490682,1,0.8571429,4.75,0,0,1,0,0,0,0,1,0
0,-0.8028997,-0.1833281,0.3952852,0,0.5714286,5,0,0,0,0,1,0,0,0,1
0,-0.3664385,0.2260886,0.3490682,1,0.1428571,4.75,1,1,1,0,0,0,0,1,0
0,-0.3089196,0.2260886,0.0770197,0,0.7142857,5,1,1,0,0,0,0,0,1,0
1,0.6959539,-0.6102098,0.3028512,1,1,3.5,1,0,0,1,0,0,0,0,1
1,-0.9384159,-0.4042238,0.6686472,1,0.5714286,3.25,1,1,0,1,0,0,0,0,1
0,-0.2081124,0.2260886,0.0294892,1,0.7142857,4.5,1,1,0,1,0,0,0,0,1
1,-0.1923501,-0.1920606,0.0770197,0,0.5714286,5,1,1,0,0,0,1,0,0,1
0,0.370532,-0.3707998,0.6679905,0,0.8571429,4.5,1,0,0,0,0,0,0,0,0
1,0.8802744,-0.9676881,0.9406958,0,0.8571429,5,1,0,0,1,0,0,0,0,1
0,-0.1923501,0.2260886,0.9413525,0,0.2857143,4,0,0,0,0,0,1,0,1,0
0,-0.3790164,0.6442378,0.3490682,0,1,4.75,1,1,0,1,0,0,0,0,1
0,-0.1832689,-0.0978001,0.9875695,1,0.8571429,4.25,1,1,1,0,0,0,0,0,1
1,0.4146344,0.5165532,0.6217735,0,0.8571429,4.75,1,1,0,1,0,0,0,0,0
0,-1.390259,0.2260886,0.076363,0,0.8571429,4.25,0,0,0,1,0,0,0,0,1
1,0.8542801,0.6442378,0.3490682,0,0.1428571,5,1,0,0,1,0,0,0,0,1
0,0.7873677,0.1926646,0.3497249,0,0.7142857,5,1,0,0,1,0,0,0,0,0
0,-1.238087,1.565015,0.076363,1,0.8571429,4.5,0,0,0,1,0,0,0,1,0
0,0.7668893,0.5499773,0.0301459,1,0.4285714,4.5,0,1,1,0,0,0,1,0,0
1,0.8542801,0.5499773,1.260275,1,1,4.5,1,1,0,1,0,0,0,0,1
1,-0.3979631,0.2260886,0.0294892,0,0.8571429,5,1,1,0,1,0,0,0,0,1
0,-0.2092633,0.5412448,0.3484115,1,0.7142857,5,1,1,0,1,0,0,0,1,0
0,-0.3664385,-0.4042238,0.0294892,1,1,4,1,1,0,1,0,0,0,0,1
0,-0.9190885,0.2260886,0.3490682,1,0.4285714,3.5,1,1,0,1,0,0,0,0,1
0,0.8542801,1.565015,0.3035079,1,1,4.5,1,1,0,1,0,0,0,1,0
0,0.0310698,0.2260886,0.0294892,1,0.5714286,4.25,1,0,1,0,0,0,1,0,0
1,-0.3562064,-0.0890676,0.3490682,1,0.8571429,4,1,0,0,1,0,0,0,0,1
0,0.1409581,0.2260886,0.6686472,1,0.2857143,5,1,0,0,1,0,0,0,0,1
0,0.683376,0.5078208,0.3021945,1,1,4.25,0,1,0,1,0,0,0,0,1
0,0.8259399,0.92597,0.3490682,1,1,4.75,1,0,0,0,1,0,0,0,0
0,-0.2829252,0.2260886,1.260275,0,1,5,1,1,0,1,0,0,0,1,0
1,-0.8636031,0.2260886,0.0301459,1,0.7142857,4,1,1,0,1,0,0,0,0,0
1,-0.3664385,0.2260886,0.9413525,0,0.8571429,4.25,1,1,0,1,0,0,0,0,1
1,-2.122894,-1.367157,0.3490682,0,1,5,0,0,0,1,0,0,0,0,1
0,-0.0717025,0.5078208,0.6686472,1,0.4285714,4.25,1,1,0,1,0,0,0,1,0
1,-0.3664385,0.2260886,0.3497249,1,1,4.75,1,0,1,0,0,0,0,0,1
1,-0.3664385,0.2260886,0.6217735,0,0.2857143,5,0,1,0,1,0,0,0,1,0
1,0.8960367,1.565015,0.3490682,1,1,5,1,1,0,1,0,0,1,0,0
0,-0.3246819,0.5499773,0.3497249,1,0.7142857,4.75,1,0,0,1,0,0,0,1,0
1,0.7794672,1.283283,1.260275,0,0.2857143,5,1,1,0,1,0,0,0,1,0
1,-0.3664385,0.2260886,0.3490682,1,0.8571429,3.75,1,0,0,1,0,0,0,0,1
1,0.8542801,-0.8645295,-2.384551,1,0.8571429,5,1,1,1,0,0,0,0,0,0
0,-0.2829252,-1.052001,-1.153766,0,0.8571429,4.75,1,0,1,0,0,0,1,0,0
1,-0.3822008,0.5499773,-0.243216,0,0.1428571,5,1,1,0,0,0,0,0,1,0
1,-0.8773319,-0.0890676,-0.8810606,1,0.7142857,4.5,1,1,0,0,0,0,0,0,1
1,0.1736336,0.2260886,-2.384551,0,0.8571429,4,1,1,0,0,0,1,0,1,0
0,0.1149638,-1.37589,-2.065629,0,1,4.5,1,0,1,0,0,0,0,0,1
1,-4.028594,-1.888299,-2.111846,1,1,4.5,1,0,0,0,0,0,0,0,1
0,-0.3790164,-0.3707998,-2.384551,1,0.7142857,5,1,0,0,0,0,0,0,1,0
1,0.8495885,1.565015,-1.839141,1,1,4.75,1,1,0,0,0,1,0,0,1
0,-0.1663557,0.92597,-0.2425593,1,0.7142857,4.5,1,0,0,0,0,0,0,0,1
1,-0.3947787,-0.6612644,-0.2894331,0,1,5,1,0,0,0,0,0,1,0,0
1,-0.5790992,-0.0556436,-1.473345,1,0.2857143,4.5,0,1,0,1,0,0,0,0,1
0,-0.3664385,0.6442378,-0.243216,1,0.8571429,4.5,1,0,0,0,0,0,0,0,0
1,-1.428831,-0.788949,-0.2425593,1,1,1.75,1,0,0,0,0,0,0,0,1
1,-0.3246819,-0.0556436,-0.2887764,1,1,4.25,1,1,0,0,0,0,0,0,1
0,-0.3664385,-1.291577,-0.8804039,0,0.7142857,5,1,1,0,0,0,0,0,0,1
1,-0.3664385,0.2260886,-0.2425593,0,0.5714286,5,1,1,0,0,0,0,0,0,1
1,-0.3664385,-0.0556436,-1.20064,0,0.8571429,4,1,1,0,1,0,0,0,0,1
0,0.8542801,-0.1399566,-0.2894331,0,1,5,1,1,1,0,0,0,0,0,1
0,-0.8478408,0.2260886,-0.243216,1,0.8571429,4.75,1,1,0,0,0,0,0,0,1
1,0.8519343,0.2260886,-1.246857,1,1,4.25,1,0,1,0,0,0,0,0,1
1,-2.09805,-1.112838,-0.5621383,1,1,3.75,0,0,0,0,0,0,0,0,1
0,0.683376,1.565015,-2.384551,0,1,5,1,0,0,0,0,1,0,1,0
1,-0.420773,-0.0890676,-1.519562,1,0.5714286,3.25,1,0,0,0,0,0,0,0,0
1,0.8542801,-0.1920606,-1.74605,1,0.4285714,3,1,0,1,0,0,0,1,0,0
0,-0.2829252,0.2260886,-0.8810606,1,1,4.25,1,1,1,0,0,0,0,0,1
0,0.1689176,-0.3795322,-0.9285911,1,1,4.5,1,1,1,0,0,0,0,0,0
1,0.3725655,-0.3707998,-0.2887764,1,1,5,1,1,0,0,0,1,0,0,0
0,0.1736336,-1.070681,0.0301459,0,0.7142857,4.25,1,1,0,0,0,0,1,0,0
0,0.683376,1.283283,0.3490682,1,0.2857143,4.5,1,1,0,0,0,0,0,0,0
0,-0.3404441,0.2260886,1.260275,0,0.8571429,5,1,0,0,0,0,0,1,0,0
1,-0.8636031,0.2260886,0.9875695,1,0.8571429,4.75,1,0,0,0,0,0,0,0,1
1,-0.3246819,0.2260886,0.3490682,0,0.8571429,4.5,1,0,0,0,0,0,1,0,0
1,-0.3246819,-0.0890676,0.0294892,0,0.8571429,4.5,1,1,0,0,0,0,1,0,0
0,0.8542801,1.565015,0.3490682,0,0.8571429,5,1,1,1,0,0,0,1,0,0
0,-0.3664385,-0.0978001,0.3490682,1,0.7142857,5,1,1,0,0,0,0,0,0,1
0,-0.6319957,-0.3795322,0.0301459,1,1,5,1,1,0,0,0,0,1,0,0
0,0.4823854,0.2348211,0.6217735,0,0.8571429,4,1,1,1,0,0,0,0,0,1
1,-0.3246819,-1.573143,1.260275,0,0.8571429,4.25,0,1,0,0,0,0,1,0,0
0,-0.3664385,0.2260886,1.260275,1,0.5714286,4.75,1,1,1,0,0,0,0,1,0
1,-0.9939014,-0.0890676,0.3490682,0,0.8571429,4.5,1,1,0,0,0,0,1,0,0
0,0.8385177,1.565015,0.9406958,1,1,4.5,0,0,0,0,0,0,1,0,0
0,0.97955,-1.803986,1.260275,1,0.7142857,3,1,1,0,0,0,0,1,0,0
0,0.30163,0.959394,0.0294892,1,1,4.75,1,1,0,0,0,0,0,1,0
0,0.8542801,0.959394,0.9406958,0,1,5,1,1,1,0,0,0,0,0,1
1,0.8542801,0.2260886,0.9413525,1,1,5,1,0,0,0,0,0,0,0,0
0,0.8259399,-0.5406408,0.0294892,1,0.7142857,4.75,1,0,1,0,0,0,0,0,1
0,0.8542801,1.565015,1.260275,0,0.2857143,3,1,1,1,0,0,0,0,0,1
1,-0.1277835,0.9347024,0.6679905,1,0.2857143,5,1,1,1,0,0,0,0,1,0
1,-0.3664385,-1.052001,0.6217735,1,0.8571429,4.5,1,1,0,0,0,0,0,1,0
1,-0.8355752,-1.018577,0.3497249,1,0.8571429,5,1,0,0,0,0,0,0,0,1
0,-0.2081124,0.2260886,1.260275,1,0.8571429,4.5,1,0,0,0,0,0,0,1,0
0,-0.3664385,0.2260886,0.3490682,1,1,5,1,1,0,0,0,0,1,0,0
1,-0.3822008,0.2260886,1.260275,0,0.8571429,4.5,1,0,0,0,0,0,1,0,0
0,-0.3246819,0.9681265,0.3490682,0,0.7142857,5,1,1,0,0,0,0,1,0,0
0,0.97955,-0.3373757,0.3484115,1,0.7142857,5,1,1,1,0,0,0,0,0,0
1,0.8542801,0.5499773,-0.0160711,0,1,5,1,1,1,0,0,0,0,1,0
0,-0.3664385,0.2260886,0.0294892,1,0.2857143,5,1,0,1,0,0,0,0,1,0
0,-0.3664385,0.2260886,0.6217735,1,0.8571429,5,1,1,1,0,0,0,0,0,0
1,-0.2829252,-0.1920606,1.260275,0,1,4.75,1,1,0,0,0,0,0,0,1
1,-0.3822008,0.2260886,0.9875695,1,0.8571429,4.75,1,1,0,0,0,0,1,0,0
1,-0.2829252,0.2260886,0.9875695,1,1,3.25,1,1,1,0,0,0,0,0,1
0,-0.1955345,-0.3707998,0.9413525,1,0.8571429,4,1,0,1,0,0,0,0,0,0
0,0.4823854,0.2260886,0.0301459,0,0.8571429,5,1,0,1,0,0,0,0,0,1
0,-0.2081124,-0.788949,0.3490682,1,0.8571429,4.75,1,1,0,0,0,0,0,0,1
0,0.8417022,0.9681265,0.0301459,0,1,5,1,1,0,0,0,0,0,1,0
1,-0.3664385,0.2260886,0.3490682,1,1,3.5,1,1,0,0,0,1,0,0,1
0,0.8542801,0.6108137,0.9413525,0,0.8571429,5,1,1,1,0,0,0,0,0,1
0,0.1937997,-1.821451,0.3952852,1,0.4285714,3.25,0,0,1,0,0,0,0,0,0
0,-0.6617738,0.3290816,-1.74605,1,0.7142857,5,1,0,1,0,0,0,1,0,0
0,0.8542801,-0.6349013,-2.065629,0,0.7142857,5,1,1,1,0,0,0,0,0,1
0,-0.4751075,-0.0890676,-1.519562,0,0.4285714,5,1,0,1,0,0,0,1,0,0
0,0.7251327,0.2260886,-0.5621383,0,0.4285714,3.75,1,1,1,0,0,0,0,0,1
0,-0.2081124,0.6442378,-0.9279343,0,0.4285714,5,1,0,1,0,0,0,1,0,0
0,0.8417022,0.9681265,-0.1963423,0,1,5,1,1,1,0,0,0,0,0,0
0,0.8542801,-0.1833281,-0.2894331,0,0.8571429,5,1,0,1,0,0,0,0,0,0
0,0.8960367,0.9681265,-1.29373,0,0.2857143,5,1,1,1,0,0,0,0,1,0
0,0.9377933,-0.3707998,-0.2900898,1,0.8571429,3,0,0,1,0,0,0,0,0,0
0,-0.8478408,0.2260886,-0.5621383,1,0.2857143,5,0,1,1,0,0,0,1,0,0
0,0.3862942,0.6442378,-0.5621383,0,0.7142857,5,1,1,1,0,0,0,0,0,1
0,0.6959539,0.2781926,-1.20064,1,0.7142857,5,1,1,1,0,0,0,1,0,0
0,0.4526073,1.241126,-0.882374,0,0.7142857,4.75,1,0,1,0,0,0,0,0,1
0,-0.3664385,0.2260886,-0.2894331,0,1,4.75,1,1,1,0,0,0,1,0,0
0,0.1003524,0.2260886,-0.2894331,1,0.5714286,4.75,1,1,1,0,0,0,0,0,0
0,0.7873677,0.3203491,-0.2425593,1,0.2857143,4.5,0,1,1,0,0,0,0,0,1
0,0.8385177,0.5078208,-0.3356501,0,1,5,1,1,0,0,0,1,0,0,0
0,0.683376,-0.3707998,-0.3349934,1,0.8571429,5,0,0,1,0,0,0,1,0,0
0,0.3862942,0.5165532,-1.20064,1,0.7142857,4.75,1,0,1,0,0,0,0,1,0
0,0.9062688,0.1839321,-1.107549,0,0.5714286,4.5,1,0,1,0,0,0,1,0,0
0,0.8834589,-0.4551128,0.3021945,1,0.8571429,5,1,0,1,0,0,0,1,0,0
0,0.8960367,0.2260886,0.9406958,0,0.7142857,3,1,0,1,0,0,0,1,0,0
0,0.8542801,0.9681265,0.6217735,1,0.8571429,5,1,1,1,0,0,0,1,0,0
0,0.9637877,0.2260886,0.9413525,1,0.2857143,5,1,0,1,0,0,0,0,0,1
0,0.6132792,-0.4129563,0.0301459,0,0.7142857,5,1,1,1,0,0,0,0,0,1
0,-0.2829252,-1.888299,-0.0167278,0,1,4.75,0,0,1,0,0,0,0,0,1
0,0.8542801,1.565015,0.3490682,1,0.7142857,5,1,0,1,0,0,0,0,1,0
0,0.8542801,0.5412448,-0.0160711,1,0.8571429,5,1,0,1,0,0,0,0,0,1
0,0.8542801,1.565015,0.395942,0,0.4285714,5,1,0,1,0,0,0,0,0,1
0,0.8542801,0.2260886,0.3484115,1,1,5,0,1,1,0,0,0,0,0,0
0,-0.3979631,-0.4129563,0.0294892,0,0.5714286,4.75,1,0,1,0,0,0,1,0,0
0,0.8960367,1.565015,0.9406958,0,0.8571429,5,1,0,1,0,0,0,0,0,1
0,-0.3664385,0.2260886,0.3490682,0,0.1428571,4.75,0,0,1,0,0,0,0,1,0
0,0.8417022,0.2260886,0.9406958,0,0.5714286,5,1,0,1,0,0,0,0,0,1
0,0.3602999,-0.4129563,0.076363,0,0.5714286,5,1,0,1,0,0,0,0,0,1
0,0.0834392,-0.4216887,0.0294892,0,0.4285714,4.25,1,0,1,0,0,0,1,0,0
0,-0.3664385,0.2260886,0.9406958,0,0.7142857,5,1,0,1,0,0,0,1,0,0
0,0.3602999,0.959394,0.9413525,0,0.1428571,5,1,1,1,0,0,0,0,0,1
0,-0.3664385,0.2260886,0.0301459,0,0.7142857,5,1,0,1,0,0,0,0,0,1
0,0.5872849,-0.0556436,1.260275,0,0.8571429,5,1,0,1,0,0,0,0,0,1
0,0.4146344,1.249859,0.6217735,1,0,5,1,1,1,0,0,0,0,0,0
0,0.8542801,0.1839321,0.076363,1,0.7142857,5,1,1,1,0,0,0,0,0,1
0,0.8542801,0.9681265,0.3490682,0,0.8571429,5,1,0,1,0,0,0,0,0,1
0,0.3602999,0.3290816,1.260275,0,0.8571429,5,1,1,1,0,0,0,0,0,1
0,0.8542801,0.8317094,0.6217735,0,1,5,1,0,1,0,0,0,0,0,1
0,0.3602999,0.1318281,-0.5159213,0,0.5714286,5,1,1,0,0,0,0,0,0,0
0,-0.3664385,-0.4042238,-0.8355003,1,0.2857143,4.25,1,1,0,0,0,0,0,1,0
1,-0.182118,0.30439,-2.065629,0,0.5714286,5,1,0,0,0,0,0,0,0,0
0,0.6290416,-0.8311055,-0.2425593,1,0.4285714,4.5,1,1,0,0,0,0,0,0,1
0,0.1251958,-1.112838,-0.6083553,1,0.8571429,3.75,1,1,0,0,0,1,0,0,0
0,-0.8930941,-1.112838,-0.8348436,0,0.5714286,4.5,1,0,0,0,0,0,0,0,0
0,-0.3404441,-0.4129563,-0.5621383,1,0.7142857,4.25,1,0,0,0,0,0,0,0,1
0,0.8259399,-0.0890676,-1.426471,1,0,5,1,0,0,0,0,0,0,0,0
0,0.8417022,0.5499773,-0.2894331,0,0.5714286,4.75,1,1,0,0,0,1,0,0,1
0,-0.2545851,-0.2007931,-1.473345,1,0.4285714,3.5,1,1,0,0,0,0,0,1,0
0,-0.3664385,-0.0890676,-0.9741514,1,0.4285714,5,1,1,0,0,0,1,0,1,0
1,-0.2081124,0.2260886,-0.5614816,1,0.8571429,4.5,1,0,0,0,0,0,0,1,0
0,-1.96049,0.5499773,-1.153766,1,0.8571429,4.5,1,0,0,0,0,1,0,1,0
1,-1.615497,-0.3707998,-1.839141,1,0.5714286,3.75,1,1,0,0,0,0,0,0,0
0,-0.3664385,-1.436726,-0.243216,1,0.8571429,4.75,1,0,0,0,0,0,0,0,0
0,-0.4333509,0.2260886,-0.8817173,1,0.4285714,2.75,0,1,0,0,0,1,0,0,1
0,-0.410541,-0.0890676,-0.5621383,1,0.5714286,4.5,1,0,0,0,0,0,1,0,0
0,-0.4333509,-2.460496,-1.154423,0,0.4285714,5,1,1,0,0,0,0,0,0,0
0,0.8542801,0.2260886,0.076363,1,0.5714286,5,1,1,0,0,0,0,0,0,1
1,0.7093704,-0.1312241,0.6686472,1,0.8571429,4.25,1,0,0,0,0,0,1,0,0
0,-0.3664385,-0.0978001,0.0294892,1,1,5,1,0,0,0,0,0,0,0,1
0,0.7999455,0.6529703,0.9406958,0,1,4.75,1,0,0,0,1,0,0,0,1
1,-0.1561237,-2.733496,1.260275,1,0.5714286,5,1,1,0,1,0,0,0,0,1
0,0.8542801,1.565015,1.260275,1,0.2857143,5,1,1,0,0,0,0,0,0,1
0,-0.3246819,-0.0978001,0.6679905,1,0.8571429,4.5,1,0,0,0,0,0,0,1,0
0,0.8542801,-0.788949,1.260275,1,1,4.5,1,1,0,0,0,0,0,1,0
1,-0.3246819,0.2260886,0.3490682,1,0.5714286,5,1,0,0,0,0,0,0,0,1
0,-0.3404441,-0.0556436,1.260275,1,0.8571429,3,1,1,0,0,0,0,0,0,1
0,0.8542801,0.5834013,1.260275,1,0.7142857,4.5,1,0,0,0,0,1,0,0,1
1,-1.587157,-1.112838,-0.0167278,1,1,3.25,1,0,0,0,0,0,0,0,1
1,-0.3664385,-0.4042238,0.9406958,0,0.7142857,3.75,1,0,0,0,0,1,0,0,0
0,-0.7958521,-0.1224916,0.3490682,1,0.8571429,4.25,1,0,0,0,0,0,0,0,1
0,-0.1663557,0.2260886,1.260275,1,0.7142857,5,1,0,0,0,0,1,0,0,0
0,-0.1380156,0.5078208,0.0294892,1,0.5714286,4.75,1,0,0,0,0,1,0,0,0
1,-0.2081124,-0.8398379,0.3035079,0,0.8571429,4.5,1,1,0,0,0,1,0,0,1
0,-0.3664385,-1.803986,0.0294892,1,0.7142857,4.75,1,1,1,0,0,0,0,0,0
0,0.8385177,1.146866,0.3952852,1,0.2857143,5,1,0,0,0,0,0,0,0,1
0,-0.3506762,0.5412448,1.260275,1,0.4285714,5,1,0,0,0,0,0,0,0,0
0,-0.4534485,-0.3707998,0.076363,0,0.1428571,3.75,1,0,0,0,0,0,0,0,1
1,-0.3947787,-0.8311055,0.0301459,1,0.8571429,5,1,0,0,0,0,0,0,0,1
0,0.1307261,-0.0978001,-0.2425593,1,0.7142857,4.25,1,1,0,0,0,0,0,0,1
0,-0.1923501,-0.4129563,-0.9272776,1,0,5,1,1,0,0,0,1,0,1,0
0,0.8542801,1.565015,-0.6545724,1,0.7142857,5,1,0,0,0,0,0,0,0,1
0,-0.3664385,-0.6612644,-1.519562,1,0.5714286,4.5,1,0,0,0,0,0,0,0,1
0,0.2019738,-0.0978001,0.0294892,0,0.8571429,4.5,1,1,0,0,0,0,1,0,0
1,-0.7958521,-0.0890676,-2.384551,1,0.4285714,4.25,1,0,0,0,0,0,1,0,0
0,-0.7643275,-1.803986,-1.20064,1,0.2857143,4,1,1,0,0,0,0,0,0,1
0,-0.3664385,0.2260886,0.076363,1,0.4285714,5,1,1,0,0,0,0,0,0,1
0,-0.9891853,-1.249255,0.076363,0,0.8571429,4.5,1,0,0,0,0,0,0,0,1
0,0.6959539,-0.788949,0.3484115,1,0.4285714,4.25,1,0,0,0,0,0,0,0,1
0,0.3831098,0.2260886,0.9875695,0,0.5714286,4.75,1,0,0,0,0,0,0,0,1
0,-0.3246819,-1.112838,0.3490682,0,0.7142857,4.75,1,0,0,0,0,0,1,0,0
0,0.6936081,0.3290816,0.3490682,1,0.5714286,3.75,1,0,0,0,0,0,1,0,0
0,0.8417022,-0.6946884,1.260275,0,0.7142857,5,1,1,0,0,0,0,0,0,0
0,-0.7607623,-0.3707998,0.6686472,0,0.5714286,5,1,0,0,0,0,0,0,0,1
0,0.8542801,0.2260886,0.6224302,0,0.4285714,5,1,0,0,0,0,0,0,1,0
0,0.8417022,0.8317094,0.9406958,0,0.7142857,5,0,0,0,0,0,0,0,0,1
0,0.8542801,0.2260886,0.9406958,0,0.5714286,5,1,0,0,0,0,0,0,1,0
0,-0.3404441,-0.0978001,1.260275,1,0.8571429,5,1,1,0,0,0,1,0,0,1
0,-0.8376088,-0.0890676,1.260275,1,0.4285714,4.75,1,1,0,0,0,1,0,0,1
0,0.8960367,0.2260886,1.260275,1,0.5714286,4,1,0,0,0,0,0,0,0,0
0,-0.1380156,-0.0556436,0.6679905,1,0.1428571,4.5,1,1,0,0,0,0,0,1,0
0,0.1149638,-0.8311055,0.3490682,1,0.2857143,4.5,1,1,0,0,0,0,0,0,0
0,-0.4365353,-1.427994,1.260275,0,0.7142857,4.5,1,0,0,0,0,0,0,0,1
0,0.2437304,-0.3707998,1.260275,0,0.7142857,5,1,0,0,0,0,0,0,0,1
0,0.302781,0.6442378,0.3490682,0,0.5714286,5,1,0,0,0,0,0,1,0,0
0,0.683376,0.5499773,-0.2894331,0,0.5714286,5,1,1,0,0,0,0,1,0,0
0,-0.0276001,-0.3707998,-1.839141,1,0.4285714,5,1,1,0,0,0,0,0,0,1
0,-0.2624469,-0.3707998,-1.745393,1,0.8571429,5,1,0,0,0,0,0,0,1,0
0,-0.4081952,0.92597,-0.6545724,1,0.8571429,5,1,1,0,0,0,0,0,0,1
0,-0.3246819,-0.4042238,0.6679905,0,0.8571429,3.75,1,0,0,0,0,0,0,0,1
0,0.8542801,1.249859,0.3015378,1,0.4285714,5,1,0,0,1,0,0,0,0,1
0,-0.7190057,-0.4129563,0.3490682,1,1,5,1,0,0,0,0,0,0,0,1
0,-0.2081124,0.3290816,0.3490682,1,0.7142857,5,1,1,0,0,0,0,0,0,1
0,-0.4365353,0.2260886,0.3490682,1,0.7142857,4.25,1,0,0,0,0,0,0,0,1
0,-0.3664385,-0.4129563,0.3490682,1,0.8571429,5,1,0,0,0,0,0,1,0,0
0,-0.3664385,-0.9851531,0.3490682,1,0.8571429,4,1,1,0,0,0,0,0,0,1
0,0.9377933,0.6442378,0.076363,1,0.1428571,4.5,1,0,0,0,0,0,0,0,1
0,-0.4672457,-0.4737927,0.9875695,0,0.4285714,4,1,1,0,0,0,1,1,0,0
0,-0.1923501,0.2260886,0.9406958,1,0.5714286,4.5,1,1,0,0,0,1,0,0,1
0,0.3445376,0.2260886,0.0294892,0,0.7142857,4,1,0,0,0,0,0,0,0,1
0,-0.3246819,-0.3707998,0.076363,1,0.4285714,4.5,1,0,0,0,0,0,0,0,0
0,-0.0422115,0.5499773,0.0294892,1,0.5714286,5,1,1,0,0,0,0,0,0,1
0,0.2902031,-0.6946884,-0.5621383,1,0.7142857,4.75,1,0,0,0,0,0,0,0,1
1,-0.2364525,-1.888299,-1.473345,0,0.7142857,4.75,1,1,0,0,0,0,0,0,1
0,-0.1797722,0.2260886,0.0301459,1,0.8571429,5,1,0,0,0,0,0,0,1,0
0,-0.1088368,-1.052001,-1.74605,1,0.5714286,5,1,0,0,0,0,0,0,1,0
0,0.3728777,0.2260886,-0.5614816,1,0.2857143,4.5,1,1,0,1,0,0,0,0,0
0,-0.1561237,-0.0556436,-1.426471,1,0.4285714,5,1,0,0,1,0,0,0,0,1
0,0.8542801,-0.8821601,-0.8810606,1,0.2857143,5,1,1,0,1,0,0,0,0,1
0,-0.5531048,-0.788949,0.0308026,1,1,5,1,0,0,1,0,0,0,0,1
0,0.1929611,-0.6004279,-0.5621383,1,0.2857143,5,1,0,0,1,0,0,1,0,0
0,0.1862115,0.2682451,-0.2425593,1,0.8571429,3.75,1,0,0,0,0,0,0,0,0
1,0.3746242,-0.9340984,-2.384551,1,0.2857143,4.75,1,1,0,0,0,0,0,0,1
0,0.1567204,-0.0890676,-1.20064,1,0.7142857,5,1,1,0,0,0,0,1,0,0
0,0.9377933,-0.9676881,0.0294892,0,0.7142857,5,0,1,0,1,0,0,1,0,0
1,-0.1797722,-1.615465,0.0294892,1,0.8571429,5,0,0,0,0,0,0,0,0,1
0,-0.3822008,-0.4129563,-0.5614816,0,0.7142857,3.75,1,0,0,0,0,0,0,0,0
0,-0.3404441,-0.8398379,0.12258,1,0.5714286,4.25,1,0,0,1,0,0,0,0,1
0,0.6416194,-0.5159492,-1.745393,1,1,4.25,1,0,0,0,0,1,0,0,1
0,-0.3664385,-0.8311055,-0.5621383,1,1,5,1,0,0,0,0,0,0,0,1
0,0.30163,1.565015,0.6679905,1,0.4285714,5,1,0,0,0,0,0,0,0,0
0,0.8519343,-1.009845,0.3490682,0,0.4285714,5,1,1,0,1,0,0,0,0,1
0,-0.2829252,-2.085719,0.3490682,1,0.7142857,5,1,0,0,0,0,0,0,0,1
0,-0.2238747,-2.170032,1.260275,0,0.7142857,5,1,0,0,0,0,0,0,0,1
0,-0.3822008,0.2348211,0.6686472,1,0.4285714,4,1,0,0,0,0,0,0,0,1
0,0.8960367,0.2260886,0.3490682,0,0.5714286,5,1,1,0,0,0,0,1,0,0
0,-0.3664385,0.2260886,0.3035079,0,0.7142857,5,1,0,0,1,0,0,0,0,0
0,0.8417022,0.5499773,0.3490682,0,0.7142857,5,1,1,0,0,0,1,0,0,1
0,0.4146344,-0.788949,0.3490682,1,0.8571429,5,0,1,0,1,0,0,1,0,0
0,-0.3506762,0.5499773,1.260275,1,0.8571429,5,1,0,1,0,0,0,1,0,0
0,0.6518515,-1.342466,0.3490682,1,0.8571429,4.75,1,1,0,1,0,0,0,0,1
0,0.8960367,-0.0978001,0.3490682,1,0.7142857,4.25,1,0,0,0,0,1,0,0,0
0,0.8960367,0.2260886,0.6679905,1,1,4.75,1,0,0,0,0,1,0,0,1
0,0.2153903,-1.385837,0.3490682,1,0.7142857,4.75,1,0,0,0,0,0,1,0,0
0,0.8417022,0.3203491,1.260275,1,0.7142857,5,1,0,0,0,0,1,0,0,1
0,0.3276244,-2.127875,0.3490682,1,0.5714286,5,1,1,0,0,0,0,0,1,0
0,-0.3246819,0.2260886,0.6686472,1,0.4285714,4.75,1,0,0,0,0,0,0,0,0
0,-0.3664385,0.2260886,1.260275,0,0.8571429,5,1,0,0,0,0,0,0,0,1
0,0.8960367,-0.9428309,0.6679905,1,0.4285714,5,1,1,0,0,0,0,1,0,0
0,-0.2081124,-0.9764206,0.6679905,1,0.4285714,4.75,1,0,0,0,0,0,1,0,0
0,0.8960367,-1.257987,0.9413525,1,0.5714286,4.75,1,1,0,1,0,0,0,1,0
0,0.8542801,0.92597,0.6224302,0,0.5714286,4.25,1,1,0,0,0,0,0,1,0
0,0.8542801,-0.4042238,0.3490682,1,0.7142857,4.75,1,1,0,1,0,0,0,0,1
0,0.8960367,-1.403302,1.260275,1,1,4.75,1,0,0,0,0,0,0,1,0
0,-0.1120212,0.2260886,1.260275,0,0.7142857,5,1,0,0,0,0,0,0,0,1
0,0.6959539,0.5412448,0.3490682,0,0.7142857,5,1,1,0,0,0,0,1,0,0
0,0.8960367,0.2260886,0.9413525,0,0.4285714,5,1,0,0,0,0,0,1,0,0
0,0.8101776,-1.846143,0.6679905,0,0.4285714,5,1,0,0,0,0,0,1,0,0
0,0.3445376,0.2260886,0.6679905,1,0.4285714,4.75,1,0,0,0,0,0,0,0,1
0,-0.1923501,-0.788949,0.9406958,0,0.8571429,5,1,0,0,0,0,0,1,0,0
0,0.8960367,-0.0978001,0.9406958,0,0.7142857,4.75,1,1,0,0,0,0,0,0,0
1,0.8542801,1.565015,1.260275,1,0.5714286,5,1,0,0,0,0,0,0,0,0
0,0.7999455,-0.0890676,0.6679905,0,0.8571429,5,1,0,0,0,0,0,1,0,0
1,0.8227555,-2.451764,-0.2881196,1,0.7142857,4.25,1,0,0,0,0,0,1,0,0
0,-0.3687843,-0.9676881,-0.5621383,1,0.5714286,2.5,1,0,0,0,0,1,0,0,1
0,0.7841833,0.5078208,-0.5621383,1,0.5714286,4.5,1,0,0,0,1,0,0,0,0
0,-1.006167,-0.788949,-0.5621383,1,0.8571429,5,1,0,0,0,1,0,0,0,1
0,-0.420773,0.2260886,-0.243216,1,0.5714286,5,1,1,0,0,0,0,0,0,0
0,0.6959539,-1.709726,-0.2894331,0,0.4285714,4.25,1,0,0,0,0,0,0,0,0
0,-1.060501,-0.4129563,-0.8348436,1,0.7142857,4.5,1,0,1,0,0,0,1,0,0
0,0.30163,1.249859,-0.2894331,0,0.5714286,4,1,1,1,0,0,0,0,0,1
0,-0.8478408,-0.0890676,-1.839141,1,0.2857143,4.75,1,1,0,0,0,0,0,0,0
1,-1.869627,-0.8398379,-0.8810606,1,0.5714286,5,1,0,0,0,0,1,0,1,0
0,-0.7922869,-1.39457,-0.2425593,1,0.5714286,4.75,1,0,0,0,0,0,0,0,0
0,-0.3664385,0.2260886,-0.5621383,0,0.5714286,5,1,1,0,0,0,0,1,0,0
0,-0.3246819,0.2260886,-0.8341869,1,0.7142857,4.75,1,0,0,0,0,0,0,0,0
0,-1.484316,-0.3707998,-1.792924,0,1,4.25,1,0,0,0,0,0,0,0,0
0,0.1692983,0.5078208,-0.5614816,1,0.7142857,5,1,1,0,1,0,0,1,0,0
0,0.8802744,0.5078208,-0.2894331,0,0.4285714,5,1,0,0,0,0,0,1,0,0
1,-0.5688671,-0.4129563,-0.4697042,0,0.2857143,4,0,1,0,0,0,0,0,0,0
0,0.3413532,-0.2342171,-1.473345,1,0.5714286,5,1,1,0,0,0,0,0,0,1
0,0.2902031,0.92597,-2.384551,1,0.4285714,5,1,1,0,0,0,0,0,0,0
0,-0.3790164,0.1318281,-0.5146078,1,0.8571429,5,1,0,0,0,0,0,0,0,1
0,-0.3562064,-0.0556436,-0.2425593,1,0.4285714,4.75,0,0,0,0,0,0,0,0,0
0,-0.3664385,-0.4042238,-2.384551,1,0.2857143,5,1,1,0,1,0,0,0,1,0
0,-0.3246819,0.5499773,-0.2894331,0,0.7142857,4.5,1,1,0,0,0,1,0,0,1
1,0.0291047,-0.0978001,-2.111846,1,1,4.75,0,1,0,0,0,0,0,0,1
0,0.7999455,0.2260886,-1.473345,0,0.7142857,3.5,1,0,0,0,0,0,0,0,0
0,0.8542801,0.6442378,-0.9748081,1,0.5714286,4.5,1,0,0,0,0,0,0,1,0
0,0.8960367,-0.4129563,-0.2894331,1,1,5,1,1,0,0,0,0,0,0,1
0,0.8542801,-2.348605,-0.6545724,0,0.8571429,4.5,1,1,0,0,0,0,0,0,1
0,-0.3664385,0.2260886,-0.2894331,1,0.5714286,4.25,1,1,0,0,0,0,0,0,0
0,0.3602999,0.2260886,-1.20064,1,0.5714286,5,0,0,1,0,0,0,0,0,1
0,-2.230382,-1.112838,-0.2425593,1,0.7142857,3,0,0,0,0,0,1,0,1,0
1,-0.8376088,-1.436726,0.0301459,1,0.8571429,4.5,0,0,0,0,0,1,0,0,0
0,-0.3664385,0.2260886,0.3490682,0,0.8571429,3.75,1,1,0,0,0,0,0,0,1
0,-0.3664385,-1.615465,0.3490682,1,0.7142857,4.75,1,0,0,0,0,0,0,0,1
0,0.2642087,-0.0978001,0.9875695,1,0.4285714,4.5,1,1,0,0,0,0,0,0,0
0,0.8542801,1.001551,0.9406958,1,0.5714286,5,1,0,0,0,0,1,0,0,1
1,0.922031,0.6529703,0.6686472,1,0.8571429,5,1,0,0,0,0,0,0,0,0
0,-0.3404441,-0.6946884,0.0294892,1,0.4285714,4.75,0,0,0,0,0,0,0,0,1
0,-0.8376088,0.2260886,0.3490682,1,0.8571429,5,0,0,0,0,0,0,1,0,0
1,-0.8060842,0.6442378,0.6224302,1,0.4285714,4,1,0,0,0,0,0,0,0,0
1,-0.1537779,0.2260886,1.260275,1,0.8571429,4.5,1,0,0,0,0,0,1,0,0
0,-0.3664385,-0.4042238,0.7148643,0,0.2857143,4,1,1,0,0,0,1,0,0,1
0,0.8542801,0.9681265,-0.0180412,1,0.7142857,5,0,1,0,0,0,0,0,0,0
0,0.8542801,1.146866,1.260275,1,0.4285714,5,1,1,1,0,0,0,1,0,0
0,-1.532823,-1.863608,0.395942,0,0.1428571,4.25,1,1,0,0,0,0,0,0,1
0,0.8542801,-0.0978001,0.6679905,0,0.7142857,5,1,0,0,0,0,0,1,0,0
0,0.8542801,0.2260886,0.0301459,0,0.8571429,4.5,1,1,0,0,0,0,0,0,1
0,0.8259399,0.2260886,0.3952852,1,0.4285714,4.5,1,0,0,1,0,0,0,0,0
0,-0.2741311,0.2260886,0.1232367,1,0.7142857,2,1,0,0,0,0,0,1,0,0
0,-0.7800898,0.5499773,0.6679905,1,0.2857143,4,0,0,0,0,0,0,1,0,0
0,0.4146344,-0.788949,0.9875695,1,0.7142857,4.75,1,0,0,0,0,0,0,0,1
0,0.1862115,-0.3707998,0.3484115,0,0,4,1,0,0,0,0,0,0,0,0
0,0.6983241,-0.736845,0.3490682,1,0.8571429,4.75,1,0,1,0,0,0,1,0,0
0,0.3862942,-0.5159492,0.442159,1,0.4285714,5,0,0,1,0,0,0,0,0,1
0,0.3287753,-0.3795322,0.076363,1,0.7142857,4.25,1,0,0,0,0,1,0,0,1
0,-0.3664385,0.2260886,1.260275,1,0.4285714,5,0,1,0,0,0,0,1,0,0
0,-0.3924329,1.249859,1.260275,1,1,5,1,0,0,1,0,0,1,0,0
0,0.0889694,0.2260886,1.260275,0,0.2857143,4.75,1,0,1,0,0,0,1,0,0
0,-0.3664385,-1.427994,0.3021945,1,0.8571429,4.5,1,0,0,0,0,0,0,0,1
0,-0.5405269,-1.39457,0.076363,0,0.5714286,5,1,0,0,0,1,0,0,0,0
0,-0.2238747,-0.0890676,0.0294892,1,0,4.5,1,0,0,0,0,0,0,0,1
1,-0.3664385,-0.4216887,1.260275,1,0.8571429,5,1,1,0,0,0,0,0,0,0
1,-0.8478408,-1.112838,-0.9272776,1,0.7142857,4.75,1,0,0,0,0,1,0,0,1
1,0.6959539,-1.291577,0.0294892,0,0.7142857,5,1,1,0,0,0,0,1,0,0
0,0.3308088,-0.6102098,-1.839141,0,0.5714286,4.5,0,1,0,0,0,0,0,1,0
0,-2.593088,-1.487781,-0.4690475,1,0.2857143,4.75,1,0,1,0,0,0,0,1,0
0,0.1862115,0.2260886,-0.243216,1,0.4285714,5,1,1,1,0,0,0,0,0,0
0,0.8542801,0.2260886,-0.5621383,0,0.7142857,4.75,1,1,0,0,0,0,1,0,0
0,-0.3947787,-0.0890676,-0.8355003,1,0.8571429,4,1,0,1,0,0,0,0,1,0
0,0.8542801,-0.5159492,-0.0160711,1,0.8571429,5,1,1,1,0,0,0,1,0,0
0,-0.2238747,-1.112838,-0.9272776,0,0.5714286,5,1,0,0,1,0,0,0,1,0
0,0.8960367,0.1230956,-0.9748081,1,0.8571429,4.75,1,1,0,1,0,0,0,1,0
0,-0.1120212,-1.112838,-0.562795,1,0.5714286,4.5,1,1,0,0,0,0,0,0,0
0,-0.3664385,0.2260886,0.0294892,0,1,4.25,1,1,0,0,0,0,0,1,0
1,0.8960367,-1.803986,-0.2894331,1,1,5,0,0,0,0,0,0,0,1,0
0,0.2019738,0.9347024,0.0294892,0,0.5714286,4.25,1,1,0,0,0,0,0,0,1
0,-0.3947787,0.2260886,-0.2894331,1,0.4285714,4.25,1,1,0,0,0,0,0,1,0
0,0.7251327,-0.4042238,-0.243216,0,1,4.75,1,1,1,0,0,0,0,0,0
1,-1.628914,-0.1920606,-0.8341869,1,0.8571429,3.75,1,1,0,0,0,1,0,0,1
0,0.8101776,0.2260886,-0.5621383,0,0.5714286,4.5,1,0,0,0,0,0,0,0,1
0,-1.485199,-0.4042238,-0.1963423,1,0.7142857,4,0,0,0,0,0,0,0,0,0
1,-0.8513375,-3.79069,-1.29373,1,0.7142857,5,1,1,0,0,0,0,1,0,0
0,0.3319598,0.0139254,-0.0167278,0,0.5714286,4.5,1,0,1,0,0,0,0,1,0
1,0.4146344,0.2260886,0.3490682,0,1,4.75,1,1,0,0,0,0,1,0,0
0,-0.3506762,-0.1920606,0.076363,0,0.7142857,4.75,0,1,0,0,0,0,1,0,0
0,0.6676137,-0.0978001,0.7148643,1,0.2857143,4.75,1,0,0,0,0,0,0,0,1
0,-0.239637,-1.052001,0.3490682,1,0.7142857,5,1,0,1,0,0,0,0,0,1
0,-1.390259,0.959394,0.9406958,1,0.8571429,4.5,1,0,0,0,0,0,0,1,0
1,0.8960367,0.8317094,0.9875695,1,0.5714286,5,1,1,0,0,0,0,0,1,0
1,-1.613151,-0.7642574,0.3952852,0,0.4285714,5,1,0,0,0,0,0,1,0,0
0,0.8417022,1.565015,0.3490682,0,0.5714286,5,1,0,1,0,0,0,0,0,0
0,0.8417022,0.2348211,0.6679905,1,0.7142857,5,1,1,0,0,0,0,0,1,0
0,-0.8060842,0.6442378,0.3490682,1,0.7142857,5,1,0,0,0,0,0,0,1,0
0,0.3433867,0.2348211,0.3490682,0,0.7142857,4.75,1,1,0,0,0,0,0,0,1
0,0.8542801,-0.0978001,0.3490682,1,0.5714286,5,1,0,0,0,0,0,0,0,1
0,0.3862942,-2.127875,0.9875695,1,0.5714286,4.75,1,1,0,0,0,0,0,0,1
0,-1.063998,-0.8311055,0.6217735,0,0.8571429,3.5,1,1,1,0,0,0,1,0,0
0,0.97955,-0.4042238,0.9875695,1,0.5714286,4.25,1,0,1,0,0,0,0,1,0
1,0.8542801,0.4135602,0.7148643,1,0.5714286,5,1,1,0,0,0,0,0,0,1
0,0.8417022,1.565015,0.6679905,1,0.5714286,5,1,1,0,0,0,0,0,1,0
0,0.1724827,1.565015,0.9875695,1,0.1428571,4.75,1,1,0,0,0,0,0,0,0
1,0.0310698,0.2260886,-1.792267,0,0.5714286,4.25,1,1,1,0,0,0,0,0,1
0,-0.3664385,-0.8398379,-0.562795,0,0.5714286,5,0,1,0,0,0,1,0,0,1
1,0.3059654,-0.3707998,-0.8810606,0,0.8571429,5,1,1,0,0,0,1,0,0,1
0,-0.3506762,-1.342466,-0.8810606,0,0.2857143,4.5,1,1,1,0,0,0,0,0,1
1,-0.3664385,-0.4129563,-0.7886266,0,1,4.75,1,1,1,0,0,0,0,0,1
1,-0.3664385,0.5412448,-0.8355003,1,0.2857143,4.5,1,1,1,0,0,0,0,0,1
0,-0.3664385,-0.0890676,-0.2887764,1,0.4285714,4.25,1,0,1,0,0,0,0,0,1
0,0.2370493,-0.4042238,-0.3356501,0,0.5714286,5,1,0,1,0,0,0,0,1,0
0,-0.3664385,-0.4042238,-0.6096688,0,0.7142857,5,0,1,1,0,0,0,0,0,1
0,0.8960367,-0.1920606,-0.6545724,0,0.7142857,5,1,0,1,0,0,0,0,0,1
1,-0.1663557,0.2260886,-1.474002,1,1,4.25,0,1,0,0,0,0,1,0,0
0,-0.3664385,0.2260886,-0.2900898,0,0.4285714,4.75,1,1,1,0,0,0,0,0,1
0,0.2417653,-0.9166335,-1.792267,0,0.8571429,3.5,1,0,1,0,0,0,0,0,1
0,0.8417022,0.2260886,-0.1956856,1,0.4285714,5,1,0,1,0,0,0,0,1,0
0,0.380764,-0.0556436,-0.2900898,1,0.5714286,3,0,1,1,0,0,0,1,0,0
0,-0.3664385,-0.9676881,-0.8355003,1,0.7142857,3,1,1,1,0,0,0,1,0,0
0,0.8542801,1.565015,-0.3363068,0,0.1428571,5,1,0,0,1,0,0,0,0,1
1,0.3571154,0.2260886,-1.20064,1,0.8571429,5,1,0,1,0,0,0,0,0,1
0,0.8542801,1.249859,-0.9741514,0,0.8571429,3,1,0,1,0,0,0,0,0,0
0,-0.3979631,-0.0556436,-0.6076986,1,0.7142857,4.75,0,1,1,0,0,0,0,0,1
0,-0.7923554,-0.013487,-0.5621383,1,0.4285714,5,1,0,1,0,0,0,0,1,0
0,-0.1085245,0.201397,-1.247513,1,0.7142857,5,1,0,1,0,0,0,0,0,1
0,-0.3664385,-0.6102098,-1.201296,1,0.7142857,3,1,1,1,0,0,0,0,0,0
1,0.8542801,-0.0890676,-0.2900898,0,0.5714286,4,1,0,1,0,0,0,0,0,1
0,-0.2671629,-0.4042238,-1.566436,0,0.8571429,5,1,1,1,0,0,0,0,1,0
0,0.8385177,-0.3707998,0.3490682,1,0.4285714,5,1,1,1,0,0,0,0,0,1
0,0.3433867,0.959394,1.260275,1,0.8571429,4,1,0,1,0,0,0,0,0,1
0,-0.3664385,-0.4042238,0.3484115,0,0.4285714,5,1,0,1,0,0,0,0,0,1
0,-0.2829252,-2.451764,0.0770197,0,0.5714286,5,1,1,0,1,0,0,0,1,0
0,0.8542801,-0.0890676,0.9413525,0,0.5714286,4.75,1,0,1,0,0,0,0,0,1
0,-0.3664385,-0.788949,0.9406958,1,1,4.75,1,0,1,0,0,0,0,0,1
0,0.4146344,-0.3373757,0.395942,0,0.8571429,5,1,0,1,0,0,0,0,0,0
1,-0.3664385,-0.4042238,0.7148643,0,0.7142857,4,1,1,1,0,0,0,0,1,0
0,0.4146344,-0.0978001,0.6679905,1,0.7142857,4,0,1,1,0,0,0,0,0,0
0,-0.3664385,-0.1224916,0.076363,1,0.5714286,2.75,1,1,0,0,0,0,0,0,1
0,-0.3664385,0.5499773,0.6217735,0,0.4285714,5,1,0,1,0,0,0,0,1,0
0,-0.3664385,0.2260886,0.3490682,1,0,3.75,1,0,1,0,0,0,0,1,0
1,0.922031,1.249859,0.3015378,1,0.7142857,4.5,1,1,1,0,0,0,0,0,1
0,-1.652319,-1.555678,0.6686472,0,0.5714286,4.5,1,1,1,0,0,0,0,1,0
0,-0.3822008,0.2260886,0.9875695,0,0.7142857,4,1,1,1,0,0,0,0,0,0
0,0.2854871,0.6442378,0.6679905,1,0.7142857,5,0,1,0,0,0,1,0,0,1
0,0.97955,0.5499773,0.9406958,0,0.7142857,3.75,0,0,1,0,0,0,0,1,0
0,-0.1923501,-0.8311055,0.0294892,0,0.5714286,4.5,1,0,1,0,0,0,0,0,1
0,-0.3664385,0.2260886,0.6217735,0,0.8571429,5,1,0,1,0,0,0,0,0,1
0,-0.3979631,0.2260886,1.260275,1,0.4285714,5,1,1,1,0,0,0,0,0,1
0,0.8542801,0.9681265,0.9406958,0,0.5714286,5,1,0,1,0,0,0,0,1,0
0,-0.3664385,-0.4042238,0.0294892,0,0.5714286,5,1,1,1,0,0,0,0,0,1
0,-0.9506131,-0.0890676,-0.0173845,1,0.4285714,4.25,1,0,1,0,0,0,1,0,0
0,-0.2081124,0.2260886,0.0294892,1,0.7142857,5,1,0,1,0,0,0,0,1,0
1,0.4438132,-0.6102098,0.3484115,1,0.4285714,4.75,1,0,1,0,0,0,0,0,1
0,-0.3664385,-0.4042238,0.3490682,0,0.4285714,5,1,1,1,0,0,0,0,0,1
0,0.3602999,-0.0890676,0.9406958,0,0.7142857,5,1,1,1,0,0,0,0,0,1
1,0.8542801,0.5499773,0.3490682,1,1,5,0,1,1,0,0,0,1,0,0
0,-0.3822008,-0.8919419,0.0301459,1,0.5714286,4.75,1,1,1,0,0,0,0,0,1
0,-0.5948614,-1.333733,-0.0180412,0,0.7142857,4,1,1,0,0,0,0,1,0,0
0,0.3862942,0.8317094,-0.243216,1,0.7142857,5,1,0,0,0,0,0,0,0,1
0,0.2122058,0.2260886,-1.520219,0,0.8571429,4.75,1,0,0,0,0,0,0,1,0
0,-4.028594,-1.112838,-1.745393,1,1,2.25,1,0,0,0,0,1,0,0,1
0,-1.358734,-0.8311055,-1.473345,1,0.5714286,4.5,1,0,0,0,0,0,0,0,1
0,-2.233567,-1.718458,-0.2894331,1,0.8571429,4.25,1,0,0,0,0,1,0,0,1
0,0.8676965,-0.1920606,-0.562795,1,0.5714286,4.5,1,0,1,0,0,0,0,1,0
0,-0.3664385,-1.112838,-0.8817173,1,0.2857143,4.5,1,0,0,0,0,0,0,0,0
0,-0.6792826,-0.3707998,0.0294892,1,0.4285714,4.75,1,0,0,0,0,0,0,0,0
0,-0.3664385,-0.3707998,-0.5621383,1,0.5714286,4.5,1,1,0,0,0,1,0,1,0
0,0.7944153,0.2260886,-0.8817173,0,0.4285714,5,0,0,0,0,0,0,0,1,0
0,0.8542801,0.92597,-0.243216,1,0.8571429,4.75,1,1,0,0,0,0,1,0,0
0,-1.587157,-0.925366,0.0770197,1,1,4,1,0,0,0,0,1,0,0,0
0,0.9377933,-0.4638453,-0.196999,1,0.5714286,5,1,1,1,0,0,0,0,1,0
1,-1.093177,-1.112838,-0.6090121,1,0.7142857,4.25,1,1,0,0,0,0,0,1,0
1,0.8960367,-1.530987,-0.2887764,1,0.4285714,4.25,1,1,0,0,0,0,1,0,0
0,-0.3664385,0.2260886,-0.2894331,1,0.5714286,4.75,0,0,0,0,0,0,0,1,0
0,-0.3664385,0.2260886,-1.792924,1,0.7142857,4,0,1,0,0,0,0,0,1,0
0,-0.6611745,0.9681265,-1.566436,1,0.4285714,4,1,1,0,0,0,0,0,1,0
1,-1.413069,-0.2765392,0.3021945,1,0.5714286,4,1,0,1,0,0,0,0,0,1
0,0.8542801,0.8317094,0.3021945,1,0.5714286,4.75,1,1,0,0,0,0,0,1,0
0,-1.331589,-2.451764,0.3952852,0,0.7142857,4.25,1,0,0,0,0,0,1,0,0
0,0.9377933,-0.5072168,0.6679905,1,0.7142857,4.75,0,0,0,0,0,0,0,0,1
0,0.8417022,-0.3707998,0.9413525,1,0.7142857,5,1,0,0,0,0,0,0,0,1
0,-0.3664385,-1.257987,0.3490682,1,1,5,1,0,0,0,0,0,1,0,0
1,0.7999455,0.9681265,1.260275,1,0.8571429,5,1,1,1,0,0,0,0,0,1
0,0.8960367,0.5499773,0.3952852,1,0.8571429,4.75,1,1,0,0,0,1,1,0,0
0,-0.3664385,-2.306614,1.260275,0,0.4285714,5,1,0,0,0,0,0,0,0,1
0,0.2019738,-2.41834,0.6217735,1,0.8571429,4.25,1,1,0,0,0,0,1,0,0
0,0.8542801,1.565015,0.9406958,0,1,5,1,0,1,0,0,0,1,0,0
0,0.8542801,1.565015,1.260275,0,0.7142857,4.25,1,0,0,0,0,0,0,1,0
0,0.8417022,-0.0890676,1.260275,0,0.4285714,5,1,1,1,0,0,0,0,0,1
0,0.8542801,0.2260886,0.6679905,0,0.5714286,3.5,0,0,0,0,0,0,0,1,0
0,-0.1561237,0.2260886,0.3490682,1,0.7142857,4.25,1,0,0,0,0,1,0,1,0
0,0.8542801,1.565015,1.260275,1,0.8571429,5,1,1,1,0,0,0,0,0,1
0,0.1862115,-0.3707998,0.3490682,0,0.8571429,4,1,1,0,0,0,0,0,0,0
1,-0.3979631,-0.788949,0.6217735,1,0.7142857,4.5,1,0,0,0,0,0,0,0,1
0,0.3602999,-1.291577,0.3028512,0,1,4,1,1,1,0,0,0,0,1,0
0,-0.3822008,-0.8311055,0.3490682,1,0.4285714,4.75,1,1,0,0,0,1,0,1,0
0,0.8542801,-0.788949,1.260275,1,1,4,1,0,1,0,0,0,0,0,1
0,0.8417022,-0.3707998,0.6679905,0,0.2857143,4.75,0,0,1,0,0,0,0,0,1
1,-0.3506762,-0.0890676,-1.792924,1,0.2857143,3.75,1,1,0,0,0,0,0,0,1
1,0.8542801,0.2260886,-1.566436,1,1,4.5,1,0,0,0,0,1,1,0,0
0,-0.2624469,-1.291577,-0.5621383,1,0.8571429,5,1,0,0,0,0,0,0,0,1
0,0.2019738,-0.0890676,0.0301459,1,0.5714286,4.5,1,1,0,0,0,0,0,0,1
0,0.8542801,0.2260886,0.0294892,0,0.8571429,4.75,1,1,0,0,0,0,0,0,0
0,0.1704492,0.2260886,0.0301459,1,0.5714286,4.5,1,0,0,0,0,0,0,0,1
0,-0.7721893,-1.949136,-0.8817173,1,0.5714286,4.75,1,0,0,0,0,0,0,0,1
0,0.0436476,-1.361146,-0.0154144,1,0.4285714,4.5,1,1,0,0,0,0,0,0,1
1,-1.578076,-0.0890676,-1.839141,1,0.7142857,3.75,1,1,0,0,0,0,0,0,1
0,-0.3822008,-1.615465,0.3021945,1,0.5714286,4,1,0,0,0,0,0,0,0,1
0,-0.7765247,0.6529703,0.0308026,0,0.5714286,5,1,0,0,0,0,0,0,1,0
1,0.8542801,0.8317094,-1.566436,0,0.7142857,5,1,1,1,0,0,0,0,0,1
1,0.313013,0.2260886,-0.9279343,1,0.7142857,4.75,1,0,0,0,0,0,1,0,0
0,-0.5531048,-0.3197451,0.076363,0,0.2857143,3.75,1,0,0,0,0,0,1,0,0
0,-0.4692793,-0.0556436,-0.5621383,0,0.7142857,4.5,1,1,0,0,0,0,0,1,0
0,-0.3664385,0.2260886,-0.6096688,1,0.2857143,5,1,1,0,0,0,0,0,0,1
0,0.8542801,0.5412448,1.260275,1,0.5714286,5,1,0,0,0,0,0,0,0,0
0,-0.420773,0.0051929,0.6679905,1,0.5714286,4.5,1,1,1,0,0,0,0,0,1
0,0.8802744,0.2260886,0.3490682,1,1,4.75,1,0,0,0,0,0,0,0,0
0,0.8542801,1.565015,1.260275,1,0.4285714,5,1,1,0,0,0,0,1,0,0
0,-0.7505303,-0.0890676,0.9875695,0,0.8571429,5,0,0,0,0,0,0,0,0,1
0,0.8542801,-0.0890676,0.9875695,0,0.4285714,4.75,1,0,0,0,0,0,0,1,0
0,0.8960367,-0.0890676,0.9875695,1,0.7142857,4.5,1,0,0,0,0,0,0,0,1
0,-0.3664385,0.2260886,0.9413525,1,0.4285714,5,0,1,0,0,0,0,0,0,0
0,-0.420773,-0.9676881,0.442159,0,0.7142857,4.25,1,1,0,0,0,0,0,0,1
0,0.8802744,0.959394,1.260275,1,0.5714286,5,1,0,0,0,0,0,1,0,0
0,0.8259399,0.92597,0.9875695,1,0,5,1,0,0,0,0,0,1,0,0
0,-0.3664385,0.2260886,0.3490682,1,0.4285714,4.25,1,1,0,0,0,0,0,0,0
1,0.3445376,0.3625056,0.6679905,0,0.8571429,4.25,1,1,0,0,0,0,0,1,0
0,-0.3404441,-0.0556436,0.3952852,0,0.7142857,4,1,0,0,0,0,0,1,0,0
1,-0.2364525,-0.4042238,0.9875695,1,0.5714286,4.5,1,0,0,0,0,0,0,0,1
0,0.6959539,0.2260886,0.6217735,1,0.2857143,4.5,1,0,0,0,0,0,1,0,0
1,0.1862115,0.2260886,0.6686472,1,0.5714286,5,1,0,0,0,0,0,0,0,1
0,0.3185433,0.2260886,0.3490682,1,0.7142857,5,1,0,0,0,0,0,0,0,1
1,-0.1537779,-0.0890676,0.6679905,1,0.8571429,3.75,1,0,0,0,1,0,0,0,1
0,0.8417022,-0.0978001,0.395942,0,0.8571429,4.75,1,0,0,0,0,0,0,0,1
1,0.8542801,0.2260886,0.3490682,1,0.5714286,4.25,1,1,0,0,0,0,0,0,1
1,-0.3538607,0.5412448,0.6679905,0,0.4285714,4,1,1,1,0,0,0,0,0,1
0,0.3602999,0.6442378,0.3490682,1,0.7142857,5,1,1,0,0,0,0,0,0,0
1,0.8802744,1.565015,0.6686472,1,0.7142857,4.75,1,0,0,0,0,0,0,1,0
0,0.8542801,1.565015,0.395942,0,0.7142857,5,1,0,0,0,0,0,1,0,0
1,-0.3790164,-1.112838,0.3497249,1,0.8571429,4.75,1,0,0,0,0,0,0,0,1
1,0.7999455,1.283283,0.6217735,1,0.8571429,4.25,1,0,0,0,0,0,0,1,0
0,0.8960367,-0.0556436,1.260275,0,0.5714286,5,1,1,0,0,0,0,1,0,0
0,0.2145516,-0.0978001,1.260275,1,0.8571429,4.75,1,1,0,0,0,0,0,0,0
0,0.683376,0.2260886,0.6686472,1,0.5714286,4.5,1,1,0,0,0,0,0,0,1
0,0.8542801,0.6442378,0.3490682,1,0.7142857,4.5,1,0,0,0,0,0,0,0,1
0,0.1862115,0.2260886,1.260275,1,0.5714286,5,1,0,0,0,0,0,1,0,0
0,0.8960367,0.6529703,0.6679905,1,0.4285714,5,1,1,0,0,0,0,0,0,1
0,0.4146344,0.3116166,1.260275,1,0.7142857,5,1,0,0,0,0,0,1,0,0
0,0.8960367,0.2682451,0.9406958,0,0.2857143,5,1,0,0,0,0,0,0,0,1
0,-0.3664385,0.2260886,0.6211168,1,0.4285714,4.75,1,0,0,0,0,0,0,0,1
0,0.8417022,0.2260886,0.3490682,0,0.7142857,4.25,1,1,0,0,0,0,0,1,0
0,0.8542801,0.2260886,0.6679905,1,1,5,1,0,0,0,0,0,0,0,1
0,0.3728777,0.2260886,0.3490682,1,0.8571429,4.75,1,0,0,0,0,0,1,0,0
0,-0.3664385,0.2260886,0.3490682,0,0.7142857,5,1,1,1,0,0,0,1,0,0
1,-0.3404441,-0.4042238,0.6679905,1,0.7142857,5,1,1,0,0,0,0,0,0,1
0,-1.312261,0.2260886,0.3490682,1,0.2857143,5,1,0,0,0,0,0,0,0,1
0,-0.3246819,-0.0890676,-0.8810606,1,0.2857143,4.5,1,0,0,0,0,0,1,0,0
0,-1.200408,-1.104105,0.076363,1,0.5714286,3.5,1,0,0,0,0,0,0,0,0
0,-0.3822008,-0.6525319,-0.5621383,1,0.5714286,5,1,0,0,0,0,0,0,0,0
0,-0.239637,0.5499773,-0.882374,1,0.2857143,4.5,1,1,0,0,0,1,0,0,1
1,-0.8930941,-0.7281125,-0.243216,1,0.8571429,5,1,0,0,0,0,0,0,1,0
0,0.8519343,-0.0890676,0.0294892,1,0.5714286,5,1,1,0,0,0,0,1,0,0
0,0.8542801,0.3105673,0.076363,1,0.8571429,3,1,0,0,0,0,0,0,0,0
1,-0.3822008,-0.3707998,-0.9279343,0,0.5714286,4,0,0,0,0,0,0,0,0,1
0,-0.2238747,-1.427994,-0.9279343,0,0.5714286,4.75,1,1,0,0,0,1,0,1,0
0,-0.3664385,-0.0890676,0.0301459,0,0.8571429,4.75,1,0,0,0,0,0,0,0,1
0,0.3728777,-1.352413,-0.8348436,1,0.7142857,4.75,1,1,0,0,0,0,0,0,1
0,-0.2829252,0.2260886,-1.29373,0,0.4285714,5,1,0,0,0,0,0,0,0,1
1,0.1724827,-0.7466268,-0.2894331,1,0.7142857,4,1,1,0,0,0,0,0,0,1
0,-0.2341067,-0.3373757,-0.1963423,1,0.5714286,4.5,1,0,0,0,0,0,0,0,1
0,0.8542801,0.92597,1.260275,1,1,5,1,1,0,0,0,0,0,1,0
0,0.8542801,0.8317094,0.3015378,1,0.7142857,4.25,1,1,0,0,0,0,0,0,1
0,0.8542801,0.1318281,0.6679905,1,0.7142857,4.75,1,0,0,0,0,0,1,0,0
0,0.8960367,-0.0556436,1.260275,1,0.7142857,4,1,0,0,0,0,0,0,0,1
0,0.8542801,1.565015,1.260275,1,0.8571429,4.75,1,1,0,0,0,0,0,0,1
0,0.8101776,-0.4551128,0.6686472,1,0.7142857,5,1,1,0,0,0,1,1,0,0
0,0.8417022,0.0473494,1.260275,1,0.2857143,3.5,1,0,0,0,1,0,1,0,0
0,-0.3246819,-1.573143,0.6679905,1,1,3.75,1,1,0,0,0,0,0,0,1
0,-0.3822008,0.6442378,0.3490682,1,0.4285714,4.75,1,0,0,0,1,0,0,1,0
0,0.8960367,1.565015,0.3490682,1,0.8571429,3,1,0,0,0,0,0,0,0,1
0,0.3287753,0.2260886,0.6686472,1,0.5714286,5,1,0,0,0,0,1,1,0,0
1,-0.3664385,-0.5072168,0.6211168,0,0.7142857,5,1,1,0,0,0,0,0,0,1
0,0.3988721,0.6863943,1.260275,1,0.7142857,5,1,1,0,0,0,0,0,0,1
0,-0.591677,-0.5582714,0.3490682,0,0.8571429,3,1,1,0,0,0,0,0,0,0
0,0.3728777,-0.0556436,0.3490682,1,0.8571429,4.5,1,0,0,0,0,0,0,0,0
0,0.9322631,1.249859,1.260275,1,1,4.25,1,0,0,0,0,0,1,0,0
0,0.3602999,-0.925366,0.3490682,1,0.2857143,4.75,1,1,0,0,0,0,0,0,1
0,0.8259399,0.2260886,1.260275,1,0.8571429,3.25,1,1,0,0,0,0,0,0,1
1,0.1952926,-1.282679,0.6686472,1,0.5714286,5,1,1,0,0,0,0,0,0,1
1,-0.2963417,-0.6612644,0.3490682,1,0.7142857,3.75,1,0,0,0,0,0,0,0,1
1,-0.3664385,-0.9676881,1.260275,0,0.8571429,4.75,1,1,0,0,0,0,0,0,1
0,0.8542801,0.3625056,1.260275,1,0.7142857,5,1,0,0,0,0,0,1,0,0
0,-1.170917,-0.4042238,0.3490682,0,0.7142857,5,1,0,0,0,0,0,0,0,1
0,0.8960367,-0.5072168,-1.154423,1,0.8571429,4.75,1,0,0,1,0,0,0,0,0
0,0.8802744,1.249859,-0.243216,1,0.8571429,4.5,1,1,1,0,0,0,1,0,0
0,0.8960367,1.565015,-1.839141,1,0.2857143,4.25,1,1,0,0,0,0,0,0,1
0,0.8960367,0.2260886,-0.5621383,1,0.7142857,4.5,1,0,1,0,0,0,1,0,0
0,-1.602919,-0.4129563,-0.5621383,1,0.8571429,3.25,1,0,0,1,0,0,0,0,1
1,-1.05142,-0.822373,-0.6545724,1,0.4285714,4.25,1,0,0,1,0,0,1,0,0
0,0.8834589,-0.4042238,-0.3363068,1,1,3.5,1,1,1,0,0,0,1,0,0
0,-0.3664385,0.2260886,-0.243216,0,0.8571429,4.25,1,0,1,0,0,0,0,0,1
0,0.5376278,0.6529703,-2.384551,1,0.7142857,5,1,1,0,1,0,0,0,0,1
0,-0.4081952,-0.5072168,-1.520219,1,0.4285714,4.75,1,0,0,1,0,0,0,1,0
0,-0.2081124,-0.7976814,-1.519562,1,0.8571429,4,1,1,0,0,0,0,0,0,0
0,0.8385177,-0.6946884,-0.5159213,0,0.2857143,5,1,1,0,1,0,0,0,0,1
0,-0.5247647,-0.788949,-0.8810606,0,0.4285714,5,1,1,0,0,0,1,0,0,1
0,0.4146344,-0.5072168,-1.199983,1,0.2857143,4.5,1,1,0,1,0,0,0,1,0
0,0.8542801,0.2260886,-0.6552291,1,0.8571429,4.5,1,0,1,0,0,0,0,0,1
0,0.2732899,0.5412448,-1.154423,1,0.5714286,4.5,1,0,0,0,0,0,0,0,1
0,-0.2986875,-1.751882,0.6679905,1,0.8571429,4.75,1,0,0,0,0,0,0,0,0
0,0.8133621,-1.146262,0.0757063,1,0.5714286,4.5,1,0,0,0,0,0,0,0,1
1,0.8960367,1.249859,0.3490682,1,0.7142857,5,1,1,0,1,0,0,0,0,0
0,0.8542801,0.92597,1.260275,1,0.2857143,5,0,0,0,0,0,0,1,0,0
0,-0.1789336,-0.2431152,0.6686472,1,0.8571429,4.75,1,1,0,0,0,1,0,0,1
0,0.2437304,1.249859,0.076363,1,0.4285714,5,1,1,0,0,1,0,0,0,0
0,-0.3246819,0.2260886,0.0301459,1,0.4285714,4.75,0,1,0,1,0,0,0,1,0
0,0.8417022,0.6442378,1.260275,1,0.8571429,4.5,1,1,0,0,0,0,0,0,1
0,-1.3044,-1.052001,0.9413525,0,0.5714286,4.5,1,0,0,0,0,0,0,0,1
0,-0.2081124,-0.0556436,0.3028512,1,0.7142857,5,1,1,0,0,0,0,1,0,0
0,0.7251327,-1.112838,0.6217735,0,1,4,1,0,1,0,0,0,0,0,1
0,-0.3664385,0.2260886,0.3490682,0,0.5714286,5,1,0,0,1,0,0,0,0,1
0,0.8960367,-0.0890676,0.6217735,1,0.5714286,4.75,1,0,0,1,0,0,0,0,1
1,0.8542801,1.249859,0.9875695,1,0.8571429,5,1,1,0,0,0,1,0,0,1
0,0.8960367,0.2260886,0.6679905,1,0.5714286,4.75,1,0,0,0,0,0,0,0,1
0,-0.2081124,0.5078208,0.3952852,1,0.4285714,3.75,1,0,0,0,0,0,0,0,1
0,0.9062688,0.4990883,1.260275,1,0.5714286,4.75,1,0,0,0,0,0,0,0,1
0,0.2019738,-0.4042238,0.9406958,0,0.5714286,4.25,1,1,0,0,0,0,0,0,1
0,0.8259399,0.2260886,0.0301459,1,0.5714286,5,1,0,0,0,0,1,0,0,1
0,-0.3664385,-0.5159492,0.3028512,1,0.8571429,4,1,1,0,0,0,1,0,0,1
0,-0.1923501,-0.0469111,0.6211168,1,0.4285714,4.75,1,1,0,0,0,1,0,1,0
0,0.2437304,-0.0978001,0.9875695,1,0.8571429,5,1,0,0,1,0,0,0,0,1
0,0.8542801,0.5412448,0.3490682,1,0.7142857,5,1,1,0,0,0,0,0,0,0
0,0.9094532,-0.2343827,-0.6090121,1,0.2857143,5,1,0,1,0,0,0,1,0,0
0,-1.587157,0.2260886,-0.8348436,0,0,4.5,0,0,0,0,0,0,1,0,0
1,-0.4987703,-0.0978001,-0.5621383,1,0.7142857,4.75,1,0,0,0,0,1,0,0,1
0,0.2563083,-0.0556436,-0.8341869,0,0.2857143,5,1,1,0,0,1,0,0,0,0
0,-0.3089196,0.2260886,-0.5621383,0,0.4285714,4.25,1,1,0,0,1,0,0,1,0
0,-0.3246819,-0.0978001,-0.8348436,0,0.4285714,4.25,1,1,0,0,1,0,1,0,0
0,0.0834392,-1.888299,-0.2425593,1,0.5714286,4.75,0,0,1,0,0,0,0,0,1
0,-2.318286,-0.0890676,-0.1494685,1,0.7142857,4.5,0,0,1,0,0,0,0,0,1
0,-0.483008,0.2260886,-0.6083553,1,0.8571429,4,1,0,1,0,0,0,0,0,0
0,0.3602999,-0.0890676,-0.8355003,1,0.5714286,5,1,0,0,0,0,0,0,1,0
0,0.8676965,0.92597,-0.6090121,0,1,5,1,0,0,1,0,0,0,0,1
0,0.8417022,0.5499773,-0.2894331,0,0.8571429,4.75,1,1,0,0,1,0,1,0,0
0,-2.523899,-0.2765392,-1.425814,0,0.2857143,4.75,1,1,0,0,1,0,1,0,0
0,-0.3506762,0.2260886,-0.2900898,1,0.7142857,5,1,0,1,0,0,0,0,0,1
0,0.8542801,0.2682451,-1.108862,1,0.7142857,4.75,1,1,1,0,0,0,0,0,0
0,-0.1537779,0.2260886,-0.5621383,0,0.7142857,5,1,1,0,0,1,0,0,0,1
0,0.745611,-0.4129563,-0.2425593,0,0.7142857,4.5,1,0,1,0,0,0,0,0,1
0,-0.3562064,-0.3707998,0.0301459,0,0.8571429,4.5,1,0,1,0,0,0,0,0,1
0,0.3602999,-0.6946884,-0.243216,1,0.5714286,5,1,1,0,0,1,0,0,0,0
0,-0.2081124,-0.788949,-0.243216,0,0.5714286,4,1,0,1,0,0,0,0,0,1
0,-1.358734,-0.5072168,-0.2425593,1,0.7142857,4,1,1,0,0,1,0,1,0,0
0,-0.3664385,-0.1920606,0.0294892,1,1,4.75,0,1,0,0,1,0,0,0,0
0,0.7093704,-0.4737927,-0.2425593,0,0.5714286,4.5,1,1,0,0,0,0,0,0,0
0,0.6211411,0.9681265,-0.3356501,1,0,3,1,0,1,0,0,0,0,0,0
1,-0.5247647,-0.3707998,-0.8810606,1,0.7142857,2.5,0,1,0,0,1,0,0,0,1
0,-2.300479,-2.630503,-1.472688,1,0.8571429,4.25,1,0,0,0,0,0,1,0,0
0,0.8960367,1.283283,-1.246857,1,0.5714286,4.5,1,1,1,0,0,0,1,0,0
0,0.2516309,0.3625056,-1.153766,1,0.5714286,4.5,0,1,0,0,0,0,0,0,0
0,0.3602999,-0.4737927,-0.0167278,1,0.7142857,4.5,1,0,0,0,1,0,0,0,1
0,-0.3664385,-0.5072168,-0.8810606,0,0.2857143,4.75,1,0,0,0,1,0,0,0,0
0,-0.1797722,-0.9851531,-0.3356501,0,0.7142857,4.5,1,1,1,0,0,0,0,0,1
0,0.1433039,0.2260886,-0.2894331,0,0.5714286,2.5,1,0,0,0,1,0,0,0,1
0,0.3602999,-0.0556436,0.9413525,0,0.8571429,5,1,0,0,1,0,0,1,0,0
0,0.8542801,1.283283,0.3497249,0,0.5714286,4.5,1,1,0,0,0,0,0,0,0
0,-1.105755,-0.4129563,0.0757063,1,0.4285714,5,0,0,0,1,0,0,0,0,1
0,0.7511271,-0.4463803,0.6224302,1,0.4285714,4.75,1,0,1,0,0,0,0,0,1
0,-0.3813622,-1.897198,0.3497249,1,0.7142857,4.75,1,0,0,1,0,0,1,0,0
0,-0.8355752,-1.060734,0.3490682,1,0.4285714,3.75,0,0,1,0,0,0,0,0,0
0,0.8542801,-0.0556436,0.3490682,0,0.5714286,4.5,1,1,0,0,1,0,1,0,0
1,0.0141566,-1.009845,0.9413525,1,0.8571429,4.25,1,1,0,0,0,1,0,0,1
0,-0.3664385,0.2260886,0.3490682,0,0.4285714,4.25,1,0,0,0,0,0,0,0,1
0,-0.3246819,-0.3707998,0.076363,1,0.8571429,4.5,0,0,0,0,0,0,0,0,1
0,0.8542801,0.6442378,0.9406958,0,0.4285714,5,0,0,0,0,1,0,0,1,0
0,-0.3822008,0.9681265,0.9406958,1,0.2857143,5,1,1,1,0,0,0,1,0,0
0,-0.8513375,-1.240522,1.260275,1,0.7142857,4,1,1,0,0,1,0,0,1,0
0,0.3445376,-0.0556436,0.3490682,0,0.4285714,4.75,1,0,0,0,1,0,1,0,0
0,0.8417022,-0.0890676,0.6679905,1,0.5714286,4.75,1,1,0,0,1,0,1,0,0
0,0.7999455,1.565015,0.442159,1,0.1428571,2.75,1,0,0,0,0,1,0,0,1
0,-0.3506762,0.2260886,1.260275,0,0.8571429,4.5,1,1,1,0,0,0,1,0,0
0,-0.3947787,0.3290816,0.6211168,0,0.2857143,4.75,1,1,0,0,1,0,1,0,0
0,-0.2703474,-1.385837,0.9875695,0,0.2857143,3.75,0,0,0,0,1,0,0,0,0
0,-0.3664385,-0.822373,1.260275,1,0.8571429,4.25,1,0,0,0,1,0,0,0,0
0,0.8542801,-0.0556436,0.6679905,1,0.1428571,4.75,1,0,0,1,0,0,0,0,0
0,-0.3506762,0.5499773,0.6217735,0,0.7142857,3.25,1,1,1,0,0,0,0,0,0
0,-0.1923501,0.2260886,0.6217735,0,0.5714286,5,1,0,0,1,0,0,0,0,1
0,-0.3664385,0.2260886,0.6211168,0,0.8571429,4.5,1,1,0,0,1,0,0,1,0
0,-0.3664385,-0.0890676,0.9406958,0,0.4285714,4.75,1,1,0,0,1,0,1,0,0
0,0.8960367,1.565015,1.260275,0,0.4285714,5,1,1,0,1,0,0,0,0,0
0,-0.1923501,0.2260886,0.9406958,1,0.8571429,5,1,0,1,0,0,0,0,0,1
0,0.8960367,1.565015,1.260275,1,0.7142857,4.25,1,0,1,0,0,0,0,0,1
0,-0.1797722,-1.74315,1.260275,1,0.5714286,5,1,1,0,1,0,0,0,0,1
0,-0.5066321,-1.436726,1.260275,1,0.4285714,4.75,0,0,1,0,0,0,0,0,1
0,0.1862115,0.2260886,0.3490682,1,1,4.5,1,1,0,1,0,0,0,0,1
0,-0.2238747,-0.3707998,0.3490682,1,0.8571429,4.75,1,0,0,0,0,0,0,0,0
0,0.6290416,-0.1586365,-1.108862,0,0.5714286,5,1,1,0,0,0,0,0,0,1
0,-0.3404441,-0.0978001,-1.106235,0,0.7142857,4.5,1,1,0,0,0,0,0,0,0
0,0.8542801,-0.3707998,0.3490682,1,0.7142857,5,1,0,0,0,0,1,0,0,1
1,-0.4751075,-0.0556436,-0.4697042,1,0.8571429,4,1,0,0,0,0,1,0,0,1
0,-0.4987703,-0.4042238,0.3497249,1,1,4.75,1,1,0,0,0,0,0,1,0
0,-2.458805,-0.788949,-2.384551,0,0.8571429,2.5,1,0,0,0,0,0,0,0,1
0,-0.1797722,-0.6612644,0.3490682,1,0.7142857,5,1,1,0,0,0,0,1,0,0
0,-1.358734,-0.3373757,0.3490682,1,0.7142857,4.5,1,0,0,0,0,0,1,0,0
0,-1.33274,-0.3795322,0.0301459,1,0.7142857,5,1,0,0,1,0,0,0,0,1
1,-1.602919,-1.573143,-2.384551,1,1,4.25,1,0,0,1,0,0,0,0,1
0,-0.3664385,0.2260886,0.3490682,1,0.4285714,4.75,1,0,0,0,0,0,1,0,0
0,0.8259399,-0.0978001,0.3021945,0,0.2857143,4.75,1,1,0,0,0,0,1,0,0
0,0.683376,-0.9243166,0.076363,1,0.5714286,3.75,1,1,0,0,0,0,0,1,0
1,0.8542801,-0.6946884,-0.3349934,1,0.5714286,4.75,1,1,0,0,0,0,1,0,0
0,-0.4286735,-1.436726,-0.8804039,1,1,4.5,1,0,0,0,0,0,1,0,0
0,-0.3664385,-2.451764,-0.8810606,1,0.4285714,4.75,1,0,0,0,0,1,0,1,0
1,0.456391,1.565015,-0.0154144,0,1,4.25,1,1,0,1,0,0,0,0,1
0,-0.3664385,-0.3373757,-0.6076986,1,0.5714286,5,1,0,0,0,0,1,0,0,1
0,0.3988721,-0.6859559,-0.5621383,0,0.7142857,5,1,0,0,0,0,0,1,0,0
0,-0.1108703,-1.39457,0.3490682,1,0.5714286,4.5,1,0,0,0,0,0,1,0,0
0,-0.3404441,-0.1920606,0.0294892,1,0.4285714,4.5,1,0,0,1,0,0,0,0,1
0,0.683376,0.2260886,0.3490682,1,0.5714286,4.75,1,1,0,0,0,0,0,0,1
0,0.2732899,-0.1920606,-0.2894331,0,0.7142857,4.5,1,0,0,0,0,1,1,0,0
0,-0.1663557,-0.3707998,0.3015378,1,0.8571429,4,1,1,0,0,0,0,1,0,0
0,0.8542801,-1.291577,0.6217735,1,0.2857143,4,1,1,0,0,0,0,0,1,0
1,-0.3664385,-1.888299,1.260275,1,0.4285714,2.5,1,1,0,1,0,0,0,0,1
0,0.3728777,0.6442378,1.260275,1,0.7142857,4.25,1,1,0,0,0,0,0,0,1
0,0.1862115,-0.5072168,1.260275,0,0.7142857,5,1,1,0,0,0,0,0,0,1
0,0.8542801,-0.3707998,0.9413525,1,0.5714286,4.5,1,1,0,1,0,0,0,0,1
0,0.8542801,0.9681265,0.6679905,1,0.4285714,4.5,1,1,0,0,0,0,0,0,1
0,0.4146344,-0.4129563,0.6211168,1,0.7142857,4,1,1,0,0,0,0,1,0,0
0,-0.3822008,-0.4129563,1.260275,1,0.7142857,4.75,1,0,0,0,0,0,0,0,1
0,0.3433867,-1.47015,0.9406958,1,0.8571429,5,1,1,0,0,0,0,0,0,1
0,-0.3664385,-0.0978001,1.260275,1,0.5714286,4.75,1,1,0,0,0,1,0,0,0
0,-0.3246819,-0.5072168,0.9875695,1,0.7142857,4.5,1,0,0,0,0,0,0,0,0
0,0.8417022,-0.5072168,0.6679905,0,0.8571429,5,1,0,0,0,0,0,0,1,0
0,-0.8218464,-0.4129563,0.9406958,1,0.2857143,4.75,1,0,0,0,0,0,0,0,0
0,0.8259399,0.3625056,0.6686472,1,0.7142857,4.25,1,0,0,0,0,0,1,0,0
0,0.8960367,0.2260886,0.6217735,1,0.7142857,4.75,1,0,0,0,0,0,0,0,1
0,-0.1663557,-0.0803351,0.9875695,1,0.8571429,5,1,0,0,0,0,0,0,0,1
0,0.2890522,0.2348211,0.9875695,1,0.5714286,5,1,0,0,0,0,0,1,0,0
0,-0.3664385,0.2260886,0.9406958,1,0.5714286,5,1,0,0,0,0,0,1,0,0
0,0.683376,0.2260886,0.9406958,0,0.2857143,5,1,1,0,0,0,0,1,0,0
0,0.6959539,-1.018577,0.6686472,0,0.8571429,2.5,1,1,0,0,0,0,0,1,0
0,0.8960367,0.9681265,1.260275,1,0.8571429,5,1,1,0,0,0,0,0,0,1
0,0.8417022,0.2260886,0.9406958,0,0.7142857,4.75,1,0,1,0,0,0,1,0,0
0,-0.3664385,-0.0556436,1.260275,0,0.8571429,5,1,1,0,0,0,0,1,0,0
0,0.8960367,-0.5159492,1.260275,0,0.8571429,5,1,1,0,0,0,0,1,0,0
0,0.2732899,-1.564411,0.6217735,1,0.5714286,4.5,1,0,0,0,0,0,0,0,0
0,0.8960367,-1.821451,1.260275,1,0.4285714,5,1,0,0,0,0,0,1,0,0
0,0.8542801,-0.3795322,0.9406958,1,0.4285714,5,1,1,0,0,0,0,1,0,0
0,0.3445376,-0.0978001,1.260275,1,0.7142857,4,1,0,0,0,0,0,0,0,1
0,0.4406288,0.2260886,1.260275,1,0.4285714,4.75,1,1,1,0,0,0,0,0,1
1,0.0854043,-0.0890676,-2.384551,0,0.7142857,4.75,0,1,0,0,1,0,0,0,1
0,-3.06579,-3.227226,-1.425814,1,1,4,1,0,1,0,0,0,0,0,0
1,-1.004948,0.2260886,-0.7886266,0,0.7142857,3.5,1,0,0,1,0,0,0,1,0
0,-0.3664385,0.2260886,0.076363,0,0.7142857,5,1,0,0,0,0,0,1,0,0
1,-0.9021753,-0.1920606,-0.6083553,1,0.8571429,4.75,1,0,1,0,0,0,0,0,1
0,-0.2624469,-0.0890676,-1.473345,1,0.5714286,5,1,1,0,0,0,0,0,0,1
0,-1.674167,-0.5072168,-0.2881196,1,0.7142857,3.25,1,1,1,0,0,0,0,1,0
1,0.683376,0.5412448,-1.247513,1,0.5714286,4.5,1,1,0,1,0,0,0,1,0
0,-0.2466846,-0.0978001,-1.473345,1,1,5,1,0,1,0,0,0,1,0,0
0,-0.0717025,1.283283,-0.5621383,1,0.8571429,4,1,1,0,1,0,0,0,1,0
1,-0.3506762,-0.6102098,0.0757063,1,0.5714286,3.75,1,1,0,1,0,0,0,0,1
0,0.1149638,0.098404,-1.20064,1,0.8571429,3.75,1,0,0,0,0,1,0,0,0
0,-0.249869,-0.0556436,0.0294892,1,1,4,0,0,0,1,0,0,0,0,0
0,-0.3664385,-1.070681,-0.5614816,0,0.7142857,5,1,1,0,0,1,0,1,0,0
0,0.8960367,1.283283,0.0294892,1,0.5714286,5,1,0,0,1,0,0,0,0,1
1,0.8542801,-0.7281125,-1.426471,0,0.8571429,3.75,1,0,0,1,0,0,0,0,1
0,0.8802744,0.2260886,0.0294892,1,0.5714286,4.75,1,1,1,0,0,0,1,0,0
0,-0.8667876,-0.6189423,-0.2887764,1,0.4285714,5,1,1,0,0,1,0,0,0,0
0,-0.3664385,0.2260886,1.260275,1,0.5714286,4.75,1,0,0,1,0,0,0,0,0
1,0.8385177,0.6442378,1.260275,0,0.7142857,5,1,0,1,0,0,0,0,0,0
0,0.2279681,1.241126,0.9875695,1,0.5714286,4.75,1,1,0,0,1,0,0,0,0
0,-0.6895146,-0.4129563,1.260275,1,0.8571429,5,1,1,1,0,0,0,0,0,1
1,0.8960367,1.249859,1.260275,1,0.8571429,5,1,0,0,0,0,1,0,1,0
0,0.8645121,0.6529703,1.260275,1,0.5714286,5,1,0,0,1,0,0,0,0,0
0,0.8960367,-0.1920606,0.3490682,1,0.5714286,4,1,1,0,1,0,0,0,0,1
0,0.7999455,1.249859,0.9406958,1,0.2857143,5,1,1,0,0,0,0,0,1,0
0,-0.5688671,0.3625056,0.9406958,1,0.2857143,5,1,0,0,1,0,0,0,0,1
0,0.8259399,0.9681265,1.260275,1,0.8571429,5,1,1,0,0,0,0,0,0,1
0,-0.3664385,0.2260886,0.9406958,1,0.5714286,4.75,1,1,1,0,0,0,0,0,1
1,-0.3246819,-0.1312241,0.6224302,1,0.4285714,4.5,1,1,1,0,0,0,0,0,0
0,-0.4467674,-0.7133684,0.6211168,1,0.5714286,4.75,1,1,0,1,0,0,0,0,0
0,0.8802744,0.2260886,1.260275,1,1,5,1,0,0,0,0,0,0,0,1
0,0.2685739,0.2869251,0.6679905,1,0.7142857,5,1,1,0,0,0,0,0,1,0
1,0.8542801,-0.0890676,0.3490682,0,0.8571429,5,1,1,0,0,0,0,1,0,0
1,-0.3246819,-0.6525319,0.6211168,1,1,4.75,1,1,0,0,0,0,1,0,0
1,-0.3439409,-0.4650603,0.9413525,1,0.7142857,3,1,1,0,0,0,0,0,1,0
0,0.8542801,1.283283,1.260275,1,0.8571429,4.75,1,1,0,1,0,0,0,1,0
1,0.8542801,1.565015,1.260275,1,0.5714286,5,1,0,1,0,0,0,0,0,0
1,-1.628914,-1.146262,0.6679905,1,0.7142857,4.25,1,0,0,0,0,0,1,0,0
0,-0.3664385,0.2260886,0.3021945,0,0.5714286,5,1,1,1,0,0,0,0,0,1
0,0.4146344,0.9681265,0.9875695,1,0.7142857,5,1,1,0,1,0,0,0,1,0
0,0.8542801,0.2260886,0.9413525,0,0.5714286,3.75,1,0,0,0,1,0,0,0,1
0,-0.3822008,0.2260886,0.0294892,1,0.8571429,4.75,1,0,0,1,0,0,0,0,1
0,-0.5948614,-0.788949,-1.20064,1,0.8571429,4,1,0,0,1,0,0,1,0,0
0,-0.2545851,-0.0890676,-0.5614816,1,0.8571429,5,1,1,0,1,0,0,1,0,0
0,-0.5271105,-0.1920606,-1.792267,0,0.2857143,5,1,1,0,1,0,0,0,0,1
0,0.7999455,0.0473494,-0.8817173,1,0.8571429,4.75,1,1,0,1,0,0,0,0,1
0,-0.3278663,-0.0890676,-0.5621383,0,0.5714286,4.75,0,0,0,1,0,0,0,0,1
0,0.3602999,0.92597,0.0301459,0,0.4285714,5,1,0,0,1,0,0,0,0,1
0,0.8542801,0.6776618,-0.2887764,0,0.5714286,4.75,1,0,0,1,0,0,1,0,0
0,0.7841833,0.92597,0.3035079,0,0.4285714,5,1,1,1,0,0,0,0,0,1
0,-0.9663754,1.283283,0.6679905,0,0.4285714,4.75,1,0,0,1,0,0,0,0,1
0,0.8542801,0.7287164,1.260275,0,1,4,1,1,0,1,0,0,0,1,0
0,0.3728777,0.2260886,0.3490682,1,0.7142857,4.5,1,0,0,1,0,0,0,0,1
0,-0.3664385,0.2260886,0.3490682,1,0.2857143,5,1,0,0,1,0,0,0,0,1
0,0.8417022,0.8317094,0.9875695,1,0.5714286,5,1,0,0,1,0,0,0,0,0
0,-0.2624469,-0.4129563,0.6686472,0,0.7142857,4.75,1,1,0,1,0,0,0,0,1
0,-0.3372597,-0.5159492,0.9875695,0,1,3.5,1,0,1,0,0,0,1,0,0
0,-0.410541,0.2260886,1.260275,1,0.4285714,5,1,1,0,1,0,0,0,0,0
0,0.8417022,0.6863943,0.12258,0,0.8571429,5,1,0,0,1,0,0,0,0,1
0,0.3602999,0.9681265,0.3490682,1,0.7142857,5,1,1,0,1,0,0,1,0,0
1,0.6290416,-1.530987,-1.566436,0,0.8571429,2,1,0,1,0,0,0,0,0,1
0,0.8542801,0.5412448,0.0308026,1,0.7142857,4.75,1,0,1,0,0,0,0,1,0
1,-0.3664385,0.2260886,-0.2881196,0,0.7142857,5,1,1,1,0,0,0,0,0,1
0,0.8385177,1.001551,-0.6552291,0,1,5,1,0,0,1,0,0,1,0,0
1,-1.446963,-0.8311055,-1.792267,1,1,3,1,0,1,0,0,0,0,0,1
0,0.9252155,0.5078208,-1.520219,1,0.8571429,3.25,1,1,1,0,0,0,0,0,0
0,-0.3979631,0.2260886,-0.5621383,1,0.8571429,5,1,0,1,0,0,0,0,0,1
0,0.8542801,0.2260886,-1.246857,1,0.7142857,4.75,1,1,1,0,0,0,0,0,1
0,-0.3144498,0.2260886,-0.0173845,1,0.4285714,4.5,1,0,1,0,0,0,0,1,0
0,-1.994316,-0.4129563,-0.2900898,1,0.7142857,3.25,1,0,1,0,0,0,0,0,1
1,0.9094532,0.9681265,-0.9279343,0,0.8571429,5,1,0,1,0,0,0,0,0,0
0,0.8291243,-0.3707998,-0.5621383,0,0.7142857,5,1,0,0,0,0,1,1,0,0
0,0.3445376,0.5078208,-0.2894331,0,0.5714286,4.5,1,1,1,0,0,0,0,0,1
1,0.2268172,0.3290816,-0.9279343,1,0.8571429,4.75,1,0,1,0,0,0,0,0,1
0,0.8542801,0.5499773,-0.196999,1,1,5,1,1,1,0,0,0,1,0,0
0,-0.3664385,-0.0978001,-1.566436,1,0.8571429,4.5,1,0,0,1,0,0,0,0,1
0,-1.428831,-0.788949,-1.473345,1,0.8571429,4.5,1,0,0,0,0,0,0,1,0
0,-1.587157,0.2260886,-0.2425593,0,0,5,1,0,1,0,0,0,0,0,1
0,-0.3664385,-1.052001,-0.2438727,1,0,5,1,0,1,0,0,0,0,1,0
0,-2.400974,-0.8311055,-2.384551,1,0.8571429,3.5,1,1,0,0,0,0,0,1,0
0,-0.3979631,-0.4042238,-0.243216,1,0.8571429,4.5,0,0,0,0,0,0,1,0,0
0,0.7377105,1.283283,-0.2894331,1,1,4.75,1,1,1,0,0,0,0,0,1
0,0.1307261,-0.0556436,-0.2425593,1,1,3,1,1,1,0,0,0,0,0,1
1,-0.2939714,-0.5072168,-1.427128,1,0.4285714,4.25,1,0,0,0,0,1,0,0,1
0,-0.3246819,-0.6859559,0.0294892,1,0.7142857,4.75,1,1,1,0,0,0,0,0,1
0,0.1476392,-0.0469111,-1.199983,1,0.5714286,3,1,1,0,0,0,0,0,0,1
0,0.8542801,0.072041,-0.0167278,1,0.4285714,3.5,1,1,0,0,0,1,0,0,1
0,0.778653,0.92597,0.0301459,1,0.1428571,4.5,1,0,1,0,0,0,0,0,1
0,0.313013,-1.385837,-0.8810606,1,0.7142857,4.75,1,0,0,0,1,0,0,1,0
0,0.3988721,-0.788949,0.0301459,1,0.8571429,5,1,0,0,1,0,0,0,0,1
1,-0.3506762,0.9681265,0.0294892,1,0.8571429,5,1,0,0,1,0,0,0,0,0
0,-0.3246819,0.2348211,-1.473345,1,0.7142857,4.75,1,0,1,0,0,0,0,0,0
0,-0.3404441,-1.812719,-0.0167278,1,1,5,1,1,0,1,0,0,0,0,0
0,0.7999455,0.2260886,-0.243216,1,0.4285714,5,1,0,0,0,0,0,0,0,0
0,-0.4231188,-0.9676881,-1.519562,1,0.5714286,4.75,1,0,1,0,0,0,0,0,0
0,0.2539625,0.2260886,-0.5621383,0,0.7142857,5,1,0,1,0,0,0,1,0,0
0,0.2890522,1.283283,-0.9279343,1,0.4285714,4.5,1,0,1,0,0,0,1,0,0
0,-0.8060842,-1.112838,0.076363,1,0.5714286,4.5,1,0,0,1,0,0,0,0,0
0,-0.3664385,0.2260886,0.0301459,1,0.5714286,5,1,0,1,0,0,0,0,0,1
0,0.3150466,-0.0890676,-0.9272776,0,1,5,1,1,1,0,0,0,0,0,1
0,-0.3822008,-0.6946884,0.076363,1,0.8571429,4.25,1,0,0,0,0,0,1,0,0
0,0.3059654,-1.112838,-2.064972,1,0.7142857,4.75,1,0,1,0,0,0,0,0,1
0,0.8960367,-1.009845,0.3028512,1,1,4.75,1,0,1,0,0,0,0,0,0
0,-0.3664385,-0.1920606,1.260275,1,0.7142857,4.75,1,0,1,0,0,0,0,0,1
0,0.3728777,0.9681265,1.260275,1,0.8571429,5,1,1,1,0,0,0,0,0,1
0,0.8417022,-0.0890676,1.260275,1,0.4285714,5,1,1,0,1,0,0,0,0,1
0,-0.1380156,-1.257987,0.6217735,1,0.8571429,5,1,0,1,0,0,0,0,0,1
0,0.1692983,1.565015,0.6217735,1,0.7142857,5,1,1,0,0,1,0,0,0,1
0,-0.1797722,-0.4216887,0.6217735,0,0.2857143,4.75,1,0,1,0,0,0,0,0,1
0,0.3862942,-0.6946884,0.3490682,1,0.2857143,5,1,1,1,0,0,0,0,0,1
0,0.3185433,-0.3373757,0.9406958,0,0.5714286,4,1,1,0,1,0,0,0,0,1
0,0.8542801,-0.6437994,1.260275,0,0.7142857,5,1,1,1,0,0,0,1,0,0
0,0.9377933,-0.0369636,0.6686472,0,0.7142857,5,1,0,1,0,0,0,1,0,0
0,0.8960367,1.283283,0.9406958,0,0.7142857,5,1,1,0,1,0,0,1,0,0
0,-0.3664385,0.2260886,0.3490682,1,0.4285714,3.75,1,1,1,0,0,0,0,0,1
0,0.8542801,1.241126,0.9875695,1,0.5714286,4.5,1,1,0,1,0,0,0,1,0
0,0.7219483,0.92597,0.6686472,0,0.7142857,4.75,1,1,1,0,0,0,1,0,0
0,0.8542801,0.4990883,0.9406958,1,1,4.25,1,0,1,0,0,0,0,1,0
0,0.7999455,-0.0890676,0.6679905,1,0.4285714,5,1,0,1,0,0,0,0,0,1
1,-0.9088565,-0.6946884,0.9875695,1,0.4285714,4.75,1,0,1,0,0,0,0,1,0
0,0.8259399,-0.3795322,0.6211168,0,0.4285714,5,1,0,0,1,0,0,0,0,1
0,-0.3822008,-1.615465,0.1694537,1,0.5714286,4.75,1,1,0,0,1,0,0,0,1
0,0.8960367,0.9681265,1.260275,1,0.5714286,5,1,0,1,0,0,0,1,0,0
0,-0.3664385,0.2260886,0.3490682,1,0.7142857,4.75,1,0,0,0,0,1,0,0,0
0,0.8385177,-2.127875,0.3028512,1,0.5714286,5,1,1,0,0,1,0,0,0,1
0,0.8676965,0.2682451,0.6679905,0,0.7142857,5,1,1,1,0,0,0,1,0,0
0,-0.3664385,-0.4042238,0.6217735,1,0.8571429,5,1,0,1,0,0,0,0,0,1
0,-0.3979631,0.2260886,0.3490682,1,0.4285714,3,1,0,0,0,0,0,1,0,0
0,0.8960367,0.5078208,0.3028512,0,0.8571429,5,1,1,1,0,0,0,0,0,0
0,0.8542801,1.249859,0.3490682,0,0.8571429,5,1,0,1,0,0,0,1,0,0
0,0.5589448,0.5078208,0.6686472,1,0.5714286,5,1,0,1,0,0,0,0,0,0
0,0.8960367,0.2260886,0.3021945,1,0.7142857,4.75,1,1,0,1,0,0,1,0,0
1,0.1567204,0.2260886,0.3490682,1,0.5714286,5,1,0,0,0,0,1,0,0,1
0,-0.3664385,0.2173561,0.3490682,1,0.5714286,3,1,1,1,0,0,0,0,0,1
1,0.8802744,-1.112838,0.6224302,1,0.4285714,4.75,1,0,0,0,0,1,0,0,1
0,-0.3506762,0.2260886,0.3497249,1,0.7142857,5,0,0,0,0,0,0,0,0,1
0,-0.4365353,-1.240522,0.3490682,1,0.7142857,4.5,1,1,0,0,0,1,0,0,1
0,0.8542801,-0.873262,1.260275,0,0.8571429,4.5,1,0,0,0,1,0,0,0,1
0,-0.5665213,0.0051929,0.6679905,1,0.7142857,4.5,1,1,0,0,0,0,0,0,1
0,-0.2081124,-0.0978001,0.3490682,1,1,4.5,1,0,0,1,0,0,0,0,1
0,0.8542801,-1.39457,1.260275,1,0.5714286,4.5,1,1,1,0,0,0,0,0,1
1,-0.3664385,0.2260886,0.6211168,0,0.5714286,5,1,0,1,0,0,0,0,0,1
0,0.8417022,1.249859,0.3490682,1,1,5,1,0,0,0,0,0,0,0,1
0,0.683376,0.2260886,0.9875695,1,1,4.75,1,1,0,0,1,0,0,0,1
0,-0.3664385,-1.888299,0.9413525,1,0.4285714,4.75,1,1,0,0,0,0,0,0,1
0,-0.2081124,0.2260886,1.260275,0,0.5714286,5,1,0,0,0,0,0,0,0,1
0,0.8542801,0.2260886,0.9406958,0,0.7142857,4.5,1,1,0,0,0,0,0,0,1
0,0.7251327,-0.0556436,0.9875695,1,0.8571429,5,1,1,0,0,1,0,0,0,0
0,-0.3664385,0.2260886,0.3028512,1,0.7142857,4.5,1,1,1,0,0,0,0,1,0
0,0.6416194,-0.0890676,0.6686472,1,0.4285714,4.5,1,0,0,0,0,0,1,0,0
0,0.3383836,-1.436726,0.3490682,1,0.5714286,3.5,0,0,1,0,0,0,0,0,1
0,0.8960367,-0.4129563,0.6217735,0,0.4285714,5,1,1,1,0,0,0,1,0,0
0,0.8542801,1.565015,1.260275,0,0.7142857,4.5,1,1,1,0,0,0,0,0,1
0,-0.3979631,0.2260886,0.3952852,1,0.7142857,4.5,1,0,1,0,0,0,1,0,0
0,-0.5113482,-0.6525319,0.6211168,1,0.5714286,2.25,1,0,1,0,0,0,1,0,0
0,-0.3664385,-0.4042238,0.3497249,0,0.5714286,4,1,1,1,0,0,0,0,0,1
0,0.240546,0.8229769,0.6686472,1,0.5714286,5,1,0,0,0,0,0,0,0,1
0,0.2019738,-0.4129563,0.6679905,1,0.5714286,4,1,1,0,0,0,0,0,0,1
0,-0.3664385,-0.3707998,0.3490682,1,0.5714286,3.5,1,1,0,1,0,0,0,0,1
0,0.97955,-0.0890676,0.3490682,0,0.4285714,5,1,1,1,0,0,0,0,0,0
0,-0.3664385,0.2260886,1.260275,1,0.7142857,4.5,1,0,0,1,0,0,0,0,1
0,-0.3822008,0.2260886,0.6679905,1,0.4285714,4.25,1,0,0,0,0,0,0,0,0
1,-1.374496,-0.0890676,-0.2425593,1,1,3.75,1,0,0,1,0,0,0,0,1
0,-0.2081124,-0.0978001,-0.243216,0,0.4285714,4.75,1,1,1,0,0,0,0,0,0
0,-0.2829252,0.2260886,-2.064972,1,0.7142857,4.25,1,1,1,0,0,0,0,0,1
0,-0.1663557,-0.0978001,0.0294892,0,0.4285714,5,1,1,0,1,0,0,1,0,0
0,-0.3246819,0.2260886,0.076363,0,0.4285714,5,1,0,0,1,0,0,1,0,0
0,0.0436476,-0.8398379,-0.2900898,1,0.4285714,5,1,0,0,1,0,0,0,0,1
0,-0.3664385,-0.788949,-0.5621383,1,0.5714286,4,1,1,0,0,0,0,1,0,0
0,-0.818662,-0.8311055,0.076363,0,0.7142857,4.75,1,0,1,0,0,0,1,0,0
0,-0.1134592,0.6529703,-0.5621383,1,0.2857143,4.5,1,0,0,0,0,0,0,0,1
0,-0.3664385,-0.0556436,-0.243216,1,0.5714286,4.25,1,0,0,0,0,0,0,0,1
0,-0.3089196,-0.8311055,-0.5621383,1,0.7142857,5,1,0,1,0,0,0,0,0,1
0,-0.6737524,0.6442378,0.0301459,1,0.7142857,4.5,1,1,0,1,0,0,0,0,1
1,0.4146344,-1.112838,-1.201296,0,0.7142857,5,1,0,0,1,0,0,0,0,1
0,0.8542801,0.5499773,-2.111846,1,0.5714286,5,1,0,1,0,0,0,0,1,0
0,-0.3506762,0.2260886,-0.243216,0,0.7142857,4.75,1,0,0,0,0,0,1,0,0
1,-0.182118,-1.112838,0.076363,0,0.5714286,4.25,1,0,0,0,0,0,0,1,0
0,-0.3664385,0.2260886,0.0301459,0,0.8571429,3.75,1,1,0,1,0,0,0,1,0
0,-0.3664385,0.2260886,-0.5621383,0,0.5714286,4.5,1,1,0,1,0,0,0,0,1
0,0.1893959,0.2260886,-0.5621383,1,0.7142857,4.25,1,0,0,1,0,0,0,0,1
0,0.4146344,-0.0890676,0.6217735,1,0.7142857,5,1,1,0,1,0,0,0,0,1
0,0.7873677,0.3203491,0.3021945,0,0.4285714,4,1,1,0,0,0,1,0,0,1
0,0.8802744,-0.0556436,0.6224302,0,0.4285714,4.5,1,0,0,0,1,0,0,0,1
1,0.1602171,0.6442378,1.260275,1,1,4.5,0,1,0,1,0,0,1,0,0
0,0.3728777,0.2260886,0.9875695,0,0.7142857,5,1,1,1,0,0,0,1,0,0
1,0.4146344,0.5499773,0.3497249,1,0.5714286,4.5,1,1,0,1,0,0,0,0,1
0,0.3988721,0.8317094,1.260275,0,0.7142857,4.5,1,1,1,0,0,0,0,0,1
0,-0.3664385,0.2260886,0.6211168,1,0.8571429,5,1,1,1,0,0,0,0,0,1
0,0.4146344,0.9681265,1.260275,1,0.8571429,4.75,1,0,0,1,0,0,0,0,1
0,-0.3664385,0.2260886,0.3490682,1,0.7142857,4.25,1,1,0,1,0,0,0,0,1
0,0.2732899,-1.615465,0.3490682,0,0.2857143,4,1,0,0,0,0,0,1,0,0
0,-0.3664385,0.2260886,0.3490682,1,0.8571429,4.25,1,1,0,1,0,0,0,0,0
0,0.4020565,-0.0469111,1.260275,1,0.1428571,5,1,0,0,0,0,0,0,0,1
0,-0.3664385,1.241126,0.7148643,0,0.7142857,5,1,1,1,0,0,0,0,0,1
0,0.3445376,-1.146262,0.6679905,0,0.7142857,5,1,0,0,1,0,0,0,1,0
0,0.2122058,-0.5581058,0.3021945,0,1,4.75,1,0,1,0,0,0,0,0,0
0,0.8542801,-0.3795322,0.6686472,1,0.2857143,5,1,1,0,0,0,0,0,0,0
0,-0.3506762,-0.4129563,0.3490682,0,0.4285714,3.5,1,0,1,0,0,0,1,0,0
1,-0.4625297,-0.8311055,1.260275,0,0.5714286,4.5,1,1,0,1,0,0,0,0,1
0,0.3728777,0.2260886,0.6679905,1,0.5714286,4.25,1,1,0,1,0,0,0,0,1
0,0.8542801,0.6442378,0.9406958,0,0.5714286,4.75,0,0,1,0,0,0,0,0,1
0,0.3862942,-0.3707998,0.3490682,1,0.5714286,3.75,1,0,0,0,0,0,1,0,0
0,-0.2081124,-1.018577,1.260275,0,1,4.75,1,0,0,0,0,0,0,0,0
0,0.8960367,0.5499773,0.3490682,1,0.7142857,5,1,0,0,1,0,0,0,0,1
0,0.3185433,0.2260886,1.260275,1,0.5714286,4.5,1,1,0,1,0,0,0,0,0
0,0.1862115,-0.6946884,0.6679905,1,0.7142857,4.75,1,0,0,0,0,0,0,1,0
0,-0.9644103,0.2260886,1.260275,1,0.7142857,4.5,1,1,0,1,0,0,0,1,0
0,0.8960367,-0.3373757,0.6679905,0,0.7142857,5,1,0,1,0,0,0,0,0,1
0,-0.3664385,0.2260886,0.3490682,0,0.5714286,5,1,0,1,0,0,0,0,0,1
0,-1.474084,-1.052001,-0.9272776,0,0.5714286,4.75,1,1,0,0,0,0,1,0,0
0,0.6258571,0.2260886,0.0301459,0,0.4285714,4.25,1,0,1,0,0,0,0,0,1
0,0.8259399,0.1751996,-1.20064,1,1,4.75,1,1,0,0,0,0,0,0,1
0,0.7400808,-0.1137592,-0.6090121,1,0.5714286,3,1,0,1,0,0,0,0,0,1
0,0.8417022,-0.0556436,0.0294892,0,0.7142857,4,1,0,1,0,0,0,0,0,1
0,-1.5454,-0.3373757,-0.2425593,1,0.2857143,5,1,0,0,0,0,0,1,0,0
0,-0.8478408,-0.4042238,-0.2887764,0,0.7142857,4.25,1,1,0,0,0,0,0,0,0
1,-0.1245991,0.1926646,-1.154423,1,0.7142857,5,1,1,1,0,0,0,0,0,1
0,0.7196025,-1.385837,-0.6083553,0,1,4,1,0,1,0,0,0,0,0,0
0,0.745611,1.241126,0.0770197,0,0.7142857,5,1,0,1,0,0,0,0,0,1
1,0.8960367,-1.522254,0.0757063,1,0.4285714,5,1,1,0,0,0,0,0,0,1
0,0.3988721,0.2260886,-0.6090121,1,0.7142857,4.75,1,0,0,0,0,0,0,1,0
0,0.8960367,-0.0890676,0.076363,1,0.5714286,5,0,1,0,0,0,1,0,0,1
0,-0.3664385,-0.788949,-0.1963423,0,0.4285714,4.5,1,1,0,0,1,0,0,0,1
0,-0.1923501,-1.249255,-0.8817173,0,0.7142857,4.75,1,0,0,0,0,0,0,0,1
1,-1.444593,-2.024882,-2.111846,1,0.8571429,3.5,0,1,0,0,0,1,0,0,1
0,0.4707154,-0.0890676,-0.6558858,0,0.4285714,5,1,0,0,0,0,0,0,1,0
0,-0.2049279,-1.39457,-0.2425593,0,0.8571429,4.75,1,1,0,0,0,1,1,0,0
0,-0.1955345,1.565015,-1.154423,1,0.5714286,5,1,0,0,0,0,0,1,0,0
0,-0.5531048,-1.070681,-1.20064,1,0.4285714,4.75,1,1,1,0,0,0,0,1,0
0,0.2019738,-0.0978001,0.0294892,0,1,4.75,1,1,0,0,0,0,1,0,0
0,0.3728777,0.2260886,-0.8804039,0,0.7142857,4.75,1,1,1,0,0,0,0,0,1
0,0.4146344,-0.3373757,0.3490682,0,0.5714286,5,1,1,1,0,0,0,1,0,0
0,0.8417022,-0.8311055,0.9406958,1,0.5714286,4.75,1,1,0,0,0,0,0,0,1
0,-0.3664385,-0.4216887,0.9875695,1,0.4285714,4.75,1,1,0,0,0,0,0,0,1
0,0.9094532,0.959394,0.6679905,0,0.4285714,4.5,1,0,0,0,0,0,0,0,1
0,0.8542801,-1.052001,0.9406958,1,0.4285714,5,1,1,0,0,0,0,1,0,0
0,0.8542801,0.8229769,0.6679905,0,0.5714286,5,1,1,0,0,0,1,1,0,0
0,-0.1695402,0.2260886,0.9413525,1,0.5714286,4.75,1,0,0,0,0,0,0,0,1
0,0.3602999,-0.4216887,1.260275,0,0.5714286,4.75,1,0,0,0,0,0,1,0,0
0,0.8960367,1.565015,1.260275,0,0.4285714,5,1,0,1,0,0,0,1,0,0
0,0.8417022,-0.0890676,0.9875695,1,0.5714286,4.75,1,0,0,0,0,0,0,0,1
0,0.8259399,-0.9676881,0.6679905,0,0.2857143,4.5,1,0,0,0,0,0,0,0,1
0,0.4146344,1.565015,0.9406958,0,0.5714286,5,1,0,0,0,0,0,0,1,0
1,0.6416194,-1.709726,0.3490682,1,0.5714286,4.5,1,1,0,0,0,0,1,0,0
0,-0.1797722,0.9681265,0.6217735,1,0.5714286,4.5,1,1,0,0,0,0,1,0,0
1,-0.312104,0.5499773,1.260275,0,1,4.25,1,0,0,1,0,0,0,1,0
0,0.8542801,-1.001112,1.260275,1,0.5714286,5,1,1,0,0,0,0,1,0,0
0,-0.3246819,-0.4129563,1.260275,0,0.4285714,5,1,1,0,0,0,0,1,0,0
0,-0.1797722,0.5078208,0.6211168,1,0.7142857,4,1,1,0,0,0,0,0,0,1
0,0.8259399,-1.070681,0.3490682,1,0.4285714,4.75,1,0,0,1,0,0,1,0,0
0,0.8542801,-0.4042238,0.6679905,1,0.8571429,5,1,1,0,0,0,0,0,0,1
0,0.8542801,-0.3373757,0.9875695,0,0.7142857,5,1,0,0,0,0,0,0,0,1
0,0.8542801,0.5499773,0.3490682,0,1,4.5,1,0,0,0,0,0,1,0,0
0,0.221287,-2.451764,1.260275,1,1,4.75,1,0,0,0,0,0,0,0,1
0,0.922031,0.2260886,0.6217735,1,0.7142857,5,1,1,0,0,0,0,0,0,1
0,0.8542801,1.249859,0.9875695,0,0.1428571,4.25,1,0,1,0,0,0,0,0,0
0,0.6416194,-0.8311055,0.6217735,0,1,5,1,1,0,0,0,0,0,0,0
0,0.8802744,0.959394,0.3028512,0,0.7142857,5,1,1,0,0,0,0,1,0,0
0,-0.3664385,-0.4216887,1.260275,1,0.5714286,4.75,1,1,0,0,0,0,0,1,0
0,0.8385177,-0.3795322,0.6686472,0,0.5714286,5,1,0,0,0,0,0,0,0,1
0,0.8645121,0.9681265,0.6679905,1,0.5714286,5,1,0,0,0,0,0,0,0,0
1,0.8542801,-2.451764,1.260275,0,0.5714286,4.75,1,0,0,0,0,0,1,0,0
0,-0.8501866,-1.888299,-1.473345,0,0.5714286,4.25,1,0,0,0,0,0,1,0,0
0,0.8133621,1.565015,-1.473345,1,0,5,1,0,0,0,0,0,0,0,1
1,-0.1990312,1.565015,-0.2907465,1,0.2857143,5,1,0,0,0,0,0,0,0,1
0,-1.05142,-0.5072168,-0.2894331,0,0.4285714,4.5,1,0,0,0,0,0,0,0,0
0,-0.3246819,0.2260886,0.076363,0,0.8571429,4.5,1,0,0,0,0,0,0,0,1
0,-0.2081124,0.9681265,-0.5621383,1,0.2857143,5,1,1,0,0,0,0,1,0,0
0,0.8542801,1.565015,-0.9741514,1,0.2857143,5,1,0,0,0,0,0,1,0,0
0,0.3571154,-0.6946884,0.076363,1,0.8571429,4.5,0,1,0,0,0,0,0,0,1
0,0.8542801,0.2260886,-0.8804039,1,0.5714286,5,1,1,0,0,0,0,1,0,0
0,0.8259399,1.565015,-1.153109,1,0.7142857,5,1,0,0,0,0,0,0,1,0
1,0.1149638,0.2260886,-0.5621383,1,0.7142857,4.5,1,1,0,0,0,0,0,0,0
0,0.9637877,-0.8311055,0.0770197,1,0.8571429,4,1,0,0,0,0,0,0,0,1
0,0.8542801,1.249859,-0.0167278,0,0.8571429,4.5,1,0,0,0,0,0,0,0,1
0,-0.9348508,-0.3707998,0.0294892,0,0.5714286,4.5,0,0,0,0,0,1,0,0,1
0,0.8542801,1.249859,-0.2887764,0,0.2857143,4.75,0,1,0,0,0,0,0,0,1
0,-2.807876,-0.3373757,-0.6552291,1,0.8571429,3.5,0,0,0,0,0,0,0,0,1
0,-0.6930113,0.2260886,-0.2425593,1,0.8571429,3.5,1,1,0,0,0,0,0,0,1
0,-0.8604187,-0.6859559,-0.5621383,1,0.7142857,4.75,1,1,0,0,0,0,0,0,1
0,0.7999455,0.2260886,0.076363,1,0.5714286,5,1,1,0,0,0,1,0,0,1
1,-0.7891025,0.5933488,-2.065629,1,0.5714286,4.25,1,1,0,0,0,1,0,0,0
0,0.8542801,0.2260886,-0.0180412,0,0.8571429,4.75,1,0,0,0,0,0,1,0,0
0,-0.3664385,-0.7281125,-0.5621383,1,0.8571429,5,1,1,0,0,0,0,1,0,0
1,0.8676965,-0.0469111,0.0294892,1,0.2857143,4.5,1,1,0,0,0,1,0,0,1
0,-0.3664385,-0.5159492,-0.6558858,1,0.7142857,4.25,1,0,0,0,0,0,0,1,0
0,0.1850606,0.2260886,0.0294892,1,0.4285714,4.25,1,1,0,0,0,0,0,0,1
0,-0.3664385,0.3016692,-0.2894331,0,0.2857143,4.75,1,1,0,0,0,0,1,0,0
0,0.8542801,1.565015,0.9413525,1,1,5,0,1,0,0,0,0,0,0,1
0,0.1149638,-0.4129563,0.3490682,0,0.4285714,5,1,1,0,0,0,0,1,0,0
1,0.8960367,0.2260886,0.3490682,1,0.7142857,4.25,1,0,0,0,0,0,0,0,1
0,0.8542801,1.565015,0.6686472,1,0.8571429,4.75,1,0,0,0,0,0,0,0,1
0,0.8259399,0.2348211,0.9875695,0,0.4285714,4.25,1,0,0,0,0,0,0,1,0
0,-0.3664385,-1.052001,1.260275,0,0.4285714,4.75,1,1,0,1,0,0,0,0,1
0,0.1113986,-0.8919419,0.3490682,1,0.5714286,4.75,1,1,0,0,0,0,0,0,1
0,0.3728777,-0.8311055,0.6217735,1,0.7142857,4,0,0,0,0,0,0,0,0,0
1,0.9480254,0.5933488,1.260275,1,0.7142857,5,1,0,0,0,0,0,0,1,0
0,0.8417022,-0.0978001,1.260275,1,0.5714286,5,1,0,0,0,0,0,0,0,1
0,-0.3246819,0.5078208,0.3490682,1,0.5714286,5,1,1,0,0,0,0,0,0,1
0,-0.0825302,-1.436726,0.3490682,1,0.1428571,5,1,1,0,0,0,0,0,0,1
0,0.3728777,-1.591823,0.3484115,1,0.7142857,5,1,1,0,0,0,1,0,1,0
0,0.2858678,-0.5072168,0.6217735,1,0.7142857,4.25,1,1,0,0,0,0,0,0,1
0,0.3445376,-1.309042,0.9406958,1,0.5714286,4.75,0,1,0,0,0,0,0,0,1
0,-0.4522976,-0.0890676,0.7148643,1,0.7142857,4.75,1,1,0,0,0,0,0,0,1
0,-0.312104,-0.4129563,0.9406958,1,0.7142857,4.5,1,0,0,0,0,0,0,0,1
0,0.8385177,0.92597,0.6217735,1,0.8571429,4.5,1,0,0,0,0,0,0,0,1
0,0.7511271,0.2348211,0.6686472,1,0.8571429,4.75,0,0,0,0,0,0,1,0,0
0,0.1862115,0.2260886,1.260275,1,0.5714286,5,1,1,0,0,0,0,0,0,1
1,-0.1403614,-1.104105,0.3490682,0,0.7142857,5,1,0,0,0,0,0,0,0,1
0,-0.3664385,-0.8311055,1.260275,1,0.7142857,4.5,1,0,0,0,0,0,0,1,0
0,-0.3664385,0.2260886,0.6217735,0,0.8571429,5,1,0,0,0,0,0,1,0,0
1,0.456391,0.9681265,0.3028512,1,0.8571429,4.5,1,1,0,0,0,0,0,1,0
0,0.922031,1.565015,1.260275,1,0.5714286,4.5,1,1,0,0,0,0,0,1,0
0,-0.3199658,-1.146262,-0.8810606,0,0.4285714,4.5,1,1,0,0,0,0,0,0,1
1,0.2902031,-0.0890676,-1.474002,0,0.2857143,5,1,1,0,0,0,0,1,0,0
0,0.6416194,-1.112838,-1.839141,1,0.4285714,4.25,1,0,0,0,0,1,0,0,1
0,-0.6961958,-0.8311055,-2.111846,0,0.1428571,5,1,0,0,0,0,1,1,0,0
1,-0.2238747,0.2260886,-0.882374,1,0.5714286,2,1,0,0,0,0,1,0,0,1
0,0.1149638,-2.451764,-0.243216,0,0.2857143,4.75,1,1,1,0,0,0,0,0,0
0,-0.1663557,0.2260886,-1.473345,0,0.4285714,5,1,1,0,1,0,0,0,0,1
0,0.3725655,0.5412448,-0.1494685,1,0.2857143,5,1,1,0,0,0,0,0,1,0
0,-0.3506762,-0.0978001,-1.792267,1,0.4285714,5,1,0,1,0,0,0,0,0,1
0,0.8542801,-1.154994,-0.2900898,1,0.4285714,5,1,0,1,0,0,0,0,1,0
0,0.3728777,0.2260886,-1.199983,0,0.7142857,5,1,1,0,1,0,0,0,0,1
0,-1.400491,-0.736845,-0.5146078,0,0.5714286,4.75,1,1,0,0,0,0,1,0,0
0,-0.3664385,-0.4129563,-0.5621383,1,0.2857143,4.75,1,0,0,0,0,0,1,0,0
0,0.8960367,0.8651335,-0.2894331,0,0.8571429,5,1,0,0,0,0,0,0,1,0
0,0.8542801,0.6529703,-0.3349934,1,0.4285714,4.5,0,1,0,0,0,0,1,0,0
0,0.8960367,-2.033615,-0.1963423,0,0.4285714,5,1,1,0,0,1,0,0,0,1
0,0.3602999,-0.0890676,-0.2887764,1,0.4285714,5,1,1,0,0,0,0,0,1,0
0,-0.3664385,-2.451764,-0.5621383,0,0,4.75,1,0,0,1,0,0,0,1,0
1,0.683376,0.2260886,-1.20064,0,0.8571429,5,1,1,1,0,0,0,0,1,0
0,0.3445376,-0.1224916,-0.1963423,0,0.5714286,5,1,0,0,0,0,0,0,0,0
0,0.1862115,-0.1920606,-1.566436,1,0.4285714,4.75,1,1,0,0,0,0,0,0,1
0,-0.2773705,-1.282844,-2.384551,1,0.7142857,5,1,1,0,0,0,0,0,0,1
0,-0.3664385,0.5078208,-0.5621383,1,0.5714286,3.75,1,1,0,1,0,0,0,0,1
1,-0.3506762,0.2260886,-0.2894331,1,0.7142857,3.75,1,0,0,0,0,0,0,1,0
0,0.8417022,0.2260886,-0.5621383,0,0.7142857,4.75,1,1,0,0,0,1,0,0,1
1,-0.3822008,0.2260886,-0.6090121,1,0.2857143,4.5,1,0,0,0,0,0,1,0,0
1,-0.2829252,-0.4129563,-0.2881196,0,0.4285714,4.5,1,0,0,1,0,0,0,0,1
1,-0.3258768,-1.240522,-2.064972,1,0.7142857,4.25,1,1,0,1,0,0,0,0,1
0,-0.4908698,-0.0890676,-1.153766,1,0.4285714,5,1,0,0,0,0,0,1,0,0
0,0.7999455,0.2348211,-0.2894331,1,0.8571429,4.5,1,1,0,0,0,0,1,0,0
0,-0.1663557,-0.4129563,-1.199983,1,0.5714286,4.5,1,1,0,0,0,0,0,0,1
0,-0.3664385,0.2260886,-0.5621383,0,0.7142857,4.25,1,0,0,0,0,0,0,0,1
1,0.0436476,-0.4129563,-0.2438727,1,0.7142857,4.5,1,0,0,0,0,0,0,0,1
0,0.1941119,-0.013487,-0.7886266,0,0.5714286,5,1,1,0,0,0,0,0,0,1
1,0.9062688,0.9172375,-0.3356501,1,0.8571429,5,1,0,0,0,0,0,0,0,1
0,-0.3822008,-0.0978001,-0.6090121,0,0.5714286,4.75,1,0,0,0,0,0,0,0,0
0,0.6959539,0.2260886,1.260275,1,0.7142857,4,1,1,0,1,0,0,0,1,0
0,-0.4333509,-0.5159492,0.9413525,0,0.4285714,3.75,1,0,0,1,0,0,1,0,0
0,0.4289587,1.565015,0.7148643,1,0.1428571,5,1,1,0,0,0,0,0,0,1
0,0.8542801,-0.7281125,0.6679905,1,1,4.5,1,0,0,0,0,0,0,1,0
0,0.8542801,1.565015,1.260275,1,0.7142857,5,1,0,0,0,0,0,0,0,1
1,-0.8218464,-1.249255,0.0294892,1,0.8571429,3.75,1,0,0,0,0,0,1,0,0
0,0.8542801,-0.0556436,0.9406958,0,0.4285714,4.75,1,0,0,0,0,0,1,0,0
0,0.3988721,0.6442378,1.260275,0,0.4285714,5,1,0,0,0,0,0,0,0,1
0,0.8542801,1.565015,0.9406958,1,0.7142857,4.25,1,0,0,0,0,0,0,0,1
0,0.8802744,-0.0978001,0.3490682,0,0.8571429,5,1,1,0,0,0,0,0,0,1
0,0.7999455,-0.4042238,0.3490682,1,0.7142857,4.75,1,0,0,0,0,0,1,0,0
0,0.3445376,-0.5072168,0.3028512,1,0.8571429,5,1,1,0,1,0,0,0,0,1
0,0.4020565,0.5499773,0.6679905,0,0.5714286,3.25,1,0,0,0,0,0,1,0,0
0,0.8542801,-0.9676881,0.9406958,0,0.7142857,4.5,1,1,0,0,0,0,1,0,0
0,-0.2081124,0.1318281,0.3490682,1,0.7142857,5,1,0,1,0,0,0,0,0,0
1,-0.9088565,-1.009845,0.0301459,1,0.5714286,4.25,1,0,0,0,0,0,0,0,0
0,0.8542801,0.5078208,1.260275,1,0.4285714,5,1,1,0,1,0,0,0,0,1
0,0.3445376,-0.3373757,0.9875695,0,0.4285714,4.5,1,1,0,0,0,1,0,0,1
0,-0.2829252,0.2260886,0.1232367,1,0.5714286,5,1,0,0,0,0,0,0,0,1
0,0.8542801,1.249859,0.9406958,1,0.8571429,5,1,0,0,0,0,0,0,1,0
0,0.3862942,0.2260886,0.6211168,0,0.5714286,4,1,0,0,0,0,0,1,0,0
1,0.922031,0.2348211,1.260275,1,0.4285714,4.75,1,0,0,0,0,0,1,0,0
0,0.8960367,-0.5072168,0.9406958,1,0.5714286,4.75,1,1,0,1,0,0,1,0,0
1,0.8542801,-0.0978001,1.260275,1,0.5714286,5,1,1,0,1,0,0,0,0,1
0,0.8960367,0.6442378,0.6679905,0,0.7142857,5,1,0,0,0,0,0,1,0,0
0,0.6258571,-0.4129563,0.0301459,0,0.5714286,4.75,1,0,0,0,0,0,0,0,1
1,0.8542801,-2.357503,0.3021945,0,0.7142857,5,1,1,0,0,0,1,1,0,0
0,-0.3167814,-0.9490082,0.9875695,1,0.4285714,5,1,1,0,0,0,0,0,1,0
0,0.8542801,0.2260886,0.3035079,0,0.7142857,4.75,1,1,1,0,0,0,0,0,0
0,0.8960367,-0.0890676,0.9406958,0,0.7142857,4.5,1,1,0,0,0,0,0,1,0
0,-0.8670998,-1.300309,0.0301459,0,0.5714286,3.75,1,0,0,1,0,0,0,0,0
1,0.2110549,0.6442378,0.6686472,1,0.4285714,4,1,0,0,1,0,0,0,0,1
0,-0.3664385,-2.451764,0.0294892,1,1,4,0,1,0,0,0,1,0,0,1
0,0.8968753,0.5078208,0.6679905,0,0.8571429,4.5,1,1,1,0,0,0,1,0,0
0,0.6676137,0.2260886,0.3952852,1,0.7142857,4.75,1,0,0,0,0,0,0,0,1
0,-0.3404441,-0.0556436,0.6679905,0,0.7142857,5,1,1,0,0,0,0,1,0,0
0,0.3862942,0.2260886,0.076363,0,0.5714286,4.75,1,0,0,0,0,0,1,0,0
0,0.8542801,0.2348211,0.6217735,1,0.7142857,4.5,1,1,0,0,1,0,0,0,0
0,0.2563083,0.7287164,1.260275,0,0.5714286,3,1,1,0,1,0,0,0,0,0
0,0.5636221,0.8651335,0.3490682,1,0.4285714,4.25,1,0,0,0,1,0,0,1,0
0,0.7841833,-0.4129563,0.9406958,1,0.5714286,4.25,1,1,0,0,0,0,0,0,1
0,-1.51706,-1.112838,0.3484115,1,0.8571429,4.75,1,0,0,0,0,0,0,0,1
0,-0.2522148,-0.1920606,0.0301459,1,0.5714286,4.75,1,1,0,0,0,0,0,0,1
0,-0.2829252,-1.385837,0.6211168,1,0.2857143,4.25,1,1,0,1,0,0,0,0,1
0,-0.3822008,-0.0890676,-0.5621383,1,0.7142857,4.5,1,0,0,0,0,0,1,0,0
0,0.2417653,0.5499773,-0.8817173,1,0.8571429,4.5,1,0,1,0,0,0,0,0,1
0,-0.3246819,0.2348211,-1.20064,0,0.7142857,4.75,1,0,0,0,0,0,0,0,0
0,-0.3404441,-1.079414,0.076363,1,0.7142857,4.75,1,0,0,0,0,0,0,0,1
0,-0.2624469,-0.0556436,-0.6090121,1,0.7142857,5,1,1,1,0,0,0,0,1,0
0,-0.182118,-0.0556436,-1.20064,1,0.7142857,4.75,1,0,0,0,0,0,1,0,0
0,0.3445376,-0.0035396,-0.2894331,1,0.2857143,3,1,0,1,0,0,0,0,0,1
0,-0.2081124,-1.112838,0.0301459,1,0.8571429,5,1,0,0,0,0,0,0,0,1
0,-2.94922,-1.888299,-1.426471,1,0.2857143,1.75,1,0,1,0,0,0,0,1,0
0,-1.190176,-0.788949,-0.2425593,0,0.7142857,5,1,0,0,0,0,0,0,0,1
0,-0.3246819,-0.0890676,-1.745393,1,0.5714286,4.5,1,0,1,0,0,0,0,0,1
0,0.8802744,0.2260886,-0.4697042,0,0.7142857,4.75,1,1,1,0,0,0,0,1,0
0,-0.3404441,-1.300309,0.076363,0,0.8571429,4.75,1,0,0,0,0,0,0,0,0
0,0.5329504,-0.2254846,-1.519562,1,1,5,1,0,0,0,0,0,1,0,0
0,-0.2104582,0.2260886,-1.472688,1,0.8571429,5,1,0,1,0,0,0,0,0,0
0,0.7219483,1.249859,0.0294892,0,0.8571429,5,1,1,0,0,0,0,0,0,0
0,0.2311525,-0.0978001,0.076363,0,0.4285714,4.25,1,1,0,1,0,0,0,0,1
1,0.6676137,0.2260886,-0.5621383,0,0.5714286,5,1,1,1,0,0,0,0,0,0
0,0.3988721,0.6442378,0.0294892,0,0.4285714,5,1,0,1,0,0,0,0,0,1
0,-1.025426,1.565015,0.076363,1,0.5714286,3.25,1,0,0,0,0,0,0,0,1
0,-1.784055,-0.0556436,-1.566436,1,0.8571429,5,1,1,0,0,0,0,1,0,0
0,-0.5934235,0.2260886,-0.5621383,1,0.4285714,3.5,1,1,1,0,0,0,0,0,0
0,-0.8344243,0.2260886,-1.792267,1,0.4285714,4,1,0,1,0,0,0,0,1,0
0,0.8960367,-1.846143,-0.2425593,1,0.8571429,3.5,1,0,1,0,0,0,0,0,1
0,0.6676137,-0.6859559,-0.5621383,1,0.7142857,4.75,1,0,0,0,0,0,1,0,0
0,-0.2081124,0.2260886,-0.2425593,1,0,5,1,1,1,0,0,0,1,0,0
0,0.8960367,1.565015,1.260275,1,0.8571429,4.5,1,1,0,0,0,0,0,0,1
0,0.7353647,-0.3795322,0.9406958,1,0.7142857,5,1,1,0,0,0,0,0,0,0
0,0.683376,-0.0890676,0.6679905,1,1,4.5,1,1,0,0,0,0,0,0,1
0,0.6652679,-0.0978001,0.3490682,1,0.7142857,5,1,0,0,0,0,0,0,0,1
0,-0.2081124,0.2260886,1.260275,1,0.5714286,4.5,1,1,0,1,0,0,0,1,0
0,-0.3664385,-0.6946884,0.6679905,1,0.5714286,3,1,0,1,0,0,0,0,0,0
0,0.8417022,0.2260886,0.6211168,1,1,5,1,1,0,0,0,0,0,0,1
0,0.8542801,-0.8398379,0.6679905,0,0.8571429,4.5,1,0,0,0,0,0,0,1,0
0,0.2063776,-0.0890676,0.9406958,1,0.8571429,4.75,1,0,0,0,0,0,0,0,0
0,-0.3822008,-0.0978001,0.9406958,1,0.5714286,5,1,1,1,0,0,0,0,0,1
0,0.7999455,1.565015,1.260275,1,0.5714286,3,1,0,1,0,0,0,0,0,1
0,0.683376,0.5499773,0.9406958,1,0.5714286,3.75,1,0,0,0,0,0,0,0,1
0,-0.3664385,0.2260886,0.3490682,1,0.5714286,4.5,1,0,1,0,0,0,0,1,0
0,0.8259399,0.2260886,0.9875695,1,0.4285714,4.75,1,0,0,0,0,0,0,0,1
0,0.8542801,1.283283,1.260275,1,0.7142857,5,1,1,0,0,0,0,1,0,0
0,-0.3664385,-0.3373757,0.3490682,0,0.8571429,5,1,0,1,0,0,0,0,1,0
0,-0.3664385,-0.0890676,1.260275,0,0.2857143,4,1,0,1,0,0,0,0,0,1
0,-0.3664385,0.2260886,0.3490682,1,0.4285714,4.25,1,1,0,0,0,0,0,0,1
0,0.3602999,-0.0978001,0.6679905,0,0.8571429,4.75,1,1,1,0,0,0,1,0,0
0,0.8259399,0.2260886,0.3490682,1,0.5714286,4.75,1,1,1,0,0,0,1,0,0
0,0.3602999,0.6442378,0.6679905,1,0,4.75,1,1,1,0,0,0,1,0,0
0,0.8417022,0.6442378,0.6679905,0,0.4285714,4.25,1,1,0,0,0,0,1,0,0
0,0.8960367,1.565015,1.260275,1,0.8571429,4.5,1,1,0,0,0,0,0,0,1
0,0.8542801,0.8317094,0.9413525,1,0.5714286,3,1,0,1,0,0,0,0,0,1
0,-0.3664385,0.2260886,0.9406958,0,0.8571429,5,1,1,0,0,0,0,0,1,0
0,0.8542801,1.249859,0.9406958,0,0.7142857,5,1,1,0,0,0,0,1,0,0
1,0.8645121,-1.325001,0.6686472,0,0.7142857,5,1,0,0,0,0,0,1,0,0
0,0.8542801,-0.4129563,0.6211168,0,0.7142857,5,1,1,0,0,0,0,1,0,0
0,0.8542801,-1.188418,1.260275,0,0.8571429,4,1,0,0,0,0,0,0,0,1
0,0.8960367,0.6442378,-1.792267,0,0.8571429,4.5,1,0,1,0,0,0,0,0,1
0,0.8542801,0.8317094,-2.384551,1,0.4285714,3,1,1,0,0,1,0,0,1,0
0,-0.3664385,-0.4129563,-0.2425593,1,0.4285714,5,1,0,0,0,1,0,0,0,1
0,0.1307261,0.92597,-0.8355003,0,0.8571429,5,1,0,1,0,0,0,0,0,1
0,-0.3664385,0.2260886,-1.839141,0,0.2857143,5,1,0,1,0,0,0,0,1,0
0,0.8385177,-0.0556436,-0.2887764,0,0.2857143,4.75,1,1,1,0,0,0,0,0,0
1,0.2315333,-0.0890676,-0.8817173,0,0.5714286,4.75,1,0,1,0,0,0,0,1,0
0,-0.1245991,-1.146262,-0.6076986,0,1,4.75,1,0,1,0,0,0,1,0,0
1,0.8542801,0.2348211,-2.064972,0,1,4,1,1,1,0,0,0,0,0,1
1,-0.323531,0.0895059,-0.5621383,0,0.5714286,4.75,1,0,1,0,0,0,0,0,0
0,-0.3664385,-1.112838,-0.6090121,0,1,4.5,0,0,1,0,0,0,0,0,1
0,-0.3664385,-0.0978001,-0.2894331,1,0.7142857,5,0,0,1,0,0,0,1,0,0
1,-0.3664385,-0.6859559,-0.5152646,0,0.5714286,4.75,1,1,0,0,1,0,1,0,0
0,0.8834589,0.959394,-1.520219,0,1,4,1,0,1,0,0,0,0,0,1
0,-0.3979631,0.2260886,-0.2887764,0,0.5714286,5,1,1,1,0,0,0,0,0,1
0,0.8960367,1.565015,0.3035079,1,0.8571429,5,1,0,1,0,0,0,1,0,0
0,0.8542801,1.283283,0.6211168,1,0.7142857,3.75,1,0,1,0,0,0,0,1,0
0,0.8417022,-0.5072168,0.9875695,0,0.2857143,5,1,0,1,0,0,0,0,0,1
0,-0.3538607,0.5499773,0.076363,1,0.4285714,4,1,0,1,0,0,0,0,0,1
0,0.8542801,-0.013487,0.0294892,1,0.5714286,4.25,1,1,1,0,0,0,0,0,1
0,0.2732899,0.2260886,0.3021945,1,0.4285714,4.75,1,0,1,0,0,0,0,0,0
0,0.8542801,-0.1920606,0.6686472,1,0.8571429,5,1,0,1,0,0,0,0,0,1
0,0.8542801,1.565015,0.9406958,0,0.7142857,5,1,1,1,0,0,0,1,0,0
0,0.8960367,-0.0556436,0.3490682,1,0.5714286,5,1,1,1,0,0,0,0,0,0
0,0.1149638,0.2260886,0.9875695,1,0.2857143,3,1,0,1,0,0,0,0,1,0
0,0.8542801,1.565015,0.6211168,0,0.4285714,5,1,0,1,0,0,0,1,0,0
0,-0.420773,0.2260886,0.6679905,1,0,4,1,0,1,0,0,0,0,1,0
0,0.8542801,0.6442378,0.6211168,0,0.4285714,4,1,0,1,0,0,0,1,0,0
0,-0.6074393,1.283283,0.0301459,1,0.8571429,4.75,1,0,1,0,0,0,0,0,0
0,0.8960367,-0.3795322,-0.0154144,0,0.2857143,5,1,1,1,0,0,0,1,0,0
0,0.8542801,0.2260886,0.6217735,0,0.4285714,4.5,1,0,1,0,0,0,1,0,0
1,-2.010917,1.565015,1.260275,1,0.8571429,3.5,1,0,1,0,0,0,0,0,0
1,0.8542801,0.7198184,0.9406958,1,0.8571429,5,1,1,1,0,0,0,1,0,0
0,0.8542801,1.283283,0.0294892,1,0.8571429,3,1,1,1,0,0,0,0,0,1
0,0.8542801,0.4135602,-0.8804039,0,0.4285714,5,1,0,1,0,0,0,0,0,1
0,0.4146344,-0.0556436,-0.0167278,0,0.7142857,4.25,1,1,1,0,0,0,0,0,1
0,-0.3664385,-0.4216887,-1.473345,0,0.8571429,5,1,0,1,0,0,0,0,0,1
0,-1.302653,0.2260886,-0.5152646,1,0.5714286,5,1,0,1,0,0,0,0,0,1
0,-0.3664385,-1.436726,-0.8810606,0,1,4.25,1,0,1,0,0,0,0,0,1
1,-0.3144498,0.2260886,-0.6083553,1,0.4285714,5,1,0,0,0,0,0,1,0,0
0,0.9377933,0.3378141,-0.3349934,0,1,4,1,1,1,0,0,0,0,0,0
0,-0.3664385,0.2260886,-0.8810606,0,0.7142857,4,1,0,1,0,0,0,0,0,1
0,-0.1923501,0.5078208,-1.106235,1,0.8571429,5,1,0,1,0,0,0,1,0,0
0,-0.2341067,-0.4129563,-0.0154144,1,0.7142857,5,1,0,1,0,0,0,0,0,0
0,0.683376,-0.0890676,-0.2900898,0,0.5714286,4.25,1,0,1,0,0,0,0,1,0
0,0.683376,-0.5159492,-0.2425593,0,0.7142857,5,1,0,0,0,0,0,0,0,1
0,-0.3664385,0.2260886,-0.2887764,1,0.7142857,4.25,1,0,0,0,0,0,0,0,0
1,0.7716054,-0.2254846,-1.74605,1,0.5714286,5,1,1,0,0,0,0,0,0,1
0,0.8417022,0.3203491,0.9406958,0,0.7142857,4.25,1,1,1,0,0,0,1,0,0
0,0.8960367,-0.0978001,0.3484115,0,0.7142857,5,1,0,1,0,0,0,0,0,1
0,0.8542801,0.2260886,0.3490682,0,0,5,1,1,1,0,0,0,0,1,0
0,0.8542801,0.6442378,0.6217735,0,0.4285714,4,1,1,1,0,0,0,0,0,0
0,0.1862115,-0.3373757,0.9406958,1,0.8571429,5,1,0,1,0,0,0,1,0,0
0,0.8259399,0.8317094,1.260275,0,0.4285714,5,1,1,1,0,0,0,0,0,1
0,-0.4908698,0.2260886,0.6679905,0,0.7142857,5,0,1,1,0,0,0,1,0,0
0,0.8542801,-0.6525319,0.0757063,1,0.7142857,5,1,1,0,0,0,0,1,0,0
0,-0.3664385,0.2260886,0.0294892,1,0.4285714,4.75,1,1,0,0,0,0,0,0,1
0,0.8542801,-1.104105,1.260275,1,0.5714286,5,1,1,1,0,0,0,0,1,0
0,-0.5247647,-1.070681,0.6686472,1,1,4,1,1,1,0,0,0,0,1,0
0,0.6676137,-1.606567,0.3490682,1,0.4285714,5,1,0,1,0,0,0,0,0,1
0,-0.3664385,0.2260886,0.6686472,1,0.7142857,5,1,0,0,0,0,0,0,0,1
0,-0.0375891,0.9681265,0.6686472,1,0.4285714,4.5,1,1,1,0,0,0,0,0,1
0,0.1964435,-1.257987,-0.8804039,0,0.5714286,4.75,1,0,0,0,0,0,1,0,0
0,0.8542801,-0.0978001,0.0757063,1,0.7142857,5,1,1,1,0,0,0,0,0,1
0,0.8542801,0.5499773,-1.29373,1,0.5714286,5,1,1,0,0,0,0,0,0,0
0,0.8645121,1.249859,-2.065629,1,0.5714286,5,1,0,0,0,0,0,0,0,1
0,0.8960367,1.283283,0.0294892,1,0.5714286,4.75,1,1,0,0,0,0,0,0,0
0,-0.3822008,-0.9764206,-0.2887764,1,1,3.5,1,1,0,0,0,1,0,1,0
0,-0.3664385,0.2260886,-0.6096688,1,0.7142857,5,1,0,1,0,0,0,0,1,0
1,-0.3979631,0.2260886,-1.792267,0,0.4285714,4.75,1,1,1,0,0,0,1,0,0
0,0.3728777,0.8651335,-0.5621383,0,0.8571429,4.5,1,1,1,0,0,0,0,0,1
0,-0.3664385,0.2260886,0.0301459,0,0.4285714,4.75,1,1,1,0,0,0,0,0,1
0,0.8542801,-0.0890676,-0.2894331,1,0.7142857,5,1,1,0,0,0,0,1,0,0
0,0.8542801,1.565015,0.076363,1,0.7142857,4.75,1,1,0,0,0,0,0,0,0
0,-0.5090024,0.2260886,0.0301459,1,0.7142857,4.75,1,0,1,0,0,0,0,0,1
0,-0.7178548,-1.112838,-0.2425593,1,0.5714286,5,1,0,0,0,0,0,0,0,0
0,-0.3664385,0.0807735,-0.5614816,1,0.5714286,3,1,0,0,0,0,1,1,0,0
0,0.3728777,-0.0890676,-0.2894331,0,0.8571429,4,1,0,1,0,0,0,0,0,1
0,0.8542801,1.241126,-0.8817173,0,0.7142857,5,1,0,1,0,0,0,0,0,1
0,0.6959539,0.959394,-0.9279343,0,0.4285714,4,1,1,1,0,0,0,0,0,1
0,-0.2081124,-0.5072168,-0.5621383,1,0.5714286,5,1,1,1,0,0,0,0,0,0
0,0.3445376,-0.4129563,-0.2894331,1,0.7142857,4.5,1,0,0,0,0,0,0,0,0
0,0.1546869,0.2260886,-0.882374,0,0.7142857,3.5,1,0,1,0,0,0,0,0,1
0,-0.2466846,0.4990883,-0.243216,0,0.5714286,4.5,1,0,0,0,0,0,0,0,1
0,0.3728777,1.249859,-0.8355003,0,0.8571429,4.5,1,1,1,0,0,0,0,0,0
0,0.8417022,-0.0890676,-0.0173845,1,0.7142857,5,1,0,1,0,0,0,1,0,0
0,-0.3562064,0.5412448,-0.243216,1,0.1428571,4.75,1,0,1,0,0,0,0,0,1
0,-0.3664385,0.2260886,-0.5614816,0,0.7142857,3.75,1,0,0,0,1,0,1,0,0
0,-0.1923501,0.959394,-0.8355003,1,0.7142857,4.75,1,0,1,0,0,0,0,1,0
1,0.4146344,0.2260886,0.076363,0,0.5714286,5,1,0,0,0,0,0,1,0,0
0,0.3602999,0.9681265,-2.111846,1,0.5714286,5,1,1,1,0,0,0,0,1,0
1,0.6518515,-0.4216887,0.0301459,1,0.8571429,5,1,0,0,0,0,0,0,0,1
0,-0.3664385,0.2260886,0.3490682,1,0.8571429,4.5,1,1,0,0,0,1,0,0,1
0,0.9377933,0.3203491,0.6211168,0,0.2857143,4.5,1,1,1,0,0,0,0,0,1
0,-0.3664385,0.2260886,0.9875695,1,0.5714286,5,1,0,1,0,0,0,0,0,1
0,-0.3664385,0.2260886,1.260275,1,0.7142857,5,1,1,1,0,0,0,0,0,1
0,-0.2081124,0.2260886,0.3490682,0,0.7142857,5,1,0,0,0,0,0,0,0,1
0,-0.312104,-1.112838,0.9875695,1,0.5714286,5,1,1,1,0,0,0,0,0,0
0,0.8676965,0.0051929,1.260275,1,0.7142857,4.75,1,0,0,0,0,0,1,0,0
0,-0.3506762,-0.0890676,0.3490682,1,0.5714286,5,1,1,0,0,0,1,0,0,1
0,-0.4081952,0.0896716,0.3490682,1,0.8571429,4.75,1,1,1,0,0,0,1,0,0
0,0.8259399,0.2260886,1.260275,0,0.5714286,5,1,1,0,0,0,0,1,0,0
0,0.8385177,0.2682451,0.6679905,0,0.8571429,5,1,1,0,0,0,0,1,0,0
1,-0.3664385,-0.5072168,1.260275,1,0.7142857,4.75,1,1,0,0,0,0,1,0,0
0,0.3602999,-0.4129563,0.6686472,1,0.4285714,5,1,1,1,0,0,0,1,0,0
0,0.4146344,1.249859,0.3490682,1,0.7142857,5,1,1,0,0,0,0,0,0,0
0,-1.021929,-0.6102098,0.3490682,0,0.8571429,4.25,1,1,1,0,0,0,0,0,1
0,0.8676965,0.6529703,0.6686472,0,0.2857143,5,1,0,0,0,0,0,0,1,0
0,0.8542801,1.146866,0.9875695,0,0.7142857,4,1,0,1,0,0,0,0,0,1
1,-0.3664385,0.2260886,0.3490682,1,0.8571429,5,1,0,1,0,0,0,0,0,1
0,0.3602999,-3.508958,0.9406958,1,0.5714286,5,1,0,1,0,0,0,0,0,1
0,0.8960367,-0.3707998,1.260275,1,0.4285714,5,1,1,1,0,0,0,0,0,1
0,-0.2081124,-0.0556436,0.9406958,0,0.2857143,5,1,0,0,0,0,0,1,0,0
0,0.8960367,1.565015,0.9406958,1,0.7142857,5,1,1,0,0,0,0,1,0,0
0,0.8542801,0.6442378,0.6686472,1,0.8571429,4.75,1,0,0,0,0,0,1,0,0
0,0.3287753,0.2260886,0.3490682,0,0.5714286,4.75,1,0,0,0,0,0,0,0,1
0,0.4146344,-0.0978001,0.3021945,1,1,5,1,1,0,0,0,0,1,0,0
1,0.8417022,-0.2765392,0.3490682,1,0.5714286,5,1,0,0,0,0,1,0,0,0
0,-0.420773,0.2260886,0.7148643,1,0.7142857,4.5,1,1,1,0,0,0,0,0,1
0,0.8417022,-0.0803351,0.3490682,1,0.5714286,4.25,1,0,1,0,0,0,0,1,0
0,0.8542801,0.9347024,1.260275,1,0.7142857,5,1,1,1,0,0,0,0,0,0
0,0.8417022,0.2260886,0.9406958,1,0.4285714,5,1,1,0,0,0,0,1,0,0
0,0.8259399,-0.0890676,0.3490682,1,0.4285714,5,1,0,1,0,0,0,0,0,0
1,-0.3664385,0.2260886,0.6686472,1,0.4285714,5,1,0,0,0,0,0,0,0,0
0,0.3728777,1.565015,1.260275,1,0.7142857,5,1,1,1,0,0,0,0,1,0
0,0.1806812,-0.736845,0.6686472,1,0.4285714,4.75,1,0,0,0,0,0,1,0,0
0,0.8542801,0.5499773,1.260275,0,0.1428571,5,1,0,0,0,0,0,1,0,0
0,0.8417022,0.9681265,0.9875695,1,0.5714286,5,1,1,1,0,0,0,0,0,1
1,0.8417022,-0.3707998,0.6679905,0,0.8571429,4.5,1,1,1,0,0,0,0,0,1
0,0.8542801,0.5499773,0.3490682,1,0.5714286,5,1,0,1,0,0,0,0,1,0
0,-0.3664385,0.2260886,0.3490682,1,0.2857143,3,1,0,1,0,0,0,0,0,1
0,-0.3664385,0.2260886,0.3490682,1,0.5714286,4.75,1,0,0,0,0,0,0,0,0
0,-0.3404441,-1.385837,1.260275,0,0.1428571,5,1,0,0,0,0,0,1,0,0
0,-0.3664385,-0.8311055,0.3015378,1,0.5714286,3.25,1,1,0,0,0,0,0,0,1
0,0.8542801,-0.6338519,0.3490682,1,0.4285714,5,1,1,1,0,0,0,0,0,1
0,0.7377105,-0.4463803,0.6679905,0,0.5714286,5,1,1,0,0,0,0,1,0,0
0,0.3185433,0.9681265,0.6679905,1,0.5714286,4,1,1,1,0,0,0,0,0,0
0,0.3445376,-0.3707998,0.3490682,1,0.8571429,5,1,0,0,0,0,0,0,1,0
1,0.8542801,-0.0556436,0.3021945,1,0.5714286,5,1,1,0,0,0,0,0,1,0
0,-0.3246819,-0.9764206,0.3490682,1,0.4285714,4.75,1,1,0,0,0,1,1,0,0
1,0.745611,-0.7976814,0.6224302,0,0.8571429,5,1,0,0,0,0,0,0,0,0
0,0.3988721,0.2260886,-0.2894331,1,0.4285714,4.5,1,0,1,0,0,0,0,0,1
0,-0.6401148,-0.0890676,-1.153766,1,0.5714286,5,1,0,1,0,0,0,0,0,0
0,0.8417022,1.249859,-0.5614816,1,0.4285714,4.5,1,0,0,0,0,1,0,0,1
0,0.8542801,0.1751996,-0.8810606,0,0.8571429,5,1,1,1,0,0,0,0,0,1
1,0.8542801,0.098404,-0.5621383,0,0.4285714,5,1,1,1,0,0,0,0,0,1
0,0.30163,-0.6946884,-2.064972,1,0.7142857,5,1,1,1,0,0,0,0,0,1
0,0.683376,-1.009845,-0.9279343,1,0.4285714,5,1,0,1,0,0,0,0,1,0
0,0.2279681,0.6442378,-0.1963423,1,0.5714286,3.75,1,0,1,0,0,0,0,0,1
0,0.6676137,0.2260886,-0.243216,0,0.5714286,4.75,1,0,1,0,0,0,1,0,0
0,0.3287753,-1.39457,-0.6083553,1,0.5714286,5,1,1,1,0,0,0,0,0,1
0,0.3445376,-0.6859559,-0.562795,1,0.7142857,4.75,1,1,1,0,0,0,1,0,0
0,0.3728777,1.565015,-0.1963423,1,0.7142857,5,1,0,1,0,0,0,0,1,0
0,0.1862115,-0.3707998,-0.2894331,1,0.5714286,4.75,0,1,1,0,0,0,0,1,0
0,0.8542801,1.565015,-0.6545724,0,0.7142857,5,1,0,1,0,0,0,1,0,0
0,0.3602999,0.2260886,-0.2900898,0,1,5,1,0,0,0,0,1,1,0,0
0,-0.3790164,-1.436726,-1.20064,1,0.7142857,4.75,0,1,1,0,0,0,0,0,1
0,0.8385177,1.565015,-0.243216,0,0.8571429,5,1,0,1,0,0,0,0,0,0
0,-0.8670998,-1.112838,-0.6552291,1,0.8571429,5,1,0,1,0,0,0,0,0,1
0,0.30163,-0.0978001,-0.2887764,1,0.2857143,4.25,1,0,1,0,0,0,1,0,0
0,0.2776252,-0.4216887,-0.8817173,1,0.7142857,4.75,1,0,1,0,0,0,0,0,1
1,0.3185433,0.2260886,-0.9272776,0,0.8571429,4.5,1,1,1,0,0,0,0,0,1
0,-0.3664385,-0.4042238,-0.2900898,0,0.1428571,5,1,1,0,0,0,0,1,0,0
0,0.3728777,0.2173561,-0.5621383,1,0.4285714,5,1,1,1,0,0,0,0,0,1
0,-0.3664385,0.2260886,-0.2900898,0,0.4285714,5,0,1,1,0,0,0,1,0,0
0,0.8227555,-0.3608523,-2.064972,1,0.5714286,4,1,0,1,0,0,0,1,0,0
0,-2.582637,-1.751882,0.076363,0,0.8571429,4.5,1,0,1,0,0,0,1,0,0
0,-0.3404441,-0.6612644,0.3490682,1,0.4285714,4.75,1,0,1,0,0,0,0,0,1
0,0.30163,1.249859,0.9875695,1,0.1428571,5,1,1,1,0,0,0,1,0,0
0,0.8645121,-0.0890676,0.9875695,1,0.8571429,5,1,1,1,0,0,0,0,0,1
1,-0.6830908,-0.736845,0.0301459,1,0.7142857,3.25,1,1,1,0,0,0,1,0,0
0,-0.2761756,1.565015,1.260275,0,0.5714286,4.25,1,0,1,0,0,0,0,0,1
0,-0.2092633,0.2260886,0.0301459,0,0.8571429,5,1,1,1,0,0,0,0,0,0
0,-0.017368,-0.7976814,-0.0167278,1,0.7142857,4.5,1,1,1,0,0,0,1,0,0
0,-1.034507,0.5834013,0.0301459,0,0.7142857,3.75,1,0,1,0,0,0,0,0,1
0,0.8542801,1.241126,-0.0167278,1,0.4285714,4.75,1,0,1,0,0,0,0,0,1
0,0.3118621,1.249859,0.3028512,1,0.8571429,5,1,0,1,0,0,0,0,1,0
0,-0.3664385,0.2260886,0.3490682,0,0.5714286,5,1,0,1,0,0,0,0,0,0
0,-0.2206902,-1.112838,0.0294892,0,0.8571429,5,1,0,1,0,0,0,0,0,1
0,0.3150466,-0.3707998,0.0294892,1,0.5714286,4.75,1,0,1,0,0,0,0,0,1
0,0.8542801,1.565015,0.9406958,1,0.4285714,5,1,1,1,0,0,0,0,0,1
0,0.8542801,-0.1920606,0.3490682,0,0.7142857,5,1,0,1,0,0,0,1,0,0
0,0.8542801,0.2260886,0.3484115,1,1,4.5,1,1,1,0,0,0,0,0,1
0,0.8960367,1.249859,0.1694537,1,0.4285714,5,1,1,1,0,0,0,0,1,0
0,0.3445376,-0.6946884,0.3490682,1,0.5714286,4.25,1,0,1,0,0,0,1,0,0
0,-0.017368,0.8229769,0.3021945,0,0.4285714,4.5,1,1,1,0,0,0,0,0,1
0,0.2019738,0.6442378,0.3490682,1,1,4.25,1,1,0,0,0,1,0,0,1
0,-0.312104,-0.4042238,0.0294892,0,0.7142857,5,1,1,1,0,0,0,0,0,1
0,0.4020565,-0.0890676,0.9406958,1,0.5714286,5,1,0,1,0,0,0,0,0,1
0,0.8960367,0.9681265,0.6217735,1,0.4285714,5,1,0,1,0,0,0,1,0,0
0,0.8542801,0.098404,0.9875695,0,0.7142857,5,1,0,1,0,0,0,0,0,1
1,-0.3664385,-0.3373757,0.0294892,0,1,4.75,1,1,1,0,0,0,0,0,0
0,-0.1380156,0.2260886,1.260275,0,0.5714286,5,1,0,1,0,0,0,1,0,0
0,0.3728777,-1.257987,0.3490682,0,0.8571429,5,1,0,1,0,0,0,0,0,1
0,0.8645121,0.5499773,0.6217735,1,0.8571429,5,1,0,1,0,0,0,0,0,1
0,-0.3664385,-2.451764,0.0301459,1,0.7142857,4.75,1,0,1,0,0,0,1,0,0
0,0.8101776,1.241126,0.3021945,0,0.2857143,5,1,0,1,0,0,0,0,0,1
0,-1.1329,0.9681265,0.0294892,0,0.8571429,2.75,1,0,1,0,0,0,0,0,1
0,0.8259399,0.0560819,0.076363,1,0.5714286,5,1,1,1,0,0,0,0,0,1
0,0.8542801,-1.649939,0.0294892,0,0.7142857,4.75,1,0,1,0,0,0,0,0,1
0,0.8417022,-0.3707998,1.260275,1,0.5714286,4.25,0,1,1,0,0,0,0,0,1
0,0.6676137,0.5412448,-0.0173845,1,0.5714286,4.75,1,0,1,0,0,0,1,0,0
0,0.6959539,-0.6946884,0.0294892,1,0.4285714,4.5,1,0,1,0,0,0,0,0,1
0,-0.9190885,-0.9764206,0.0301459,1,0.5714286,3,1,0,0,0,0,1,0,0,0
1,0.8542801,1.249859,-0.2894331,1,0.4285714,5,1,1,0,0,0,0,0,1,0
0,1.021307,1.283283,-0.1963423,0,0.5714286,3,1,1,0,0,1,0,0,0,1
0,0.3728777,1.283283,0.3952852,1,0.7142857,5,1,1,0,0,0,0,0,0,1
0,-0.3664385,0.2260886,0.3490682,1,0.7142857,5,1,0,0,0,0,0,0,1,0
0,-0.2364525,-0.8311055,-0.5621383,1,0.5714286,5,1,0,0,0,0,0,0,0,1
0,0.7999455,1.565015,0.3490682,0,0.8571429,5,1,0,0,0,0,0,0,0,1
0,-0.3664385,-0.9676881,-0.8810606,1,0.7142857,5,1,0,0,0,0,0,1,0,0
1,0.8385177,1.565015,0.3490682,0,0.7142857,5,1,0,0,0,0,0,0,0,0
0,0.8542801,0.2260886,0.0301459,1,0.2857143,5,1,1,0,0,0,0,0,0,1
1,0.8542801,0.9681265,0.1232367,1,0.2857143,4,1,1,0,0,0,0,0,0,1
1,-0.3246819,-0.5072168,-1.427128,1,0.4285714,4.75,1,1,0,0,0,0,0,1,0
0,0.6360891,0.2260886,0.3490682,1,0.5714286,5,0,1,0,0,0,0,0,0,1
0,0.1602171,-0.0890676,-0.3369635,1,0.5714286,3,1,0,0,0,0,0,0,0,1
0,-0.3664385,0.2260886,-0.2894331,1,0.4285714,5,1,1,0,0,0,0,0,0,1
0,-0.3664385,-2.451764,0.3490682,0,0,5,1,0,0,0,0,0,0,0,1
0,-0.3664385,-0.4042238,0.3490682,1,0.7142857,5,1,0,0,0,0,0,0,1,0
0,-0.3664385,0.2260886,-0.1963423,1,0.8571429,5,1,0,0,0,0,0,0,0,1
0,-0.3664385,-1.112838,0.0294892,0,0.4285714,5,1,0,0,0,0,0,1,0,0
0,0.456391,1.565015,-0.2887764,1,0.7142857,4.5,1,1,0,1,0,0,0,1,0
1,-1.329243,-0.0978001,0.3490682,1,0.2857143,5,1,0,0,0,0,0,0,0,1
0,-0.3664385,0.2260886,0.3490682,1,0,5,1,0,0,0,0,0,0,0,1
0,0.8542801,0.2260886,0.6217735,0,0.4285714,5,1,1,0,0,0,0,1,0,0
0,0.8542801,0.2260886,0.9406958,1,0.8571429,5,1,1,0,0,0,0,0,0,1
0,0.8542801,0.0226579,0.6217735,1,0.4285714,5,1,1,0,0,0,0,0,1,0
0,0.778653,-0.8398379,0.6217735,1,0.4285714,3,1,0,0,0,0,0,0,1,0
0,0.8542801,1.565015,1.260275,1,0.5714286,5,1,1,0,0,0,0,1,0,0
0,0.8960367,1.565015,1.260275,1,0.5714286,4.5,1,1,0,0,0,0,0,0,1
0,-0.3664385,0.2260886,0.6679905,0,0.4285714,5,1,0,0,0,0,0,0,0,1
0,-0.3664385,1.565015,1.260275,0,0.5714286,5,1,0,0,0,0,0,0,0,1
0,0.8385177,-0.4216887,1.260275,1,0.8571429,5,1,0,0,0,0,0,1,0,0
0,0.8542801,1.565015,0.9875695,1,0.1428571,5,1,0,0,0,0,0,0,1,0
0,-0.3664385,0.2260886,0.7148643,0,0.5714286,5,1,0,0,0,0,0,0,0,1
0,0.3728777,1.565015,0.6217735,1,0.2857143,5,1,0,0,0,0,0,0,0,1
1,0.8385177,1.565015,0.442159,1,0.7142857,5,1,0,0,0,0,0,0,0,1
0,0.8542801,1.565015,1.260275,1,0.4285714,5,1,1,0,0,0,0,0,1,0
0,-0.2703474,0.2260886,1.260275,1,0.5714286,5,1,0,0,0,0,0,0,0,1
0,0.8417022,0.6442378,1.260275,1,0.7142857,4.5,1,0,0,0,0,0,1,0,0
0,0.8542801,1.241126,1.260275,1,0.7142857,5,1,1,0,0,0,0,1,0,0
1,-0.1695402,-2.178764,0.9413525,1,0.8571429,4.5,1,0,0,0,0,0,0,0,1
0,-1.320162,0.2260886,0.9875695,1,0.2857143,4,1,0,0,0,0,0,0,0,1
0,-0.2341067,0.9681265,-0.243216,1,0.4285714,5,1,1,0,0,0,1,0,0,1
1,-1.618682,-0.4650603,-1.792924,1,1,5,1,0,0,0,0,1,0,1,0
0,0.2382002,-1.112838,0.0294892,1,1,4.5,1,0,0,0,0,0,0,0,1
0,0.2019738,-0.0556436,-1.519562,1,0.4285714,5,1,0,0,0,0,0,0,1,0
0,0.683376,-0.9764206,-0.2894331,0,0.7142857,4.75,1,1,0,0,0,0,0,0,1
1,-0.2081124,0.2260886,-0.5621383,1,0.8571429,3.75,1,0,0,0,0,0,0,0,0
1,-1.599735,0.5165532,-1.473345,1,0.5714286,4.5,1,1,0,0,0,0,0,0,1
0,-0.3246819,-1.794039,-0.8348436,0,0.5714286,5,1,0,0,0,0,1,0,0,0
0,-0.3664385,0.2260886,0.0294892,1,0.5714286,5,1,0,0,0,0,0,0,0,1
0,0.7999455,-1.009845,-0.9279343,1,0.4285714,5,1,0,0,0,0,0,0,0,1
0,0.6810303,-0.7555249,-0.243216,0,0.5714286,4,1,0,0,0,0,0,0,0,1
1,0.8542801,-0.6338519,-1.29373,0,0.5714286,5,1,1,0,1,0,0,1,0,0
0,0.8259399,0.2260886,0.0301459,0,0.5714286,5,1,1,0,0,0,0,0,0,0
0,-0.1990997,-0.0978001,-0.2894331,1,0.7142857,4.25,1,0,0,0,0,0,0,0,1
1,0.8960367,0.2260886,-2.064972,1,0.5714286,4,1,0,0,0,0,0,1,0,0
0,0.4935253,0.5499773,-0.6076986,0,0.5714286,3,1,0,0,0,0,0,1,0,0
0,-1.290075,-0.6946884,-0.562795,1,0.4285714,3.75,1,0,0,0,0,1,0,0,1
1,-4.028594,-2.409607,-1.199983,1,0.8571429,4.5,1,0,0,0,0,0,0,0,0
0,-0.3822008,0.2260886,0.9875695,1,0.2857143,4.25,1,0,0,0,0,0,0,0,1
1,0.7999455,-0.0890676,1.260275,1,0.2857143,5,1,1,0,0,0,0,0,0,1
0,0.4146344,0.6442378,0.6679905,1,0.7142857,5,1,1,0,0,0,0,0,0,1
1,0.456391,0.6442378,0.6679905,1,0.8571429,4.5,1,1,0,0,0,1,0,0,1
0,-0.3790164,-0.0890676,0.6686472,1,0.7142857,5,1,0,0,0,0,0,0,0,1
0,-0.6319957,-1.709726,0.3490682,1,0.7142857,5,1,1,0,0,0,0,0,0,1
1,-0.1923501,-0.3707998,0.3490682,1,1,5,1,0,0,0,0,0,0,0,1
0,-0.1797722,-0.4042238,1.260275,1,0.5714286,5,1,0,0,0,0,0,0,0,1
1,-1.475304,-2.136608,1.260275,1,0.5714286,4.5,1,1,0,0,0,0,1,0,0
0,0.4981477,-2.136608,1.260275,0,0.4285714,4.5,1,1,0,0,0,0,0,0,1
0,-0.3404441,0.9172375,0.6217735,1,0.8571429,4,1,1,0,0,0,1,0,1,0
0,-0.3664385,-0.4129563,0.6686472,1,0.5714286,5,1,0,0,0,0,0,0,0,1
0,-0.483008,-0.8311055,0.3490682,1,0.7142857,4,1,1,0,0,0,0,0,0,0
0,0.8542801,1.565015,1.260275,0,0.8571429,4.75,1,0,0,0,0,1,1,0,0
0,-0.3664385,0.2260886,0.3035079,1,0.4285714,5,1,0,0,0,0,0,0,0,1
1,0.8542801,-2.127875,0.9875695,1,1,4.25,1,1,0,0,0,0,0,0,1
0,-0.3664385,0.2260886,0.3021945,0,1,4.25,1,1,0,0,0,0,0,0,1
1,-0.8930941,-1.949136,0.3490682,1,0.7142857,4.25,1,0,0,0,0,0,0,0,1
0,-0.3924329,-1.173674,0.6679905,0,0.7142857,5,1,1,0,0,0,0,1,0,0
0,-0.3664385,-0.9764206,0.9406958,1,0.5714286,5,1,0,0,0,0,0,0,0,1
0,0.683376,0.9681265,1.260275,0,0.7142857,5,1,1,0,0,0,0,0,0,1
0,0.3059654,0.2260886,0.3484115,0,0.7142857,5,1,1,0,0,0,0,0,0,0
0,0.3728777,0.8317094,1.260275,1,0.7142857,4.75,1,1,0,0,0,0,0,0,1
0,0.4146344,0.2260886,1.260275,1,0.4285714,4.75,1,0,0,0,0,0,0,0,0
1,-0.3664385,-0.0890676,0.0301459,0,0.4285714,5,1,1,0,0,0,0,0,1,0
0,0.2019738,-2.170032,-0.2894331,0,0.5714286,4.75,1,1,1,0,0,0,0,0,0
0,-0.3246819,-0.0890676,-1.473345,1,0.8571429,4,1,1,0,0,0,0,0,0,0
0,-0.3664385,0.9172375,-1.792267,1,0.8571429,5,1,1,0,0,0,0,1,0,0
0,-0.3822008,0.5499773,-0.2419026,1,1,4.25,1,0,0,0,0,0,0,0,1
0,0.8542801,0.2260886,-0.3349934,1,0.7142857,4.5,1,1,0,0,0,0,0,0,0
0,0.8417022,-0.9676881,-0.2887764,0,0.8571429,5,1,1,0,0,0,0,0,0,1
0,-0.3790164,-0.7281125,0.0294892,0,1,4.75,1,0,0,0,0,0,0,0,0
1,-0.8773319,-0.1920606,-0.2425593,1,0.5714286,4.25,1,0,0,0,0,0,0,0,1
0,-0.9316664,-0.4737927,-0.9272776,1,0.5714286,4.5,1,1,0,0,0,0,0,0,0
1,-2.753541,-1.718458,-1.153766,1,1,3.75,1,0,0,0,0,0,0,0,0
0,-0.3664385,-1.803986,-0.5621383,1,0.7142857,4.5,1,1,0,0,0,0,0,0,1
0,0.2279681,-1.427994,-0.2425593,0,0.5714286,4.75,1,0,0,0,0,0,0,0,1
0,-0.0106869,-0.3707998,-0.243216,1,0.7142857,4.75,1,1,0,0,0,0,0,0,0
0,-0.3664385,-1.615465,0.0288325,0,0.5714286,5,1,1,0,0,0,0,1,0,0
0,-0.1380156,-0.4216887,0.0301459,1,0.5714286,4.25,1,0,0,0,0,0,0,0,1
0,-0.9190885,-0.6102098,-0.8348436,0,0.5714286,3.75,1,0,0,1,0,0,0,0,1
0,0.8519343,-0.2254846,-0.243216,1,0.7142857,4.75,1,0,0,0,0,0,1,0,0
0,0.97955,-1.573309,-0.8817173,1,0.5714286,4.25,1,0,0,0,0,0,0,0,1
0,0.8235941,-1.26672,-0.5621383,1,0.7142857,4.75,1,0,0,0,0,0,0,0,1
0,0.2019738,-0.5072168,-0.5621383,0,0.4285714,4.75,1,0,0,0,0,0,1,0,0
0,-0.1797722,-0.4129563,-0.243216,1,0.8571429,4.75,1,1,0,0,0,0,0,0,1
0,-0.3822008,-1.39457,-1.199983,0,0.8571429,5,1,1,0,0,0,0,1,0,0
1,-0.312104,-0.788949,1.260275,1,0.7142857,4.5,1,0,0,0,0,1,0,0,1
0,-0.9801726,-0.0556436,0.076363,1,0.5714286,4.5,1,0,0,0,0,0,1,0,0
0,0.6676137,0.2260886,0.9406958,1,0.7142857,5,1,0,0,0,0,0,1,0,0
0,-1.491066,-0.5072168,0.3490682,0,0.7142857,4.5,1,0,0,0,0,0,0,0,1
0,-0.3664385,0.098404,0.9406958,1,0.8571429,5,1,1,1,0,0,0,0,0,1
0,0.8802744,0.5078208,0.3035079,1,1,5,1,1,0,0,0,0,0,0,0
0,-0.3246819,-0.0978001,0.3484115,1,0.8571429,4.5,1,1,0,0,0,0,1,0,0
0,-0.3664385,-1.112838,0.6217735,0,0.8571429,4.25,1,1,0,1,0,0,0,0,1
0,0.1862115,-0.5072168,0.6686472,0,0.8571429,4.25,1,1,0,0,0,0,0,0,1
0,-0.3089196,-0.788949,0.9875695,1,0.4285714,5,1,1,0,0,0,0,0,0,1
0,0.8542801,-0.6946884,1.260275,1,0.4285714,4.25,1,0,0,0,0,0,1,0,0
0,0.8960367,-1.112838,0.3490682,1,0.5714286,4.75,1,0,0,0,0,0,0,0,1
1,0.7377105,-0.3707998,0.3490682,1,0.8571429,3.75,1,1,0,1,0,0,1,0,0
0,0.8960367,-0.0556436,0.6211168,1,0.4285714,5,1,1,0,0,0,1,0,0,1
0,0.8542801,0.1318281,1.260275,0,0.4285714,5,1,0,0,0,0,0,0,0,0
0,0.3445376,1.001551,0.6686472,0,0.7142857,4.5,1,0,0,0,0,0,0,0,1
0,0.8542801,-1.718458,0.3497249,1,0.4285714,4.75,1,1,0,0,0,0,1,0,0
0,0.8960367,0.2260886,1.260275,1,0.8571429,4.75,1,1,0,0,0,0,1,0,0
0,0.3445376,-0.4129563,0.3497249,1,0.4285714,4.75,1,0,0,0,0,0,1,0,0
0,0.8385177,0.2260886,1.260275,1,0.5714286,4.25,1,0,0,0,0,0,0,0,0
0,0.7330332,1.249859,0.395942,0,0.5714286,5,1,0,0,0,0,0,1,0,0
1,0.1736336,-0.5159492,0.3490682,1,0.5714286,4.25,1,0,0,1,0,0,0,0,0
0,-0.3404441,-2.170032,0.3490682,0,0.5714286,4.75,1,0,0,0,0,0,0,0,1
0,-0.3144498,-1.760615,0.0757063,0,0.7142857,5,1,1,0,0,0,0,0,0,1
0,-0.3246819,-1.385837,-0.1963423,1,0.5714286,5,1,0,0,0,0,0,0,1,0
0,-0.3246819,-0.0978001,-0.2425593,1,0.2857143,4.75,1,1,0,0,0,0,0,0,0
1,-0.3947787,-0.4129563,0.076363,1,0.5714286,3.75,1,1,0,0,0,0,0,1,0
0,-1.416253,0.2260886,0.076363,0,0.7142857,4,1,0,0,0,0,1,0,0,0
0,0.1862115,-2.033615,0.076363,1,0.8571429,4.25,1,1,0,0,0,0,1,0,0
0,-1.390259,-0.7034209,-0.5621383,1,0.5714286,3.5,1,1,0,0,0,0,0,0,1
0,-0.8478408,-0.6859559,-0.2894331,0,0.7142857,4.25,1,1,0,0,0,0,0,0,1
0,-0.9891853,-0.9764206,-0.8817173,1,0.7142857,5,1,0,0,0,0,0,1,0,0
0,0.2732899,-0.3795322,0.0301459,1,0.8571429,5,1,0,0,0,0,0,0,0,0
0,-0.8218464,0.2260886,-2.384551,1,0.8571429,4.75,1,0,0,0,0,0,0,0,0
1,-0.2829252,-2.451764,-1.472688,1,0.1428571,5,1,0,0,0,0,0,0,0,0
0,0.8417022,0.3625056,-0.9279343,1,0.2857143,5,0,1,0,1,0,0,0,0,1
0,-0.5247647,0.2260886,-0.5621383,1,1,4.75,1,0,0,0,0,0,0,1,0
0,-1.529638,-2.315181,-1.199983,1,0.8571429,4.75,1,0,0,1,0,0,0,1,0
0,0.4146344,-1.573143,-1.566436,1,0.4285714,5,1,0,0,0,0,0,0,0,0
0,-0.3664385,-0.013487,0.0757063,0,0.7142857,4.5,1,0,0,1,0,0,0,1,0
0,0.8542801,1.565015,1.260275,0,0.5714286,5,1,0,1,0,0,0,0,0,1
0,0.8542801,-0.3707998,0.9875695,1,0.8571429,5,1,1,0,0,0,0,1,0,0
0,-0.3664385,-1.812719,0.6686472,1,0.7142857,4.75,1,0,0,0,0,0,0,0,0
0,0.8417022,-0.3707998,0.9413525,1,0.7142857,5,1,0,0,0,0,0,1,0,0
0,-0.0702646,-1.257987,0.3028512,1,0.8571429,3.5,1,1,0,1,0,0,0,0,1
0,0.2122058,-0.5159492,0.3952852,0,0.8571429,4.75,1,1,0,0,0,0,1,0,0
0,-0.3664385,0.2260886,0.6679905,1,0.7142857,4.25,1,0,0,0,0,0,0,0,0
0,0.2019738,0.9681265,0.9875695,1,1,5,1,0,0,0,0,0,1,0,0
0,-0.3506762,0.2260886,0.6224302,1,0.5714286,4.5,1,1,0,0,1,0,0,0,1
0,0.7061859,-0.0035396,1.260275,1,0.8571429,4.75,1,1,0,0,0,0,1,0,0
0,0.683376,-1.888465,0.3490682,1,0.2857143,4.75,1,1,0,0,0,0,0,0,0
0,-0.3664385,-1.112838,0.3490682,1,0.8571429,4,1,0,0,0,0,0,0,0,1
0,0.8542801,-0.064376,0.3490682,0,0.7142857,4.5,1,1,0,1,0,0,0,0,1
0,0.4146344,-0.0978001,1.260275,1,0.4285714,4.5,1,1,0,1,0,0,0,0,1
0,0.8542801,0.2260886,0.6217735,1,0.5714286,5,1,0,0,0,0,0,0,0,0
0,0.1862115,-1.436726,0.9875695,1,1,4.5,1,0,0,0,0,0,1,0,0
0,-1.374496,-0.0890676,0.3490682,1,0.7142857,4,1,0,0,0,0,1,0,0,0
0,-0.3664385,0.3290816,0.3497249,1,0.8571429,4.75,1,0,0,0,0,0,1,0,0
0,0.6676137,-0.4737927,1.260275,1,1,4.5,1,0,0,0,0,0,1,0,0
0,0.8676965,1.565015,0.3490682,0,1,4.5,1,0,0,0,0,0,1,0,0
0,0.7251327,-0.0890676,1.260275,0,0.7142857,5,1,0,0,0,0,0,1,0,0
0,0.8960367,-0.3521198,1.260275,1,0.8571429,4.25,1,1,0,0,0,0,0,0,1
0,-0.9033262,0.2869251,0.7148643,0,0.4285714,4.25,1,1,0,0,1,0,0,0,0
0,0.8542801,-0.0890676,0.6679905,1,0.7142857,5,1,1,0,1,0,0,0,0,1
0,0.8542801,-0.0890676,0.3490682,1,0.7142857,5,1,0,0,0,0,1,1,0,0
0,0.456391,-1.846143,0.6211168,1,1,4.5,1,1,0,0,0,1,0,0,1
0,-0.249869,1.283283,0.3484115,1,1,5,1,1,0,0,0,0,0,0,1
0,-0.3664385,0.6442378,0.3490682,1,1,4.75,1,1,0,0,0,0,0,0,1
0,0.2980649,-0.4129563,1.260275,1,0.8571429,4.75,1,0,0,0,0,0,0,0,1
0,0.3728777,0.2173561,1.260275,0,0.7142857,5,1,0,0,1,0,0,0,0,0
0,-0.2285907,0.3290816,1.260275,1,0.2857143,4.5,1,1,0,0,0,0,0,0,1
0,-0.3664385,0.2260886,-1.20064,1,0.8571429,4,1,0,1,0,0,0,0,0,0
0,-0.1537779,-0.5072168,-1.792267,1,0.8571429,5,1,0,1,0,0,0,0,0,1
0,0.8542801,1.565015,-1.839141,0,0.8571429,4,1,0,1,0,0,0,0,1,0
0,0.7999455,1.249859,-0.5152646,1,0.7142857,4.5,1,0,0,0,0,0,0,0,1
1,-0.0433624,-0.4129563,-0.5621383,0,0.5714286,3.25,1,1,0,0,0,1,1,0,0
0,0.8542801,0.2869251,-0.6545724,1,0.7142857,4.25,1,1,1,0,0,0,1,0,0
0,-0.3979631,-0.8821601,-1.425814,1,0.8571429,4.5,1,0,1,0,0,0,0,0,0
0,0.8960367,0.5499773,-2.384551,1,0.8571429,4,0,1,1,0,0,0,1,0,0
0,0.30163,0.1926646,-0.5621383,1,0.7142857,4.5,1,1,1,0,0,0,1,0,0
0,-0.2986875,-1.240522,-0.5159213,1,0.5714286,3.75,1,0,1,0,0,0,0,1,0
0,0.2449498,-1.949136,-1.566436,1,0.4285714,4,1,0,0,0,0,0,0,0,1
0,0.283522,0.5499773,-0.9272776,0,0.2857143,5,1,0,1,0,0,0,0,0,1
1,-1.346469,-1.564411,-1.29373,1,0.8571429,4.5,1,1,0,1,0,0,0,0,0
1,-0.6944493,-0.4737927,-2.384551,1,0.7142857,3.5,1,0,1,0,0,0,0,0,0
0,0.8542801,-0.4129563,-0.2894331,1,0.2857143,5,0,1,0,0,0,0,0,0,1
0,0.8960367,0.2260886,0.0770197,1,0.5714286,5,1,0,1,0,0,0,0,0,1
0,0.8960367,1.565015,-0.2894331,1,0.8571429,5,1,1,1,0,0,0,1,0,0
0,-0.3664385,0.2595126,1.260275,1,1,5,1,0,1,0,0,0,0,0,1
0,0.8417022,0.2260886,0.0294892,1,0.7142857,4.75,1,0,0,0,0,0,0,1,0
0,0.7219483,0.2260886,0.0757063,1,0.4285714,3,1,1,1,0,0,0,0,0,0
0,0.8227555,0.9681265,1.260275,1,0.8571429,5,1,0,1,0,0,0,1,0,0
0,0.8542801,1.565015,0.6211168,1,0.4285714,5,0,1,0,0,1,0,0,0,1
0,0.4146344,0.2260886,-0.0154144,1,0.5714286,4.75,1,0,1,0,0,0,0,0,0
0,0.3728777,0.6442378,0.442159,1,0.5714286,4.5,0,1,0,0,0,0,0,0,1
0,0.8960367,0.1230956,0.3490682,1,0.4285714,5,1,0,0,0,0,1,0,0,1
0,0.4091042,0.2348211,-0.2894331,1,0.7142857,5,0,0,1,0,0,0,1,0,0
1,0.7999455,-0.5072168,-0.2894331,1,0.7142857,4.25,1,0,1,0,0,0,0,0,1
0,0.8960367,1.565015,0.3490682,1,0.4285714,5,1,0,1,0,0,0,0,1,0
0,-0.3664385,0.2260886,0.6686472,1,0.4285714,4.5,1,1,1,0,0,0,0,0,1
0,-0.4727759,-1.846143,0.076363,1,0.5714286,4.5,1,0,0,0,0,0,0,0,1
0,0.3602999,-0.1920606,-0.243216,1,0.8571429,4.5,1,1,1,0,0,0,0,0,1
0,-0.5247647,0.2260886,-0.2894331,1,0.1428571,4.5,1,0,1,0,0,0,1,0,0
0,0.8542801,1.565015,0.395942,0,0.5714286,3,1,1,1,0,0,0,0,0,1
0,-0.1380156,-3.79069,-0.2894331,1,0.7142857,5,1,0,0,1,0,0,0,0,1
0,-0.3246819,-0.5072168,0.6217735,0,0.8571429,5,1,1,1,0,0,0,1,0,0
0,-0.1120212,0.959394,0.9875695,1,0.4285714,4.25,0,1,1,0,0,0,0,0,1
0,0.8417022,0.4048278,-0.243216,1,0.7142857,3.75,1,0,1,0,0,0,0,0,1
0,0.8960367,-0.6102098,0.9413525,1,0,4.75,1,0,1,0,0,0,1,0,0
1,0.2732899,0.5499773,0.0301459,1,0.5714286,4.75,1,0,1,0,0,0,1,0,0
0,0.1149638,1.241126,-0.3349934,1,0.8571429,4,0,1,1,0,0,0,0,0,1
0,0.8417022,0.2260886,-1.247513,1,0.7142857,5,1,0,1,0,0,0,1,0,0
0,-0.7596114,-2.733496,-0.2425593,1,0.5714286,4.5,1,0,1,0,0,0,0,0,0
1,0.3831098,0.6529703,-0.882374,1,0.2857143,4.5,1,0,0,0,0,0,0,1,0
1,-0.1505934,1.565015,-2.384551,1,0.7142857,4.25,1,0,1,0,0,0,0,0,0
0,-1.354656,-0.9243166,-0.5621383,0,0.4285714,4.5,1,0,1,0,0,0,0,1,0
0,-4.032617,-1.718293,-1.566436,1,0.2857143,5,1,0,1,0,0,0,0,0,0
0,-1.471738,0.2260886,-1.792267,1,0.4285714,3.75,1,1,1,0,0,0,0,0,0
1,-0.3246819,0.2260886,-1.473345,1,0.8571429,4.25,1,0,1,0,0,0,0,0,1
0,-0.3664385,0.2260886,-0.1501253,1,0.7142857,3.5,1,0,1,0,0,0,0,1,0
0,0.3433867,-1.112838,-0.5621383,1,0.8571429,4.5,1,0,1,0,0,0,0,0,0
0,-0.6646712,0.3625056,-0.5621383,1,0.8571429,5,1,0,1,0,0,0,1,0,0
0,0.8259399,-1.803986,0.0288325,1,0.2857143,4.25,1,0,1,0,0,0,1,0,0
1,0.8542801,-0.2765392,0.0301459,1,0.7142857,4.75,1,0,1,0,0,0,1,0,0
1,0.2563083,-0.3795322,-0.0167278,1,0.2857143,5,1,1,1,0,0,0,0,1,0
0,0.6550359,-0.8311055,-0.243216,0,0.5714286,5,1,0,1,0,0,0,0,1,0
0,-0.5271105,-0.4129563,-0.5159213,1,0.5714286,4,1,0,1,0,0,0,0,0,1
0,0.7912309,0.3625056,-0.2881196,0,0.4285714,5,1,1,1,0,0,0,1,0,0
0,0.4981477,1.001551,-0.5614816,1,0.4285714,4.5,1,0,1,0,0,0,0,0,1
0,0.8417022,-0.0978001,-0.5621383,0,0.7142857,4.5,1,1,0,0,0,1,0,0,0
0,-0.3664385,-2.136608,-0.243216,1,0.5714286,4.75,1,0,0,0,0,1,0,1,0
0,0.1704492,-1.018577,0.0294892,1,0.8571429,4.5,1,1,1,0,0,0,1,0,0
0,-0.1652048,-1.112838,-0.2425593,1,0.2857143,4,1,0,0,0,1,0,0,0,1
0,-0.3664385,0.2260886,0.9875695,1,0.8571429,4.75,1,0,1,0,0,0,0,0,0
0,-0.3664385,-0.3373757,0.9406958,1,0.1428571,5,1,1,1,0,0,0,0,1,0
1,-0.3664385,-0.9676881,0.3490682,1,0.5714286,5,1,0,0,0,0,1,0,0,1
0,-0.1663557,-0.788949,1.260275,1,0.7142857,4.75,1,1,1,0,0,0,1,0,0
0,0.8960367,-0.3707998,0.6211168,1,0.8571429,4.5,1,1,1,0,0,0,0,0,1
0,0.8259399,-1.615465,0.6686472,0,0.8571429,4,1,1,1,0,0,0,1,0,0
0,0.8960367,-0.4129563,0.3484115,1,0.8571429,5,1,1,1,0,0,0,1,0,0
0,0.3728777,0.5499773,0.3490682,0,0.4285714,4.5,1,0,1,0,0,0,0,1,0
0,0.8542801,0.8651335,0.6679905,1,0.7142857,4.5,1,0,0,0,0,0,1,0,0
0,-0.1978803,0.6195462,0.3490682,0,0.7142857,5,1,0,1,0,0,0,0,1,0
0,0.8542801,0.1652521,0.6679905,0,0.4285714,5,1,1,1,0,0,0,0,0,1
0,-0.3979631,-0.2950536,0.6686472,1,0.8571429,4.75,1,0,1,0,0,0,0,1,0
0,0.8542801,-0.8311055,1.260275,0,0.7142857,4.75,1,1,1,0,0,0,0,0,1
1,0.8417022,0.9681265,0.3490682,1,0.8571429,5,1,0,0,0,0,0,0,0,1
0,0.8417022,0.2260886,0.9413525,0,0.7142857,4.5,1,1,0,1,0,0,0,0,1
0,-1.213825,0.6108137,0.9875695,1,0.8571429,4,0,0,1,0,0,0,0,0,1
1,0.8802744,0.3290816,1.260275,1,0.7142857,4.75,1,0,1,0,0,0,0,0,1
0,0.8542801,1.565015,0.3490682,0,0.2857143,3,1,0,0,0,0,0,0,0,0
0,0.8802744,0.5499773,0.9413525,1,0.8571429,5,1,0,1,0,0,0,0,1,0
0,0.3728777,0.5078208,0.6686472,1,0.4285714,5,0,0,1,0,0,0,0,0,0
1,-0.8793654,-1.12157,0.3490682,1,0.7142857,4.25,1,1,0,0,0,0,0,0,0
0,0.8542801,1.283283,1.260275,1,0.5714286,5,1,1,0,0,0,0,0,0,1
1,0.3433867,-2.49392,0.3028512,0,0.5714286,5,1,0,1,0,0,0,0,0,1
0,0.8960367,0.5412448,1.260275,0,0.4285714,4.5,1,1,1,0,0,0,0,0,1
0,0.8960367,-1.691046,1.260275,1,0.7142857,5,0,0,1,0,0,0,0,0,1
0,-0.3664385,-1.112838,-0.2894331,1,0.7142857,3.5,1,0,0,0,0,0,0,0,1
1,-0.1380156,-0.3707998,0.0301459,1,0.8571429,4.75,1,0,0,0,0,0,0,0,1
0,0.2890522,-0.0890676,-0.2894331,1,1,4.75,1,0,1,0,0,0,0,0,1
0,0.8960367,0.2348211,-0.0167278,1,0.5714286,5,1,1,0,0,0,0,0,1,0
0,0.1149638,-0.3373757,-2.064972,1,0.7142857,4.5,1,1,1,0,0,0,0,1,0
0,-0.1663557,-1.112838,-0.6090121,1,0.7142857,4.5,1,0,1,0,0,0,0,0,1
0,-0.3664385,-0.8311055,-0.243216,1,0.5714286,4.25,1,1,0,1,0,0,0,1,0
0,0.4146344,0.2260886,-0.2900898,1,0.1428571,4,1,0,1,0,0,0,0,0,1
0,-0.3404441,0.2260886,-1.839141,0,0.1428571,3,1,0,0,0,0,0,0,0,1
0,0.0901203,-0.0556436,-0.2425593,1,0.7142857,4,1,1,0,0,0,0,0,0,1
0,0.8542801,0.92597,-1.246857,1,0.7142857,5,1,1,1,0,0,0,0,0,1
0,0.4146344,0.8651335,0.0308026,1,0.5714286,4.5,1,0,1,0,0,0,0,1,0
0,-0.3506762,-1.112838,0.0301459,1,0.7142857,4,1,1,0,0,0,0,0,1,0
0,0.8960367,0.2682451,-1.199983,1,0.4285714,4.75,1,1,0,0,0,0,0,0,0
0,0.8542801,-0.1399566,-1.520219,1,0.7142857,5,1,1,0,0,0,0,0,0,1
0,-1.067183,0.6195462,-0.2425593,1,0.2857143,3,1,0,0,0,1,0,0,0,1
0,-0.3664385,0.2260886,-0.2894331,1,1,4.5,1,1,0,0,0,0,0,1,0
0,-0.3664385,-0.0978001,0.6217735,0,0.8571429,4.5,1,0,0,0,0,0,1,0,0
1,0.3728777,0.8229769,0.6679905,1,0.7142857,5,1,1,1,0,0,0,0,0,0
0,0.8960367,-0.4129563,0.3490682,1,1,4.5,1,0,1,0,0,0,0,0,1
0,0.8960367,1.249859,0.3497249,1,0.8571429,4.75,1,0,1,0,0,0,0,0,1
0,-0.3664385,-0.788949,0.3035079,0,0.8571429,4,1,1,0,0,1,0,0,0,1
0,0.8542801,-0.4216887,1.260275,1,1,5,1,1,1,0,0,0,1,0,0
0,-0.3664385,-0.4042238,0.9406958,1,0.5714286,4.75,1,1,0,0,0,0,0,0,1
0,0.6676137,0.2260886,0.3490682,1,0.1428571,4,1,0,1,0,0,0,1,0,0
0,0.8542801,1.565015,0.9875695,1,0.4285714,4.75,1,0,0,0,1,0,0,1,0
0,0.8802744,0.8651335,0.3952852,1,0.5714286,3.75,0,0,1,0,0,0,0,0,1
1,0.3445376,0.5412448,0.3497249,1,0.7142857,4.5,1,0,0,0,0,0,0,0,1
0,0.8542801,0.1230956,1.260275,0,0.7142857,2.75,1,1,1,0,0,0,0,0,1
1,0.3862942,0.2260886,0.9406958,1,0.5714286,4.75,1,0,0,0,0,1,0,0,1
0,0.8960367,0.2260886,0.3497249,1,0.5714286,4.5,1,1,0,0,0,0,1,0,0
0,0.0889694,1.565015,0.6686472,1,0.8571429,5,1,0,0,0,0,0,0,0,1
0,-0.3664385,0.2260886,0.3015378,0,0.8571429,4.5,1,1,1,0,0,0,0,0,0
0,-0.3664385,-0.3795322,0.6211168,1,0.7142857,4.75,1,0,0,0,0,0,0,1,0
0,0.8259399,0.2260886,1.260275,1,0.7142857,4,1,0,1,0,0,0,1,0,0
0,0.8960367,1.565015,0.9875695,1,0.7142857,4.75,1,1,0,0,0,0,1,0,0
0,0.8542801,0.3203491,0.6224302,0,0.7142857,4.5,1,0,0,0,1,0,0,0,1
0,-0.3664385,0.2260886,1.260275,1,0.5714286,4.75,1,0,0,0,0,0,0,0,1
0,0.7999455,1.241126,1.260275,1,0.7142857,4.5,1,1,1,0,0,0,0,0,1
0,0.8417022,0.2260886,0.3490682,0,0.1428571,4.5,1,0,1,0,0,0,1,0,0
0,0.8101776,-0.6946884,-0.8810606,1,0.7142857,5,1,0,0,0,0,1,1,0,0
0,0.1444548,-0.1833281,-1.839141,1,0.7142857,4.25,1,0,1,0,0,0,0,0,0
1,-0.8761809,-0.4216887,-2.384551,1,0.8571429,4.25,1,0,0,0,0,0,1,0,0
0,-0.3664385,0.2260886,-0.5621383,1,0.7142857,4.25,1,0,0,1,0,0,0,0,1
0,-0.239637,-0.013487,-2.064972,1,0.5714286,5,1,1,0,0,0,0,0,0,1
0,0.2019738,-0.0890676,-0.5621383,1,0.5714286,4.25,1,0,0,1,0,0,0,0,0
1,-0.2081124,-0.4737927,-1.839141,1,0.4285714,4.5,1,0,0,0,0,0,1,0,0
0,-0.3246819,-0.0890676,-0.5621383,0,0.7142857,4.25,1,0,0,1,0,0,0,0,1
0,0.8542801,-1.112838,-0.5621383,1,0.2857143,3.5,1,0,0,0,0,1,1,0,0
1,-0.5247647,-2.451764,-0.5621383,0,0.7142857,3.5,0,0,1,0,0,0,0,1,0
0,0.3193819,-2.663761,-1.74605,1,0.7142857,5,1,1,0,0,0,0,0,0,1
0,-1.105755,1.241126,-0.5152646,0,0.2857143,3,1,0,0,0,0,0,0,0,1
0,-3.06579,-0.0890676,-0.5621383,1,0.8571429,2,1,0,0,0,0,1,1,0,0
0,0.3602999,-0.788949,-1.20064,1,0.5714286,4.5,1,0,0,0,1,0,1,0,0
0,-0.3664385,0.2260886,-2.064972,0,0.7142857,5,1,0,0,1,0,0,0,0,1
0,-0.3664385,-0.6946884,-0.6083553,1,0.4285714,3.75,1,1,0,0,0,0,0,0,1
0,0.8259399,0.2260886,0.9406958,1,0.7142857,5,1,1,0,0,0,0,1,0,0
0,-0.3144498,0.2260886,-0.1963423,1,0.8571429,4.25,1,0,0,1,0,0,0,1,0
0,-0.2081124,0.2348211,0.9875695,1,0.5714286,3,1,1,0,0,0,1,0,1,0
0,0.8645121,0.2260886,0.076363,1,0.7142857,5,1,0,1,0,0,0,1,0,0
1,-1.587157,0.2260886,0.3490682,1,0.8571429,3.75,1,0,0,0,0,0,0,1,0
0,0.1862115,0.5078208,0.3490682,1,0.4285714,4.5,1,0,0,0,1,0,1,0,0
0,-0.3010191,0.2260886,0.0301459,0,0.8571429,5,1,1,0,0,0,0,1,0,0
1,-0.1990312,-0.5493733,0.3490682,1,0.8571429,5,1,0,0,1,0,0,0,0,1
0,-0.2081124,0.2260886,0.9413525,0,0.5714286,4,1,0,0,1,0,0,1,0,0
0,-0.2986875,-0.0890676,-0.0160711,1,0.5714286,4.75,1,1,0,1,0,0,0,0,1
0,-0.3404441,0.2260886,0.0770197,1,0.7142857,4.5,1,0,0,0,0,0,0,1,0
0,0.9377933,-0.3707998,1.260275,0,0.7142857,5,1,1,0,1,0,0,0,0,1
0,-1.400491,-0.3373757,-0.3363068,1,0.8571429,4.25,1,0,0,0,0,0,0,0,0
0,-0.3790164,-0.0890676,-0.2894331,0,0.5714286,5,1,1,0,1,0,0,0,1,0
1,-0.1695402,0.2260886,-0.0167278,1,1,4.75,1,0,0,0,0,0,0,0,1
1,-1.901152,-1.846143,0.3490682,1,0.7142857,4.75,1,0,0,1,0,0,0,0,1
0,0.7999455,-1.112838,-0.2425593,0,0.7142857,5,1,0,0,0,0,0,0,0,1
0,-0.2081124,-2.485188,-0.9272776,1,0.7142857,5,1,1,0,0,1,0,0,0,1
0,-0.3664385,-0.0978001,-0.5608249,0,0.8571429,4.75,0,0,0,0,1,0,0,0,1
0,-0.6737524,0.5499773,-0.2894331,1,0.4285714,5,1,0,0,0,1,0,0,0,1
1,0.3602999,0.2682451,-0.2425593,1,0.5714286,5,0,1,0,1,0,0,0,0,0
1,0.8960367,0.0807735,0.0301459,1,0.7142857,4.25,1,1,0,0,0,1,0,0,1
1,-1.13965,-2.451764,-0.0173845,1,1,4.25,0,0,0,0,1,0,1,0,0
0,0.1862115,-0.873262,-0.2425593,0,0.7142857,5,1,1,0,0,0,0,1,0,0
0,-1.05142,0.2260886,-1.426471,0,0.7142857,4,0,0,0,1,0,0,1,0,0
0,-0.1085245,0.2260886,-0.2425593,0,0.2857143,4,0,0,0,0,1,0,0,0,1
0,0.6360891,-0.0978001,-0.8810606,0,0.5714286,4.5,1,0,0,1,0,0,0,0,0
0,-0.3979631,-0.0978001,-0.7879698,1,0.5714286,5,1,0,0,0,0,0,0,0,1
0,-1.532823,0.2260886,-0.2425593,1,0.2857143,3.25,1,0,0,1,0,0,0,0,0
0,-0.3664385,0.2260886,-0.8804039,0,0.2857143,5,1,0,0,1,0,0,0,0,1
0,0.3185433,0.2260886,-0.2894331,1,0.7142857,5,1,0,1,0,0,0,0,0,0
0,-0.6635203,-0.6946884,-0.5621383,1,0.5714286,4.75,1,0,0,0,0,1,1,0,0
0,0.8960367,-0.0469111,-0.9272776,1,0.2857143,5,1,1,0,1,0,0,0,0,1
0,-0.2081124,-0.5072168,-0.243216,0,0.7142857,3.5,1,0,0,0,1,0,0,0,0
0,0.7251327,0.2260886,-0.5159213,1,0.2857143,5,1,1,0,1,0,0,1,0,0
0,-0.1435458,-0.7976814,0.0301459,1,0.5714286,3.25,1,0,0,1,0,0,0,0,1
0,-0.1797722,0.6442378,1.260275,1,0.4285714,5,1,0,0,1,0,0,0,0,1
0,-0.3664385,0.2260886,1.260275,0,1,4.5,1,0,0,1,0,0,1,0,0
0,0.8960367,1.283283,1.260275,0,0.7142857,5,1,1,0,1,0,0,1,0,0
0,0.2279681,-0.6278403,1.260275,1,0.8571429,5,1,1,0,1,0,0,1,0,0
0,0.2472956,1.565015,0.6211168,1,0.4285714,5,1,1,0,1,0,0,0,1,0
0,0.3185433,-1.052001,0.3952852,0,0.8571429,4.5,1,0,0,1,0,0,0,0,0
0,0.8542801,1.565015,1.260275,1,0.5714286,5,1,0,0,0,0,0,0,0,0
0,0.7999455,0.8229769,0.6217735,0,0.5714286,4.5,1,0,1,0,0,0,1,0,0
0,0.8259399,-0.0890676,0.9875695,0,0.8571429,5,1,0,0,0,0,0,1,0,0
0,0.8542801,0.2260886,1.260275,1,1,5,1,1,1,0,0,0,0,0,1
0,0.8542801,1.565015,0.6679905,1,0.7142857,5,1,1,1,0,0,0,0,0,1
0,0.6676137,0.2260886,0.9875695,0,1,4.75,1,0,0,0,0,0,1,0,0
0,0.3728777,1.283283,0.6211168,0,0.4285714,4.75,1,0,0,0,1,0,0,0,1
0,-0.2081124,0.5078208,0.0301459,1,0.8571429,4.25,1,1,0,0,1,0,0,0,1
0,0.8542801,0.6529703,-0.0154144,0,0.5714286,5,1,0,0,0,0,0,1,0,0
0,0.8542801,1.249859,-0.9279343,0,0.7142857,5,1,0,1,0,0,0,0,0,1
0,-0.756427,0.2260886,-1.153766,0,0.4285714,4.75,1,1,0,0,0,0,1,0,0
0,0.8960367,0.5078208,0.0294892,1,0.7142857,4.75,1,0,0,0,0,0,0,0,0
1,0.1149638,0.2260886,-0.0180412,1,0.5714286,5,1,1,0,1,0,0,0,0,0
0,0.8542801,1.565015,0.0301459,0,0.8571429,5,0,0,0,0,0,0,0,0,1
0,-0.3246819,-0.013487,-0.2425593,1,0.5714286,5,1,0,0,0,0,1,1,0,0
0,0.8385177,-0.3795322,-0.5621383,1,0.8571429,4.5,1,0,0,0,0,0,0,0,1
0,0.6416194,0.3625056,0.0294892,1,0.2857143,5,1,1,0,0,0,0,0,0,0
0,0.4248665,-2.5126,-0.8817173,0,0.2857143,5,1,0,0,0,0,0,0,0,1
0,-0.420773,0.2260886,-0.5621383,1,0.4285714,4.25,1,0,0,0,0,1,0,0,1
0,-0.3664385,-1.112838,-0.8817173,0,0.2857143,4.5,1,0,0,0,0,0,0,1,0
1,-0.1085245,-0.013487,-2.384551,1,0.8571429,4.25,1,1,0,0,1,0,0,1,0
0,0.8542801,-1.079414,-0.5621383,1,0.1428571,4.5,0,1,0,0,0,0,0,1,0
1,0.2019738,-0.3707998,-0.6083553,0,0.5714286,4.75,1,1,0,0,1,0,1,0,0
0,-0.8761809,0.2260886,-1.519562,1,0.2857143,4.5,1,0,0,0,0,0,1,0,0
1,0.8487498,0.9681265,-0.2894331,1,0.8571429,4.75,1,0,0,0,1,0,1,0,0
0,-1.228748,-2.451764,-1.20064,1,0.5714286,5,1,0,0,0,0,0,0,0,1
0,-2.484799,-1.888299,-2.384551,1,0.7142857,3.25,1,1,0,0,0,0,0,0,0
0,0.922031,0.2173561,-2.384551,1,1,4.5,1,1,0,0,0,0,1,0,0
0,-2.209904,0.0473494,-0.5621383,1,0.7142857,4.5,1,0,0,1,0,0,0,1,0
0,0.8542801,0.5499773,-0.5159213,0,0.5714286,5,1,1,0,0,0,0,0,0,1
0,0.683376,0.2260886,0.0301459,0,0.5714286,5,1,1,0,0,0,0,0,0,1
1,0.1149638,-0.4216887,0.0294892,1,0.2857143,5,0,0,0,1,0,0,0,0,0
0,-0.7800898,-0.0978001,-0.6083553,1,0.7142857,4.25,1,1,0,0,1,0,1,0,0
0,-0.3404441,0.2260886,0.0301459,1,0.7142857,3.5,1,0,0,1,0,0,0,0,1
0,0.3988721,-0.0556436,-0.2894331,0,1,4.75,1,0,0,0,0,0,1,0,0
0,-0.5066321,-0.0890676,-0.2894331,0,0.8571429,4.25,1,0,0,0,0,0,0,1,0
0,0.8417022,-0.0890676,1.260275,0,0.7142857,4.75,1,1,0,0,1,0,0,0,0
0,-0.3404441,-0.8311055,0.3490682,1,0.5714286,4.75,1,1,0,0,1,0,0,1,0
0,0.7377105,1.249859,0.3490682,1,0.5714286,4.25,1,1,0,0,0,0,1,0,0
0,0.8417022,-0.5072168,1.260275,1,0.5714286,4.75,1,0,0,0,0,0,0,0,1
0,0.8960367,0.5499773,0.9875695,0,0.4285714,4.75,1,0,0,0,0,0,0,0,0
0,0.4146344,0.92597,0.6211168,0,1,4.75,1,0,0,1,0,0,0,0,0
0,0.8542801,1.565015,1.260275,1,0.7142857,5,1,1,0,0,1,0,0,0,1
0,0.8417022,-0.4129563,1.260275,0,0.7142857,5,1,1,1,0,0,0,0,0,1
0,0.8542801,-0.7281125,1.260275,1,0.4285714,5,1,1,0,1,0,0,0,1,0
1,0.8542801,0.959394,1.260275,1,0.8571429,5,1,1,0,0,0,1,0,1,0
0,0.3602999,-0.0556436,0.3490682,1,0.4285714,4.75,1,0,0,0,0,0,0,0,1
1,-0.3664385,-0.788949,1.260275,1,0.4285714,4.75,1,1,0,1,0,0,0,0,1
1,-0.3246819,-0.3795322,1.260275,1,0.8571429,5,1,1,1,0,0,0,0,0,0
0,-0.3664385,-0.1920606,0.9406958,1,0.4285714,5,1,0,0,0,0,0,1,0,0
0,-0.8773319,-2.170032,0.3490682,1,1,3.25,1,0,0,0,0,1,0,0,1
0,0.8542801,-0.0456961,1.260275,1,0.4285714,4.75,1,1,0,0,0,0,0,0,1
0,-0.3404441,-0.6946884,1.260275,1,0.4285714,4.5,1,0,0,0,0,0,1,0,0
0,-1.329243,-1.043269,0.3490682,1,0.7142857,4.5,1,0,0,1,0,0,1,0,0
0,0.8542801,0.5078208,1.260275,0,0.5714286,3.5,1,1,0,0,0,1,0,0,1
0,0.8542801,0.2869251,0.9413525,1,0.7142857,5,1,0,0,1,0,0,0,0,1
0,0.8542801,-0.1833281,0.6679905,1,0.7142857,4.5,1,0,0,0,0,0,0,0,1
0,0.8542801,-0.3707998,0.6686472,0,0.7142857,4.75,1,0,0,0,0,0,0,0,0
0,0.1827148,-0.6612644,0.6211168,0,0.4285714,5,1,0,0,0,0,0,0,1,0
0,0.3276244,0.6442378,0.3021945,1,0.5714286,4.75,1,0,0,0,0,1,1,0,0
0,0.3728777,0.2260886,0.9413525,1,0.5714286,4.25,1,0,0,1,0,0,0,0,0
0,-1.416253,-1.478883,0.3490682,1,1,5,1,0,0,1,0,0,1,0,0
1,-0.3822008,0.2260886,0.9413525,0,1,5,1,0,0,0,0,0,0,0,0
0,0.8960367,-1.061783,1.260275,0,0.4285714,5,1,0,0,0,0,0,0,0,1
0,-1.587157,-0.8311055,0.3497249,0,0.8571429,4.25,1,0,0,0,0,0,0,1,0
0,-0.3664385,0.2260886,0.3490682,1,0.7142857,4.5,1,1,0,0,0,0,0,0,1
0,-0.3664385,0.2260886,0.3490682,1,0.7142857,4.75,1,1,0,0,0,0,0,0,1
0,-0.5790992,-0.0556436,0.076363,0,1,5,1,0,0,0,0,0,0,0,0
0,0.8542801,-0.3373757,-0.2894331,1,0.8571429,4,1,1,0,1,0,0,0,0,1
1,-0.8761809,-0.0978001,-1.154423,1,0.8571429,4.75,1,0,0,0,0,0,0,0,1
0,-0.3822008,-0.0890676,-0.2894331,1,0.5714286,4.5,1,1,0,0,0,0,0,0,1
0,-1.348502,-0.0978001,0.395942,0,1,4.5,1,0,0,0,0,0,0,0,0
1,0.7377105,1.249859,0.0301459,1,0.5714286,4.5,1,1,0,0,0,0,0,0,1
0,0.8542801,0.92597,0.3490682,0,0.7142857,5,1,1,0,0,0,0,1,0,0
0,-1.491066,-0.6946884,0.3497249,1,0.8571429,4,1,0,0,0,0,0,0,0,1
0,0.0165268,0.6442378,-1.154423,0,0.7142857,4.75,1,0,0,0,0,0,0,0,1
0,0.2019738,-2.136608,0.3952852,1,0.8571429,5,1,1,0,1,0,0,0,0,1
0,-0.2717853,-0.0890676,-0.243216,1,0.8571429,4,1,0,0,1,0,0,0,0,0
0,-0.7064279,-0.4737927,-0.2887764,0,0.5714286,5,1,1,0,1,0,0,1,0,0
1,0.8960367,0.9681265,-0.0167278,1,0.2857143,5,1,1,0,0,0,0,0,0,1
1,-0.3246819,-0.6946884,0.1232367,1,0.1428571,4.25,1,1,0,0,0,0,0,0,0
0,0.8227555,-0.4129563,0.3490682,1,0.7142857,5,1,0,0,1,0,0,0,0,1
0,-0.4231188,-2.033615,-1.20064,1,0.8571429,3.25,1,0,0,0,0,0,0,1,0
0,0.8542801,1.565015,0.3490682,1,1,5,1,0,0,0,0,0,1,0,0
0,-0.3664385,-0.788949,-0.8817173,1,0.5714286,4,1,1,0,0,0,0,0,0,0
0,0.3988721,-1.070681,0.3490682,1,0.5714286,4.75,1,0,0,0,0,0,0,0,0
0,-0.3947787,-0.7976814,-1.154423,0,0.4285714,5,1,0,0,0,0,0,0,0,1
0,0.8676965,-0.3707998,-0.8817173,1,0.5714286,5,1,1,0,0,0,0,0,0,1
0,-0.2081124,0.2260886,0.3490682,0,0.8571429,4.75,1,0,0,0,0,0,0,0,0
0,-0.9970858,0.2260886,0.3490682,1,0.5714286,3,1,0,0,0,0,0,0,1,0
0,-0.6961958,1.249859,0.9406958,0,0.1428571,5,1,1,0,1,0,0,0,0,0
0,0.8385177,-0.3707998,0.6686472,1,1,4.75,1,0,0,0,0,0,1,0,0
0,0.6959539,0.5499773,0.9406958,0,0.2857143,5,1,0,0,0,0,0,0,0,1
0,0.8542801,-0.7281125,1.260275,1,0.2857143,5,1,1,0,0,0,0,0,0,1
0,0.4146344,0.0896716,1.260275,1,0.5714286,4.5,1,1,0,0,0,0,0,0,0
1,0.3150466,-0.8311055,0.6217735,1,0.8571429,4.5,1,1,0,0,0,0,0,0,1
0,0.8802744,1.241126,1.260275,0,1,5,1,1,0,0,1,0,1,0,0
0,0.683376,-0.3433873,1.260275,0,0.7142857,4.25,1,0,0,0,0,0,0,0,0
0,-1.845071,-1.052001,0.9413525,1,0.7142857,2.25,1,0,0,0,0,0,0,1,0
0,-0.3822008,0.9681265,0.6686472,1,0.8571429,4.5,1,0,0,0,0,0,1,0,0
0,-0.483008,-0.6946884,1.260275,1,0.7142857,4.25,1,0,0,0,0,0,0,0,0
0,0.8542801,1.249859,0.6217735,1,0.7142857,4.5,1,0,0,0,0,0,0,0,1
0,0.8542801,1.565015,1.260275,1,0.8571429,4.25,1,1,0,0,0,0,0,0,0
0,-0.3404441,-1.854875,0.9875695,1,0.5714286,4.75,1,0,0,0,0,0,0,0,1
0,0.3728777,1.565015,0.9875695,0,0.7142857,4.25,1,0,0,0,0,0,0,0,0
0,-0.9970858,-1.112838,0.9406958,1,0.8571429,5,1,0,0,0,0,0,0,0,1
0,0.8542801,-0.0890676,0.9406958,1,0.7142857,5,1,0,0,0,0,0,0,0,1
0,-0.3562064,0.2260886,0.9413525,1,0.5714286,5,1,0,0,1,0,0,1,0,0
0,0.8960367,0.5499773,1.260275,1,0.7142857,5,1,1,0,0,0,0,0,0,1
0,0.8542801,0.9681265,0.6686472,1,0.8571429,5,1,1,0,0,0,0,0,0,1
0,0.8259399,0.2260886,1.260275,0,1,4.5,1,0,0,0,0,0,0,0,1
0,0.8542801,0.2260886,0.6217735,1,0.4285714,4.5,1,0,0,0,0,0,0,1,0
0,-0.3664385,0.2260886,1.260275,0,0.4285714,5,1,0,0,0,0,0,0,0,1
0,0.8417022,-0.0890676,0.0294892,1,1,5,1,1,0,0,0,1,0,0,1
0,0.1149638,-0.0978001,0.0294892,0,0.5714286,5,1,0,0,0,0,0,1,0,0
0,0.8960367,-0.6525319,0.0301459,0,0.8571429,4.75,1,1,0,0,0,0,1,0,0
0,0.3602999,-0.0556436,-0.5621383,0,0.5714286,5,1,0,0,0,0,0,0,0,1
0,-0.3924329,-0.0978001,0.0294892,1,0.7142857,4.5,1,1,0,0,0,0,0,0,1
0,-2.792113,-2.809077,-1.425814,1,0.8571429,3.25,1,0,0,0,0,0,0,0,1
1,-2.727547,-2.663761,-0.0154144,1,0.7142857,4.75,1,0,0,0,0,0,1,0,0
0,-0.2049279,0.0896716,-0.2894331,1,0.7142857,5,1,1,0,0,0,0,1,0,0
0,-0.1923501,-0.6525319,-0.6090121,0,0.5714286,5,1,0,0,0,0,0,0,0,1
1,-0.3664385,0.2260886,-0.2425593,1,0.8571429,4,1,0,0,0,0,0,0,0,1
0,0.3728777,0.2260886,-0.243216,1,0.4285714,5,1,0,0,0,0,0,0,0,1
0,-2.296982,0.2260886,-0.5159213,1,0.2857143,4,1,1,0,0,0,0,1,0,0
0,-2.155569,-0.0978001,-1.745393,1,0.7142857,4.5,1,0,0,0,0,1,0,0,1
0,-0.2049279,0.3625056,-0.5621383,1,0.4285714,4.75,1,0,0,0,0,0,0,0,1
0,-0.3822008,-0.0556436,-0.2425593,1,0.8571429,2.5,1,0,0,0,0,0,0,1,0
1,-1.402837,-0.4129563,-0.5621383,1,0.7142857,4.25,1,0,0,0,0,0,0,0,1
0,0.2732899,1.249859,-2.384551,1,0.8571429,4.5,1,1,0,0,0,0,0,0,0
0,-0.420773,-1.112838,-0.5621383,1,1,4.5,1,1,0,0,0,0,0,0,0
0,-0.3664385,-0.3707998,0.076363,1,1,4.75,1,0,0,0,0,0,0,1,0
0,-0.3664385,0.2260886,0.3490682,1,0.2857143,5,1,1,0,0,0,0,0,0,1
1,-1.628914,-0.788949,1.260275,1,0.4285714,3.75,1,0,0,0,0,1,0,0,0
0,-0.1505934,-0.3795322,0.3484115,0,0.7142857,4.75,1,1,0,0,0,0,0,0,1
0,-0.3664385,-0.0556436,0.6211168,1,0.4285714,4,1,1,0,1,0,0,0,1,0
0,-0.1923501,-0.736845,1.260275,1,0.5714286,5,1,1,0,0,0,0,1,0,0
0,-1.374496,-0.4129563,0.6686472,0,0.4285714,5,1,0,0,0,0,0,0,0,0
0,0.4146344,0.5412448,1.260275,1,0.5714286,4.75,1,1,0,1,0,0,0,0,1
0,-0.2986875,0.2260886,0.076363,0,0.1428571,4.25,1,0,0,1,0,0,0,0,1
0,-0.3664385,-0.4737927,0.3490682,1,0.8571429,4.5,1,1,0,0,0,0,1,0,0
0,0.4146344,-0.4737927,0.3028512,1,0.5714286,4.75,1,0,0,0,0,0,0,0,0
0,0.8645121,0.5165532,1.260275,1,0.5714286,4.75,1,1,0,0,0,0,0,0,1
0,-0.8761809,-1.112838,0.076363,1,0.7142857,4.75,1,0,0,0,0,1,0,1,0
0,-0.1923501,0.2260886,0.6217735,1,0.7142857,4.5,1,1,0,0,0,0,1,0,0
0,-0.6635203,0.9681265,0.9875695,0,0.4285714,5,1,0,0,0,0,1,1,0,0
0,-0.1663557,0.2260886,0.3497249,0,0.7142857,4.25,1,1,0,0,1,0,0,1,0
0,0.8542801,-0.0890676,0.6679905,0,0.4285714,5,1,0,0,0,0,0,1,0,0
0,-0.3664385,0.5165532,0.3490682,0,1,4.75,1,1,0,0,0,0,0,0,0
0,-0.3664385,-1.39457,0.9875695,1,0.7142857,4.75,1,0,0,0,0,0,0,1,0
0,0.8417022,-0.3707998,0.3490682,1,1,4.75,1,1,0,0,0,0,0,0,1
0,0.4707154,0.2260886,-0.8355003,1,0.5714286,4,1,0,0,0,0,1,0,0,1
0,-0.1663557,-0.4129563,0.0301459,1,0.4285714,4.75,1,1,0,0,1,0,0,0,1
0,-0.8930941,0.9681265,-0.5621383,1,0.7142857,4.25,0,1,0,0,0,0,0,0,0
0,-0.0579738,0.5078208,-0.2425593,1,0.7142857,5,1,1,0,0,0,0,0,0,0
0,-0.7815278,0.92597,-1.745393,1,0.7142857,4.25,1,0,0,0,0,1,0,0,0
0,-0.2081124,-0.6946884,-1.20064,1,0.7142857,2.75,1,0,1,0,0,0,0,0,0
0,0.8551187,-0.6946884,-1.473345,1,0.5714286,5,1,1,0,0,0,0,1,0,0
0,-0.2081124,0.2260886,0.0294892,0,0.2857143,5,1,0,1,0,0,0,0,0,1
1,-2.284717,-1.530987,-0.2881196,1,0.8571429,5,1,0,0,1,0,0,0,1,0
0,0.8417022,0.2260886,0.3021945,0,0.5714286,5,1,1,0,0,1,0,0,0,1
0,0.6518515,1.249859,0.6686472,0,0.5714286,5,1,0,0,0,1,0,0,0,1
0,-0.3664385,0.2260886,0.6217735,0,0.5714286,5,1,1,0,0,0,0,1,0,0
0,0.8542801,1.565015,0.395942,0,0.7142857,3,1,1,1,0,0,0,0,0,1
1,-0.1403614,0.2260886,0.9406958,1,0.7142857,5,1,0,0,1,0,0,1,0,0
0,0.8542801,1.249859,0.6679905,0,0.7142857,5,1,0,0,0,0,0,1,0,0
0,-0.2829252,-0.4042238,0.6686472,1,0.1428571,4.5,1,1,0,0,1,0,0,0,0
0,-0.8320785,-1.146262,0.9406958,1,0.7142857,4.75,1,1,0,0,1,0,0,0,1
0,-2.536788,-2.546024,0.6686472,1,0.4285714,4,1,0,0,1,0,0,1,0,0
0,-0.483008,0.2260886,0.3490682,0,0.8571429,3,1,0,0,0,1,0,0,0,0
0,-0.3246819,-2.41834,0.3497249,0,0.5714286,4.75,1,1,0,1,0,0,0,0,0
0,-0.3664385,0.2260886,0.3484115,0,0.7142857,5,1,1,0,1,0,0,0,0,1
0,-0.3664385,0.2260886,0.3490682,0,0.7142857,2.75,1,0,1,0,0,0,0,0,0
0,0.8542801,-0.0890676,0.6686472,0,0.4285714,5,1,1,0,0,1,0,0,0,1
0,0.8542801,0.6529703,0.6679905,1,0.4285714,3,1,1,0,0,0,0,0,0,0
1,0.1444548,-0.1312241,0.3490682,1,0.4285714,5,1,1,1,0,0,0,0,0,0
0,-0.2081124,0.6442378,0.6679905,0,0.4285714,5,1,1,0,1,0,0,0,0,1
0,-0.182118,-3.475534,0.3484115,1,0.5714286,4,0,0,0,1,0,0,0,0,0
0,-0.7698435,-1.436726,0.7148643,1,0.7142857,4.75,1,1,0,1,0,0,0,1,0
0,0.8645121,-0.4129563,0.9875695,1,0.5714286,5,1,0,0,1,0,0,0,0,1
0,-0.3664385,0.2260886,0.6686472,1,0.4285714,4.5,1,1,1,0,0,0,0,0,0
0,0.6959539,0.2260886,1.260275,1,0.8571429,5,1,1,0,0,1,0,0,0,1
0,-0.3664385,0.2260886,0.9875695,1,0.7142857,5,1,0,1,0,0,0,0,1,0
0,-0.2206902,-0.4737927,0.6679905,1,0.7142857,4.5,1,0,1,0,0,0,1,0,0
0,-0.2829252,-0.3707998,-1.839141,1,0.8571429,3.75,1,0,1,0,0,0,0,1,0
0,-0.1923501,1.146866,-0.243216,1,0.8571429,4.25,1,1,1,0,0,0,1,0,0
0,0.8542801,1.283283,-0.8335301,1,1,5,0,1,0,0,1,0,0,0,1
0,-0.3246819,0.8317094,-0.2894331,1,0.5714286,3.75,1,0,1,0,0,0,0,0,0
0,0.8542801,1.565015,-0.2894331,1,0.4285714,5,1,0,1,0,0,0,1,0,0
0,-0.410541,-0.0890676,-0.5621383,1,0.7142857,4.75,1,0,1,0,0,0,1,0,0
0,-0.4751075,-1.573143,-0.5614816,0,0.5714286,3.5,1,1,1,0,0,0,1,0,0
0,-0.3632541,-0.6946884,-0.8817173,0,0.8571429,4.25,1,0,1,0,0,0,0,0,1
0,-0.3246819,-0.788949,-0.8817173,1,0.7142857,4.25,1,1,1,0,0,0,0,0,1
0,-0.2963417,-0.9676881,-0.2894331,0,0.4285714,5,1,0,1,0,0,0,1,0,0
0,0.9252155,0.3203491,-1.566436,0,0.5714286,5,1,0,1,0,0,0,0,0,0
0,0.3445376,1.146866,-0.2887764,1,0.7142857,4.5,1,1,1,0,0,0,0,0,1
0,0.8259399,-0.0890676,-0.243216,0,0.4285714,4,1,0,1,0,0,0,1,0,0
0,-0.2081124,0.2260886,-0.5614816,0,1,5,1,0,0,1,0,0,0,1,0
0,-0.2829252,0.2260886,-0.3356501,0,0.5714286,5,1,1,1,0,0,0,0,1,0
0,-1.928584,0.2260886,-1.29373,0,0.8571429,5,1,0,1,0,0,0,1,0,0
0,-0.3246819,-0.4129563,-0.8810606,0,0.5714286,5,1,1,0,1,0,0,0,0,1
0,-0.3246819,0.6442378,-1.20064,1,0.7142857,4.75,1,0,1,0,0,0,0,0,1
0,-0.2986875,-0.5072168,0.3490682,1,0.5714286,5,1,0,1,0,0,0,1,0,0
0,0.7093704,-0.925366,0.9875695,1,0.7142857,4.25,1,1,1,0,0,0,0,0,1
0,0.8417022,-0.7281125,0.9875695,1,0.8571429,4.75,0,0,0,1,0,0,1,0,0
0,0.1149638,0.959394,0.3490682,0,1,5,1,1,0,1,0,0,0,0,1
0,-0.3246819,-0.012272,0.3490682,0,0.4285714,3.5,1,1,1,0,0,0,0,1,0
0,0.8542801,-0.0890676,1.260275,1,0.2857143,4.75,1,0,1,0,0,0,0,0,0
0,0.8542801,0.0895059,1.260275,0,1,4.5,1,1,1,0,0,0,0,0,1
0,0.8542801,1.565015,0.3490682,1,0.8571429,4.5,1,1,1,0,0,0,0,1,0
1,0.8802744,0.6442378,0.6211168,1,0.7142857,4,1,1,1,0,0,0,0,0,0
0,0.8417022,-0.4129563,0.0294892,0,0.5714286,5,1,1,1,0,0,0,0,0,1
0,-0.3790164,-0.4129563,0.7148643,1,0.7142857,5,1,1,0,1,0,0,0,0,1
0,0.8259399,1.249859,0.0770197,0,0.2857143,4.25,1,0,1,0,0,0,1,0,0
0,0.9377933,0.0895059,0.6217735,1,0.7142857,4.5,0,1,1,0,0,0,1,0,0
0,0.1893959,-1.385837,0.0288325,0,0.4285714,5,1,0,1,0,0,0,0,0,1
0,-0.3790164,0.5499773,0.3497249,1,0.8571429,4.5,1,1,0,0,1,0,1,0,0
0,0.6959539,0.6863943,0.076363,1,0.5714286,4.75,1,1,0,0,0,0,0,0,1
0,-0.3664385,0.2260886,1.260275,1,0.7142857,4.5,1,0,1,0,0,0,0,0,0
0,0.5793844,-0.3707998,0.3490682,1,0.8571429,4.5,0,0,1,0,0,0,1,0,0
0,0.8960367,0.9681265,0.3490682,0,0.4285714,5,1,0,1,0,0,0,0,0,0
0,0.8802744,1.565015,0.9406958,0,1,5,0,1,1,0,0,0,1,0,0
0,0.8417022,-0.3795322,0.6211168,0,0.4285714,5,1,1,1,0,0,0,0,0,1
0,-0.3506762,0.2260886,0.395942,0,0.2857143,4,1,1,1,0,0,0,0,0,1
0,0.0992015,0.2260886,-2.384551,1,0.5714286,4.5,1,0,1,0,0,0,0,0,1
0,0.3728777,-0.6946884,-0.243216,1,0.5714286,5,0,1,0,1,0,0,0,0,0
1,0.8676965,-0.0978001,-0.2894331,0,0.7142857,4.5,1,0,1,0,0,0,1,0,0
0,-0.3664385,-0.6946884,-1.20064,1,0.7142857,4.75,1,0,1,0,0,0,0,0,1
0,0.3319598,-0.7034209,-0.5621383,1,0.7142857,3.5,1,0,1,0,0,0,0,1,0
1,-1.002914,-0.7455774,-2.384551,1,0.1428571,3.5,1,1,0,1,0,0,0,0,1
0,-0.4987703,-0.4129563,-0.2894331,1,0.5714286,3.5,1,0,0,1,0,0,0,1,0
0,0.8542801,1.565015,0.9413525,0,0.7142857,5,1,0,1,0,0,0,0,0,0
0,0.1838657,-0.4042238,0.0301459,1,0.8571429,5,1,1,0,1,0,0,0,0,1
0,-0.3664385,0.2260886,0.6686472,1,0.5714286,5,1,0,1,0,0,0,0,1,0
1,-0.2829252,-1.112838,0.0294892,0,0.1428571,3.75,1,1,0,1,0,0,0,0,1
0,0.8542801,-1.497563,0.3497249,1,0.4285714,5,0,0,0,1,0,0,0,0,1
0,0.6416194,-0.0803351,0.7148643,0,0.7142857,4.75,1,1,1,0,0,0,1,0,0
1,-0.1017892,0.2260886,-0.0160711,0,0.7142857,5,0,0,0,1,0,0,0,0,0
0,0.3536188,-0.3795322,0.3490682,0,0.8571429,3.75,1,0,1,0,0,0,0,0,1
0,0.8542801,1.565015,0.3484115,1,0.5714286,5,1,0,1,0,0,0,1,0,0
0,-0.2081124,1.565015,0.3497249,0,0.1428571,4.75,1,1,0,1,0,0,0,0,1
0,0.8802744,-1.333733,-0.8810606,0,0.7142857,5,1,0,1,0,0,0,0,0,1
0,-0.8478408,-0.788949,-2.384551,1,0.5714286,3,1,0,0,0,1,0,0,0,1
0,-1.05142,-1.112838,-0.2894331,1,0.5714286,4.5,1,0,0,0,0,0,1,0,0
0,-0.3664385,-1.154994,-0.2887764,0,0.7142857,5,1,1,0,0,0,0,1,0,0
0,-0.3664385,-1.821451,0.0294892,0,0.7142857,4.5,1,0,1,0,0,0,0,0,0
1,0.8542801,1.565015,-2.384551,1,0.7142857,4.5,1,1,0,0,0,0,0,0,1
1,-0.3246819,-0.0978001,-0.8810606,0,1,4.25,0,1,1,0,0,0,0,0,1
0,0.8542801,0.4135602,0.0294892,0,0.4285714,5,1,0,0,0,1,0,1,0,0
0,-0.3664385,-0.0890676,-0.6083553,0,1,4.5,0,1,1,0,0,0,0,0,0
0,-0.3664385,-0.4042238,-0.2425593,1,0.8571429,5,1,0,1,0,0,0,0,0,0
1,-0.3947787,-0.1920606,-0.8348436,1,0.8571429,4.75,1,0,0,0,0,0,1,0,0
0,-0.3404441,-0.5072168,-0.2425593,1,0.8571429,4.75,1,0,0,0,0,0,0,0,1
0,0.2279681,-1.385837,-0.243216,1,0.7142857,5,0,1,1,0,0,0,1,0,0
0,-0.3664385,-1.854875,-0.2894331,1,0.5714286,4.5,1,0,0,0,0,0,1,0,0
0,0.5943325,-0.8311055,-0.5621383,0,0.4285714,5,1,0,0,0,0,0,1,0,0
0,-0.3664385,-1.367157,0.076363,0,0.2857143,4.75,0,0,1,0,0,0,0,1,0
0,-0.3664385,-0.4129563,-0.243216,0,0.7142857,4.5,1,1,0,1,0,0,0,0,0
0,0.1862115,-0.7281125,-0.8348436,1,0.4285714,4.75,1,1,0,1,0,0,1,0,0
0,0.7975997,-0.2007931,-0.8348436,0,0.5714286,5,1,0,1,0,0,0,1,0,0
0,0.3602999,-0.6946884,0.0301459,0,0.5714286,4.75,1,0,0,0,0,0,1,0,0
0,0.8385177,0.2260886,0.9875695,0,0.5714286,4.75,1,0,0,0,0,0,0,1,0
0,0.2890522,0.5499773,0.3490682,0,0.2857143,5,1,0,0,0,0,0,1,0,0
0,0.8542801,-1.624198,0.3490682,0,0.5714286,4,1,0,0,0,0,0,1,0,0
1,-0.4987703,-2.033615,0.6686472,0,0.2857143,3.75,1,0,0,1,0,0,1,0,0
0,0.8802744,-0.7976814,0.3490682,1,0.5714286,4.5,1,1,0,0,0,0,0,0,1
0,0.8542801,0.9681265,0.9406958,1,1,1,1,0,1,0,0,0,0,1,0
1,-0.2081124,0.6529703,0.3490682,1,0.4285714,4.25,1,0,0,0,0,0,0,0,0
0,0.8542801,-0.4042238,1.260275,0,1,5,1,0,1,0,0,0,0,0,1
0,-0.3664385,-0.6946884,0.6224302,0,0.4285714,3.5,1,1,1,0,0,0,0,0,1
0,0.8960367,-0.1833281,0.6686472,1,0.5714286,4.75,1,0,1,0,0,0,1,0,0
1,-0.1663557,-0.3707998,0.3490682,1,0.1428571,4.75,1,1,0,0,0,0,1,0,0
0,0.0574448,-1.079414,0.7148643,1,0.7142857,4.75,1,1,0,1,0,0,0,0,1
0,-0.3790164,-1.888299,0.9406958,0,0.7142857,4.25,1,1,1,0,0,0,0,0,1
0,0.8417022,0.6442378,0.6217735,0,0.8571429,4.75,1,1,0,0,0,0,1,0,0
1,-0.3664385,-0.1920606,0.6679905,0,1,4.5,1,0,0,0,0,0,0,0,1
1,0.8960367,0.5499773,0.6217735,0,0.7142857,5,1,1,1,0,0,0,1,0,0
0,0.4549531,-2.306614,0.3490682,0,0.7142857,5,1,0,1,0,0,0,1,0,0
0,-0.2081124,0.2260886,0.3497249,1,1,5,1,0,0,0,0,0,0,0,0
0,0.4146344,-0.064376,0.9406958,1,1,4,1,1,1,0,0,0,1,0,0
0,0.8417022,-0.4042238,0.6686472,1,0.8571429,5,1,1,0,0,0,0,1,0,0
0,0.8385177,0.5078208,0.9875695,1,0.4285714,5,1,0,0,0,0,0,0,1,0
0,0.6676137,0.2260886,0.9406958,0,0.5714286,4.5,1,0,0,0,0,0,1,0,0
1,-0.3664385,-0.4216887,1.260275,1,0.8571429,4.25,1,1,1,0,0,0,0,0,1
0,0.8542801,-0.4129563,0.3490682,1,0.8571429,4.25,1,0,0,0,0,0,0,0,0
1,0.8542801,-1.597835,0.9413525,1,1,5,1,1,0,0,0,0,0,0,1
0,-0.3664385,-0.6946884,0.6686472,1,0.8571429,4.5,1,0,0,0,0,0,1,0,0
0,0.1862115,0.2260886,1.260275,0,0.4285714,5,1,0,1,0,0,0,0,0,1
1,0.8542801,-0.0556436,0.3490682,0,0.7142857,4.25,1,0,0,0,0,0,1,0,0
0,0.30163,1.241126,0.3484115,0,0.7142857,5,1,0,1,0,0,0,1,0,0
0,0.1862115,0.2260886,0.6217735,0,0.7142857,5,1,1,1,0,0,0,0,0,1
0,0.1862115,0.6863943,0.6679905,1,0.8571429,5,1,0,1,0,0,0,1,0,0
0,-1.278405,-0.0890676,1.260275,0,0.5714286,4.5,1,0,0,0,0,0,0,0,1
0,0.8417022,0.2260886,0.395942,0,0.4285714,4.5,1,0,0,0,0,0,0,1,0
0,0.8542801,-0.6946884,1.260275,0,0.7142857,5,1,1,1,0,0,0,1,0,0
0,0.3602999,-0.4129563,0.9413525,1,0.8571429,4.75,1,0,0,0,0,0,1,0,0
0,0.8542801,0.2260886,0.3490682,0,0.1428571,5,1,1,0,0,1,0,1,0,0
0,-0.8478408,0.2260886,-0.8817173,1,0.7142857,4.75,1,1,0,0,0,0,0,0,1
0,-0.1923501,0.2260886,-0.2887764,1,0.5714286,4.5,1,0,0,0,0,0,0,0,0
1,0.7558431,0.0896716,-0.2425593,1,0.7142857,5,1,0,0,0,0,0,1,0,0
0,-0.8930941,0.5078208,-1.20064,1,0.5714286,5,1,1,0,0,0,1,0,1,0
0,-0.1505934,-0.4737927,-0.243216,0,0.7142857,4.75,1,1,0,0,0,0,1,0,0
0,0.8645121,1.241126,-0.2425593,1,0.5714286,5,1,0,0,0,0,0,0,0,0
0,-0.7847672,0.6442378,-1.74605,0,0.2857143,5,1,0,0,0,0,1,0,0,0
0,0.3988721,0.3625056,-0.6076986,1,0.8571429,5,1,1,1,0,0,0,0,0,1
0,0.8259399,0.2260886,-1.472688,1,0.4285714,3,1,0,0,0,0,1,0,0,1
0,-1.773823,-0.2343827,-1.74605,0,0.4285714,4,1,0,0,0,0,0,1,0,0
0,-0.6895146,-1.104105,-0.6083553,0,0.8571429,4.75,1,1,0,1,0,0,0,1,0
0,0.370532,-1.291577,-0.8348436,0,0,4.75,1,1,0,0,0,0,0,0,0
0,-0.9021753,-0.6946884,-0.2425593,0,0.4285714,5,1,0,0,0,0,0,0,0,1
0,-1.587157,-0.3707998,-0.2425593,1,0.4285714,4.5,1,1,0,0,0,0,0,0,0
0,-0.3404441,-0.0556436,-0.9272776,1,0.5714286,4.5,1,1,0,0,0,0,0,0,1
0,-1.371312,0.2260886,-0.2425593,1,0.8571429,3.25,1,0,0,0,0,1,0,0,1
0,-0.1380156,-0.0978001,-0.8804039,1,0.4285714,4,1,1,0,0,0,0,0,0,1
0,-0.6603358,-1.291411,-0.5621383,1,0.5714286,5,1,0,0,0,0,0,0,0,1
0,0.7637049,-1.888299,-0.2894331,1,0.7142857,4.75,1,1,0,0,0,0,0,0,1
0,-0.8060842,-0.8311055,0.3490682,0,0.7142857,4.5,1,0,0,0,0,0,0,0,1
0,0.8542801,-0.8311055,1.260275,1,0.7142857,5,1,1,0,0,0,0,0,0,1
0,0.3602999,0.6863943,0.0301459,1,0.4285714,4.5,1,1,0,0,0,0,0,0,1
0,0.8417022,-0.0556436,0.3490682,0,0.7142857,5,1,1,0,0,0,0,0,0,0
1,-0.8048648,0.6529703,0.395942,1,0.8571429,4.75,1,0,0,0,0,1,0,0,1
0,0.8960367,0.2260886,0.6679905,1,0.2857143,5,1,1,0,0,0,0,0,0,1
0,-0.3664385,0.2260886,1.260275,0,0.4285714,5,1,0,0,0,0,1,0,0,1
0,0.1862115,-0.6946884,0.3490682,0,0.8571429,5,1,0,0,0,0,0,0,0,1
0,-0.3664385,-0.0890676,0.3490682,0,0.2857143,4,1,0,0,0,0,0,0,1,0
0,0.8960367,-0.0556436,0.9406958,0,0.5714286,4.5,1,0,1,0,0,0,0,0,1
0,0.9377933,-1.436726,1.260275,0,0.4285714,5,0,1,1,0,0,0,1,0,0
0,-0.3664385,-0.0890676,0.3490682,1,0.5714286,5,1,0,0,0,0,0,0,0,1
0,0.9062688,-1.112838,0.9875695,1,0.5714286,5,1,0,0,0,0,0,0,1,0
0,-0.3246819,-0.4737927,0.9875695,1,0.5714286,4.75,1,0,0,0,0,0,0,0,1
0,0.3445376,-0.0890676,0.3490682,0,0.7142857,5,1,0,0,0,0,0,0,0,1
0,-0.4116918,1.283283,0.0301459,1,0.7142857,4.75,1,0,0,0,0,0,0,0,1
0,0.3602999,1.146866,0.395942,1,0.5714286,5,1,1,0,0,0,0,0,0,1
0,-0.3246819,-0.0890676,0.3021945,1,0.8571429,4.75,1,1,0,0,0,0,1,0,0
0,-0.2081124,0.9681265,0.6224302,1,0.8571429,5,1,0,0,0,0,0,0,1,0
0,-0.182118,-0.3707998,0.3490682,1,0.5714286,4.5,1,0,0,0,0,1,0,0,0
0,-0.420773,-1.112838,0.0301459,1,0,4,1,1,0,0,0,0,0,1,0
0,0.3862942,0.1926646,0.0301459,0,0.4285714,5,1,0,0,0,0,0,1,0,0
0,0.8802744,0.5078208,0.0294892,1,0.7142857,5,1,1,0,0,0,0,1,0,0
0,-0.2081124,0.2260886,0.3490682,1,0.8571429,5,1,1,0,0,0,0,0,0,1
0,-0.8636031,-1.070681,0.0301459,1,0.5714286,4.75,1,0,0,0,1,0,1,0,0
0,-0.410541,-0.0035396,0.395942,0,0.5714286,3.75,1,0,0,0,1,0,1,0,0
1,-0.9147531,-2.127875,-0.9272776,1,0.8571429,2.75,1,1,1,0,0,0,0,0,1
0,-0.2986875,0.2260886,-0.5614816,1,0.7142857,4,1,0,0,0,0,0,0,0,0
0,-0.420773,-0.4129563,-0.5621383,1,0.5714286,4.75,1,0,0,0,0,0,0,0,1
0,-0.6830908,-1.112838,0.076363,0,0,2.5,1,0,0,0,0,0,0,1,0
1,-0.3246819,-0.8311055,0.0294892,0,0.7142857,4.75,1,1,0,0,0,0,1,0,0
0,-0.3822008,-0.1920606,-0.5621383,1,0.7142857,3.75,1,0,0,0,0,0,0,0,0
0,0.8542801,1.283283,-1.29373,0,0.7142857,5,1,0,0,0,0,0,0,0,1
0,0.0889694,-2.495135,0.0770197,1,0.5714286,5,1,1,0,0,1,0,0,0,1
1,-0.2829252,-1.240522,-1.154423,1,1,3.5,1,0,1,0,0,0,0,0,1
0,-0.4762584,-0.8311055,-0.5621383,1,0.7142857,5,1,0,0,0,0,0,1,0,0
0,0.3988721,-0.6612644,-0.8348436,1,0.8571429,4.75,1,1,0,0,0,0,1,0,0
0,0.6676137,0.9681265,-0.6076986,1,0,5,1,1,0,0,0,0,0,0,1
0,-1.454825,-0.4129563,-0.243216,1,0.7142857,4.75,1,1,0,0,0,0,0,0,1
0,-0.4751075,-0.6102098,-0.8348436,1,0.7142857,4.25,1,0,0,0,0,0,0,0,0
0,-0.3506762,-0.1920606,0.0294892,1,0.7142857,4.5,1,1,0,0,0,0,0,0,0
1,0.7818375,-1.154994,0.076363,1,0.7142857,5,1,0,0,0,0,1,0,0,1
0,-0.3246819,-0.6612644,0.6679905,1,0.7142857,4.75,1,1,0,0,0,0,1,0,0
0,-0.3632541,-0.4129563,0.6679905,0,0.7142857,4.25,1,0,0,0,0,0,0,0,1
0,0.3287753,-0.1920606,0.3490682,1,0.5714286,4.75,1,0,1,0,0,0,0,0,1
0,0.8960367,0.6442378,0.9406958,1,0.4285714,5,1,1,0,1,0,0,0,0,0
0,0.8542801,1.565015,1.260275,1,0.5714286,5,1,1,0,0,0,0,1,0,0
0,0.4146344,-0.5072168,0.6217735,0,0.5714286,4.75,1,0,0,0,0,0,0,0,1
1,0.8960367,-3.79069,1.260275,1,0.2857143,4.75,1,0,0,0,0,1,0,0,0
0,0.8385177,-0.788949,1.260275,1,0.7142857,5,1,1,0,0,0,0,1,0,0
0,0.4146344,-0.0556436,0.9406958,0,0.5714286,5,1,1,0,0,0,0,0,0,0
0,0.2890522,0.9681265,0.9413525,1,0.7142857,5,1,1,0,0,0,0,1,0,0
1,0.1862115,-1.478883,0.6679905,1,0.4285714,5,1,0,0,0,0,0,0,0,0
0,0.4146344,0.9681265,0.9406958,0,0.5714286,5,1,1,0,0,0,0,1,0,0
0,-0.312104,-0.788949,1.260275,1,0.8571429,4.75,1,0,0,0,0,1,0,0,1
0,0.1567204,0.9681265,0.6679905,0,0.4285714,5,1,0,0,0,0,0,1,0,0
1,-0.3664385,-0.3707998,0.6686472,0,0,4.5,1,0,0,0,0,0,1,0,0
0,0.8960367,1.241126,0.6211168,1,0.8571429,4.75,1,1,0,0,0,0,0,0,0
0,0.7251327,-0.0890676,0.6679905,0,0.7142857,3.75,1,1,1,0,0,0,0,0,1
0,0.8960367,0.5499773,1.260275,0,0.5714286,5,1,0,0,0,0,0,0,0,1
0,0.8385177,1.565015,0.3021945,1,0.7142857,4,1,0,0,0,0,0,0,0,1
1,-0.2238747,-0.0978001,0.6217735,1,0.5714286,3.75,1,0,0,0,0,0,1,0,0
0,-0.3664385,-0.1920606,0.3035079,1,0.8571429,5,1,0,0,0,0,0,0,0,1
0,-0.420773,-1.112838,0.6217735,0,0.5714286,4.5,1,1,0,0,0,1,0,0,1
0,-0.3246819,0.2260886,0.9875695,0,0.7142857,5,1,0,0,0,0,0,0,0,0
0,0.922031,0.2260886,0.9875695,0,0.8571429,5,1,0,0,0,0,0,1,0,0
0,0.6676137,0.5078208,0.6679905,1,0.5714286,5,0,1,0,0,0,1,0,0,0
0,0.8960367,-1.427994,-0.2425593,1,1,4.25,1,0,0,0,0,0,0,0,0
0,0.6676137,-0.3707998,0.0308026,1,1,4.75,1,1,0,0,0,0,0,1,0
1,-0.483008,-1.709726,0.0301459,1,0.7142857,4.75,1,1,0,0,0,0,1,0,0
0,-0.5113482,-1.530987,-0.5621383,1,0.7142857,2.25,1,1,0,0,0,0,0,0,0
1,-1.130311,-0.5072168,0.0301459,0,0.8571429,5,1,1,0,0,0,0,0,0,1
0,-0.8218464,-0.1920606,-0.243216,1,0.7142857,4.5,1,0,0,0,0,0,1,0,0
0,0.370532,1.565015,-0.0160711,0,0.8571429,5,1,0,1,0,0,0,1,0,0
0,-0.3664385,0.2260886,-0.6083553,1,0.8571429,5,1,1,1,0,0,0,0,0,1
0,-0.3506762,0.2260886,-1.199983,0,0,4,1,0,1,0,0,0,0,0,1
0,0.8802744,0.0560819,0.0294892,1,0.7142857,4.5,1,0,1,0,0,0,0,1,0
0,0.3988721,0.5499773,-0.2894331,0,0.8571429,5,1,0,0,0,0,0,0,0,0
0,0.3988721,0.2260886,-0.2894331,1,1,4.25,1,0,0,0,0,0,0,0,0
0,-0.3664385,-0.4042238,-0.1501253,0,1,5,1,1,1,0,0,0,0,1,0
0,0.6416194,0.6529703,-0.9279343,0,0.8571429,4.75,1,0,1,0,0,0,1,0,0
0,-0.3979631,-0.4042238,-0.8810606,1,0.7142857,5,1,1,1,0,0,0,0,0,0
0,-0.3790164,-0.0556436,-0.6090121,1,0.8571429,5,1,0,1,0,0,0,1,0,0
0,-0.3664385,0.2260886,-0.6545724,0,1,5,1,1,1,0,0,0,0,0,1
0,-0.3246819,0.2260886,0.0301459,0,0.8571429,4.75,1,0,1,0,0,0,0,0,1
0,-1.33274,-0.6946884,-0.8341869,1,0.7142857,4.5,1,0,0,0,0,0,0,0,1
0,-0.1797722,-1.112838,0.0301459,0,0.8571429,5,1,1,0,0,0,0,0,0,0
0,0.0763916,-0.4129563,0.0770197,0,0.8571429,5,1,0,0,0,0,1,0,0,1
0,-0.3506762,0.8651335,-1.792924,0,0.8571429,5,1,0,1,0,0,0,0,0,1
1,-0.3664385,-0.0978001,0.0301459,1,1,4.5,0,1,0,0,0,0,0,0,1
1,-1.33274,-2.400875,-0.2425593,1,0.7142857,5,1,0,0,0,0,0,0,0,1
0,-0.8478408,1.249859,-0.8817173,0,0.8571429,4,1,1,0,0,0,0,0,1,0
0,-0.3790164,-0.5072168,0.0294892,1,0.4285714,4.25,1,1,0,0,0,0,1,0,0
1,-0.3404441,0.2260886,-1.20064,1,1,5,1,0,0,0,0,0,0,0,1
0,0.3571154,0.3712381,-0.5621383,1,0.8571429,4.75,1,0,0,0,0,0,0,0,1
0,0.8542801,0.5412448,-0.8348436,0,1,5,1,0,0,0,0,0,1,0,0
0,0.4146344,0.6442378,-0.6090121,1,0.2857143,5,1,1,1,0,0,0,0,0,0
0,-0.2534342,-0.0978001,-0.5621383,0,0.7142857,5,1,0,0,0,0,0,1,0,0
0,0.8385177,1.565015,0.0294892,0,0.5714286,4.5,1,0,0,0,0,0,0,0,1
0,0.8834589,-0.4737927,0.0294892,0,0.5714286,5,1,1,0,0,0,0,0,0,0
0,-0.2081124,-0.3707998,-0.5621383,0,0.7142857,5,1,0,0,0,0,0,1,0,0
0,0.8960367,-1.573143,0.0301459,1,0.4285714,4.75,1,0,1,0,0,0,1,0,0
0,-0.9045211,0.2260886,-0.2425593,0,0.8571429,5,1,0,1,0,0,0,0,0,1
0,0.2019738,-0.3707998,-0.2425593,0,0.1428571,3.25,1,0,0,0,0,0,0,0,0
0,0.1862115,-0.0890676,-0.9279343,0,1,4,1,0,1,0,0,0,0,0,1
0,-0.9336999,-1.427994,-0.8810606,0,0.5714286,4,1,0,0,0,0,0,0,1,0
0,0.6550359,1.565015,0.3490682,0,1,3.25,1,1,1,0,0,0,0,1,0
0,0.6676137,-0.0890676,0.6686472,1,0.7142857,5,1,1,0,0,0,0,1,0,0
0,0.8960367,1.565015,0.3021945,1,0.4285714,3,1,1,0,0,0,0,0,0,1
0,0.8259399,-0.0978001,1.260275,0,0.2857143,5,1,0,0,0,0,0,1,0,0
0,-0.3246819,-0.6946884,0.6217735,1,0.8571429,3.5,1,0,1,0,0,0,0,1,0
0,-0.3664385,0.2260886,0.6224302,1,0.8571429,4.75,1,1,0,0,0,0,0,0,1
0,0.3185433,0.2260886,1.260275,0,0.5714286,4.75,1,0,0,0,0,0,0,0,1
0,-0.3664385,1.249859,0.9406958,1,0.8571429,5,1,0,1,0,0,0,0,1,0
0,0.7196025,0.2260886,0.3490682,0,0.8571429,4.25,1,0,1,0,0,0,1,0,0
0,0.7377105,0.6442378,0.3490682,0,0.4285714,4.5,1,0,0,0,0,0,0,0,0
0,-0.1978803,-0.6946884,0.6679905,0,0.8571429,5,1,0,0,0,0,0,0,0,1
0,0.8542801,0.8651335,0.6211168,0,0.2857143,5,1,1,0,0,0,0,0,0,1
1,-0.3664385,0.2260886,0.6686472,0,0.4285714,4.75,1,1,0,0,0,0,1,0,0
0,-0.3979631,0.2260886,0.9875695,0,0.8571429,5,1,0,1,0,0,0,0,0,0
0,0.8542801,1.565015,1.260275,1,0.5714286,4.75,1,1,1,0,0,0,0,0,0
0,0.8259399,0.6442378,0.3021945,0,0.4285714,4.25,1,1,1,0,0,0,1,0,0
0,0.3728777,-2.451764,1.260275,1,0.4285714,5,1,1,0,0,0,0,1,0,0
1,-0.3664385,-1.751882,0.3490682,0,0.5714286,4.75,1,1,0,0,0,0,0,0,1
0,0.3831098,-0.0890676,1.260275,1,0.4285714,4.75,1,0,0,0,0,0,0,1,0
0,0.1149638,-0.4737927,0.9875695,1,0.5714286,5,1,1,0,0,0,0,0,0,0
0,0.2697248,0.2260886,0.6679905,0,0.5714286,4,1,1,0,0,0,0,0,0,0
0,0.3988721,-0.1920606,1.260275,0,0.5714286,5,1,0,0,0,0,0,1,0,0
0,0.8542801,1.283283,0.3021945,1,0.4285714,4.25,1,0,0,0,0,0,1,0,0
0,0.7999455,1.565015,0.9875695,1,0.7142857,5,1,0,1,0,0,0,1,0,0
0,-0.3506762,-0.0890676,0.6686472,1,0.7142857,4.5,1,0,1,0,0,0,0,0,1
0,-0.095108,-0.0890676,0.6686472,0,0.5714286,4.75,1,0,0,0,0,0,1,0,0
1,-0.3664385,-1.112838,0.3490682,1,0.2857143,5,1,1,0,0,1,0,0,0,0
0,-0.3562064,-0.3707998,0.3490682,0,0.7142857,5,1,0,0,0,0,0,0,0,1
0,0.8542801,1.001551,1.260275,0,0.7142857,5,1,0,0,0,0,0,0,0,0
0,0.8960367,-0.0890676,0.6217735,1,0.5714286,5,1,1,0,0,0,0,0,0,1
0,-0.3089196,-0.0890676,0.6679905,1,0.8571429,4,1,0,0,0,0,0,0,0,1
0,0.8960367,-0.0978001,1.260275,1,0.8571429,5,1,1,0,0,0,0,0,0,1
0,-0.3664385,0.959394,1.260275,1,0.8571429,4.75,1,0,0,0,0,0,0,0,0
0,0.6676137,0.2260886,0.6679905,0,0.8571429,4.75,1,0,0,0,0,0,0,0,1
0,-0.2624469,-0.8311055,0.3490682,1,0.8571429,4.25,1,0,0,0,0,0,1,0,0
0,-0.1663557,0.2260886,0.6686472,1,0.5714286,5,1,0,0,0,0,0,1,0,0
0,-0.1797722,0.6442378,0.3490682,0,0.5714286,5,1,1,0,0,0,0,0,0,0
0,0.8960367,1.241126,1.260275,1,0.7142857,5,1,0,0,0,0,0,1,0,0
1,-1.733745,0.959394,0.9406958,1,0.4285714,5,1,1,1,0,0,0,0,0,1
0,-0.3822008,0.2260886,0.3497249,0,0.8571429,5,1,0,0,0,0,0,1,0,0
0,0.8542801,-1.436726,0.3028512,1,0.5714286,4.5,1,1,0,0,0,1,0,1,0
0,-0.3664385,0.2260886,0.3490682,1,0.7142857,5,1,1,0,0,0,0,0,0,1
0,0.1578713,0.2173561,-1.20064,1,0.7142857,5,1,0,0,0,0,0,0,0,1
0,-0.9190885,-0.4129563,0.0294892,0,0.7142857,2.75,1,0,0,0,0,0,0,0,1
0,-0.182118,-0.0469111,0.076363,1,0.4285714,5,1,0,0,1,0,0,0,0,1
0,-0.6319957,-0.0556436,0.3028512,0,0.7142857,5,0,0,0,0,0,0,0,0,1
1,-0.2081124,-1.112838,0.3028512,1,0.2857143,5,1,1,0,0,0,0,0,0,1
0,0.3988721,0.2260886,-0.4683908,1,1,4.25,1,0,0,0,0,0,1,0,0
1,-1.599735,0.5078208,-1.74605,1,0.8571429,4.25,1,1,0,0,0,0,1,0,0
0,-0.1537779,0.2260886,0.0301459,0,0.4285714,4.5,1,0,0,0,0,0,1,0,0
0,-0.4593452,0.8317094,-0.8817173,0,0.8571429,4.25,1,1,0,0,0,0,1,0,0
0,0.3161975,1.565015,-1.199983,1,0.8571429,5,1,1,0,0,0,0,0,0,1
0,-0.2081124,-0.7976814,0.076363,0,0.7142857,4.5,1,0,0,0,0,0,1,0,0
0,0.30163,0.6442378,0.0301459,1,0.5714286,4.75,1,0,0,0,0,0,1,0,0
0,0.1736336,-0.3795322,-0.5621383,1,0.7142857,4.75,1,0,0,0,0,0,1,0,0
0,0.8960367,1.283283,-0.3356501,1,0.7142857,5,1,1,0,0,0,0,0,0,0
0,0.3445376,-0.4129563,-0.2894331,1,0.2857143,4.75,1,1,0,0,0,0,1,0,0
0,0.4146344,0.6108137,0.9406958,1,0.4285714,5,1,0,0,0,0,0,1,0,0
0,0.8542801,1.565015,1.260275,1,0.7142857,5,1,1,0,0,0,0,0,0,1
1,0.8960367,-1.052001,1.260275,1,0.7142857,4.25,1,1,0,0,0,0,1,0,0
0,-1.374496,-0.5072168,0.9406958,1,0.8571429,4.75,1,1,0,0,0,0,0,0,1
0,-0.2081124,0.6863943,0.6679905,0,0.8571429,4.5,1,0,0,0,0,0,0,0,0
0,-0.9474286,-0.6946884,1.260275,1,0.8571429,4.75,1,0,0,0,0,0,0,0,1
0,0.0672962,-0.4129563,0.6686472,1,0.8571429,4,0,0,0,0,0,0,1,0,0
0,-0.9959349,-0.9764206,0.6679905,1,0.8571429,4.25,0,0,0,0,0,0,0,0,0
0,-0.8060842,-0.5495389,0.6679905,0,0.5714286,4.75,1,1,0,0,0,0,0,0,1
0,0.131877,0.2260886,0.6224302,0,0.5714286,4.25,1,1,0,0,0,0,1,0,0
0,0.8542801,0.2260886,1.260275,0,0.4285714,5,1,0,0,0,0,0,0,1,0
0,0.8385177,0.2260886,0.9413525,1,0.5714286,4.75,1,1,0,0,0,0,0,0,1
0,0.8259399,0.2260886,0.6211168,0,0.4285714,5,1,0,0,0,0,0,0,0,1
0,-0.3664385,0.2260886,1.260275,1,0.5714286,4.75,1,0,0,0,0,0,1,0,0
0,0.8542801,1.565015,0.9875695,0,0.4285714,4.75,1,0,0,0,0,0,0,0,1
1,-1.134095,0.5078208,0.6679905,0,0.4285714,4,1,1,0,0,0,0,0,0,1
0,0.8542801,0.5078208,0.6217735,1,1,4.5,1,1,0,1,0,0,0,0,1
0,-0.2545851,1.241126,0.7148643,0,0.5714286,5,1,0,0,0,0,0,0,0,1
0,0.8542801,-0.4737927,1.260275,0,0.4285714,5,1,1,0,0,0,0,1,0,0
0,0.7999455,-3.466801,0.9875695,1,0.5714286,5,1,1,0,0,0,0,1,0,0
0,-0.2081124,0.6442378,-0.5159213,0,1,4.5,1,0,0,0,0,0,1,0,0
0,0.8542801,1.565015,-2.111846,0,1,4.5,1,1,0,0,0,0,1,0,0
0,0.1149638,-0.6946884,-0.6083553,1,0.8571429,4.75,1,1,0,0,0,0,0,0,0
0,0.0094792,-0.4737927,-2.384551,1,0.5714286,4,1,1,0,0,0,0,0,0,0
1,0.1307261,0.2260886,-1.246857,0,1,4.75,1,0,0,0,0,0,0,0,0
0,0.8542801,0.0895059,-0.2900898,0,0.4285714,5,1,0,0,0,0,0,1,0,0
0,-0.3822008,-0.4042238,-0.5621383,1,0.8571429,4.25,1,0,0,0,0,1,0,0,0
0,0.3862942,-0.0556436,-0.5621383,1,0.8571429,4.5,1,0,0,0,0,0,0,0,0
0,-0.1955345,-0.0890676,-0.6076986,1,1,5,1,0,1,0,0,0,0,0,1
1,-0.420773,0.6442378,-0.6090121,1,1,4,1,1,0,0,0,0,0,0,1
1,-0.3664385,1.565015,-1.246857,0,1,5,1,1,0,0,0,0,0,1,0
0,-0.9600065,-0.3707998,-2.384551,1,0.7142857,4,1,1,0,0,0,0,0,0,1
1,-0.2174508,0.5499773,-0.6545724,0,0.5714286,3.5,1,1,1,0,0,0,0,0,1
1,0.7251327,-0.6525319,-0.2425593,1,0.8571429,3.75,1,1,0,0,0,0,0,0,1
0,0.922031,-0.0890676,-0.2894331,0,0.8571429,4.75,1,0,1,0,0,0,1,0,0
0,-0.7917598,1.565015,-2.384551,0,0.8571429,4.75,1,0,0,0,1,0,0,1,0
1,-0.9631909,-0.0978001,-1.247513,1,0.8571429,4.5,1,1,0,0,0,0,0,0,1
1,-1.121517,0.2260886,-2.384551,1,1,3.75,1,1,0,0,1,0,0,0,1
0,-0.3246819,-0.8311055,-0.2894331,1,0.5714286,4.25,1,0,0,0,0,0,0,0,1
1,0.8259399,1.565015,-0.5621383,1,1,5,1,0,0,0,0,0,1,0,0
0,-0.8773319,-0.7281125,-1.247513,1,0.8571429,4.5,1,1,0,0,0,0,0,0,0
0,-0.3562064,0.9681265,-0.6090121,1,0.8571429,4.75,1,0,0,0,0,0,0,0,1
1,-0.4365353,-0.0978001,-0.5621383,0,0.8571429,5,1,0,0,0,0,0,1,0,0
1,0.8417022,0.0473494,-0.2894331,0,1,5,1,1,0,0,0,0,1,0,0
0,0.3862942,0.2260886,-1.246857,1,0.8571429,5,1,0,1,0,0,0,0,0,1
1,0.8542801,-0.9676881,-0.6090121,0,0.7142857,5,1,1,0,0,0,0,1,0,0
0,-0.3664385,-0.9851531,-0.2894331,1,0.5714286,4.25,1,0,0,0,0,1,0,0,0
0,-0.3664385,-0.4129563,-0.6083553,1,0.7142857,4.25,1,1,1,0,0,0,1,0,0
0,-0.6074393,-1.615465,-2.065629,1,0.8571429,4.75,1,1,0,0,0,0,1,0,0
0,0.7999455,-0.4042238,-0.2894331,1,0.8571429,4.5,1,0,1,0,0,0,1,0,0
1,0.2732899,-1.991458,-0.5621383,0,0.2857143,4.5,1,1,0,0,0,0,1,0,0
0,0.2732899,-0.0803351,-0.5621383,0,0.8571429,4.5,1,0,0,0,0,0,1,0,0
0,0.8542801,1.249859,-0.5621383,1,1,5,1,1,0,0,0,0,0,0,0
1,-0.886413,0.2682451,-1.20064,1,0.7142857,4,1,0,0,0,0,0,1,0,0
1,0.8542801,1.565015,-1.839141,0,0.8571429,4.5,0,0,1,0,0,0,1,0,0
0,-0.3664385,-0.1920606,-0.9279343,1,1,4.75,1,0,1,0,0,0,0,0,1
0,0.8542801,1.565015,-0.2419026,1,1,5,1,0,0,0,0,0,1,0,0
0,0.8542801,1.565015,-0.8810606,0,0.7142857,4.25,1,1,0,0,0,0,0,0,1
1,-0.2238747,-0.4129563,-0.2887764,1,1,4.25,1,0,0,0,0,0,0,0,1
1,0.8417022,0.9681265,-0.8810606,1,1,5,1,0,0,0,0,0,0,0,1
0,0.8542801,1.565015,-2.111846,1,1,5,1,0,0,0,0,0,1,0,0
1,0.8542801,1.565015,-1.153766,1,1,5,1,0,0,0,0,0,0,0,0
0,-0.5215802,0.6529703,-0.2894331,0,0.8571429,4.75,1,1,1,0,0,0,0,0,1
0,0.6550359,-0.0978001,-0.6083553,1,0.7142857,4.5,1,0,1,0,0,0,0,0,1
0,-0.420773,-0.0556436,-0.5621383,0,1,4.75,1,0,0,0,0,0,1,0,0
1,-0.3664385,0.1926646,-1.473345,1,0.8571429,4.5,1,0,0,0,0,0,1,0,0
0,-0.591677,-0.0556436,-1.426471,1,0.8571429,4.5,1,0,0,0,0,1,1,0,0
1,-0.3664385,-1.39457,-1.201296,1,1,4.5,0,1,0,0,0,0,1,0,0
0,-0.3664385,1.565015,-0.2425593,1,0.8571429,5,1,0,0,0,0,0,1,0,0
0,0.8542801,1.565015,-0.9748081,0,0.8571429,3.75,1,0,1,0,0,0,0,0,1
0,-0.3664385,-0.4216887,-0.9279343,1,0.8571429,4.25,1,0,0,0,0,0,0,0,1
1,0.6676137,-0.4129563,-0.2894331,1,0.7142857,5,1,0,0,0,0,0,1,0,0
1,0.8802744,0.2260886,-0.2894331,1,0.7142857,4.75,1,1,0,0,0,0,0,1,0
0,-0.3246819,0.2260886,-0.2900898,0,0.8571429,3.5,1,1,0,0,0,0,0,0,0
1,-0.9088565,-0.3707998,-1.473345,0,0.8571429,4.5,1,1,0,0,0,0,1,0,0
0,0.8542801,1.565015,-0.9272776,0,0.8571429,4.75,1,1,1,0,0,0,1,0,0
0,0.8542801,1.565015,-1.519562,0,0.4285714,4.25,1,0,1,0,0,0,1,0,0
1,-1.121517,-1.291577,-2.065629,1,0.8571429,4.5,1,0,0,0,0,1,0,0,1
0,0.8960367,-0.0556436,0.9413525,0,0.8571429,4.75,1,0,0,0,0,0,0,0,0
1,0.7377105,-0.4216887,0.6217735,0,0.8571429,5,1,1,0,0,0,1,0,0,0
1,-1.025426,-0.0890676,0.3484115,1,0.7142857,4.5,0,0,0,0,0,0,1,0,0
0,0.3728777,-0.0556436,0.6686472,1,0.8571429,4.75,1,1,0,0,0,0,0,0,1
0,0.8960367,0.2682451,0.0301459,0,0.7142857,4.25,1,1,0,0,0,0,0,1,0
1,0.8960367,1.249859,0.0301459,1,0.7142857,4.75,1,0,0,0,0,0,0,0,1
1,0.8802744,1.249859,0.9406958,0,1,5,1,1,0,0,1,0,0,0,1
0,0.8542801,0.2260886,0.3490682,1,0.8571429,4.75,1,0,0,0,0,0,0,0,0
0,0.8542801,1.565015,0.6686472,1,0.8571429,4.75,1,0,0,0,0,0,0,0,1
0,0.8542801,1.565015,0.3490682,1,1,4.75,1,1,0,0,0,0,1,0,0
0,-0.1277835,-0.0978001,1.260275,1,0.8571429,5,1,1,0,1,0,0,0,0,0
0,0.8542801,0.9172375,1.260275,0,0.5714286,4.75,1,0,1,0,0,0,0,0,1
0,0.2279681,-1.39457,0.0294892,1,0.8571429,4.5,1,1,0,0,0,0,0,0,0
1,-0.3246819,-0.4129563,0.0301459,1,0.8571429,4.5,1,0,0,0,0,0,0,1,0
1,0.1862115,-0.3795322,0.3490682,0,0.8571429,4.75,1,1,0,0,0,0,1,0,0
0,-0.3664385,-0.0556436,1.260275,1,1,5,1,1,0,0,0,0,0,1,0
0,0.8542801,0.2260886,0.0294892,0,0.8571429,5,1,0,0,0,0,0,0,0,1
1,0.6416194,1.565015,0.0294892,1,0.8571429,4.5,1,1,0,0,0,0,0,0,0
0,0.8542801,1.565015,0.3490682,1,1,5,0,1,0,0,0,0,0,0,1
0,0.2019738,-0.8311055,0.0301459,0,0.7142857,4.5,1,1,1,0,0,0,1,0,0
0,-0.3664385,-0.4042238,1.260275,0,0.7142857,5,1,1,1,0,0,0,0,0,1
1,-0.3664385,0.2260886,0.6679905,1,0.8571429,4.75,1,1,0,0,0,0,1,0,0
0,0.6258571,0.2260886,0.3490682,1,0.5714286,4.25,1,1,0,0,0,0,0,0,1
0,0.8542801,0.2260886,0.6679905,1,0.7142857,5,1,1,0,0,1,0,1,0,0
0,0.3862942,0.2260886,0.0301459,1,0.8571429,5,1,1,0,0,0,0,1,0,0
1,0.8802744,-0.0556436,0.3021945,1,0.8571429,5,1,0,0,0,0,0,0,0,1
0,0.5589448,0.2260886,-0.0167278,1,0.7142857,5,1,1,0,0,0,0,0,1,0
0,0.9377933,0.5412448,0.0301459,1,0.8571429,5,1,0,0,0,0,1,1,0,0
0,-0.3246819,0.2260886,0.076363,1,0.5714286,5,1,0,0,0,0,0,0,1,0
0,0.6676137,0.9681265,1.260275,0,0.7142857,4.25,1,0,0,0,0,0,0,0,1
0,0.8542801,1.565015,0.076363,0,0.8571429,4.5,1,0,0,0,0,0,0,0,0
1,0.8676965,0.9681265,0.3490682,0,0.2857143,4.25,1,0,0,0,0,0,0,0,1
1,0.8259399,-1.009845,0.3490682,0,0.5714286,4,1,1,0,1,0,0,0,0,1
0,0.8542801,1.565015,0.3490682,0,0.8571429,5,1,0,0,0,0,0,0,0,1
0,-0.3506762,0.2260886,0.3490682,0,0.8571429,5,1,1,0,0,0,0,1,0,0
0,0.6676137,0.5499773,0.0294892,1,0.8571429,4,1,1,0,0,0,0,1,0,0
1,0.7093704,-1.018577,0.3490682,1,0.8571429,4.5,1,0,0,0,1,0,1,0,0
1,-0.1380156,-0.822373,0.6211168,1,1,4.25,1,1,0,1,0,0,0,0,0
1,-0.3246819,0.2260886,0.6686472,1,1,4.5,1,0,0,0,0,0,0,0,1
0,0.683376,1.283283,0.3490682,1,1,4.75,1,0,0,0,0,0,1,0,0
0,-1.578076,0.5412448,0.0301459,0,0.5714286,4.75,1,0,1,0,0,0,0,0,1
0,-0.3664385,0.2260886,0.6686472,1,0.8571429,5,1,0,0,0,0,0,0,0,0
0,0.1862115,0.6442378,0.0301459,0,1,4.25,1,1,1,0,0,0,1,0,0
0,0.8542801,1.565015,1.260275,1,1,4.5,1,1,0,0,0,0,1,0,0
1,-0.1537779,-0.0890676,0.0301459,0,1,4.25,1,1,0,0,0,0,1,0,0
1,-0.5066321,0.2260886,0.9875695,1,0.8571429,4.5,1,0,0,0,0,0,0,1,0
1,0.6676137,-0.4216887,0.9406958,1,0.7142857,4.5,1,1,0,0,0,0,0,0,1
0,0.1862115,0.92597,0.9406958,1,0.7142857,4.25,1,1,0,0,0,0,0,0,0
0,-0.3664385,0.5499773,0.3490682,1,1,5,1,0,0,0,0,0,1,0,0
1,-0.1797722,0.2260886,0.3021945,1,0.7142857,4.25,1,1,0,0,0,0,0,0,0
1,-0.3790164,-0.3795322,0.0301459,1,0.8571429,4.25,1,1,0,0,0,0,0,0,0
0,0.8960367,0.9681265,-0.0167278,0,0.8571429,5,1,0,1,0,0,0,1,0,0
0,-0.1978803,-0.2342171,0.0294892,1,1,4.75,1,0,1,0,0,0,1,0,0
0,-0.3246819,-0.8311055,0.0301459,0,0.8571429,5,1,1,0,0,0,0,1,0,0
0,0.8542801,0.8229769,0.9406958,1,1,4,1,1,0,0,0,0,0,0,0
0,-0.2829252,-1.615465,-0.0160711,1,1,4.5,1,1,0,0,0,0,0,0,0
1,0.8802744,-0.7034209,0.9875695,1,0.8571429,4.75,1,1,0,0,0,0,0,0,0
1,-0.3404441,-0.6525319,0.3490682,1,0.7142857,4.75,1,0,0,0,0,1,0,0,1
0,0.3831098,0.6442378,0.9875695,1,0.7142857,5,1,0,0,0,0,0,0,1,0
0,0.3185433,0.2260886,0.3490682,1,1,5,1,1,0,0,0,0,1,0,0
0,0.8542801,1.241126,0.9875695,0,1,5,1,0,0,0,1,0,0,0,0
0,-0.3664385,-0.6525319,1.260275,1,1,4.5,1,1,0,0,0,0,1,0,0
0,0.8802744,-0.0890676,0.6217735,1,1,5,1,1,0,0,0,0,0,0,1
1,-0.2829252,0.2260886,0.3490682,1,1,4.75,1,0,0,0,0,0,0,0,1
0,-0.2829252,0.2260886,0.3490682,1,0.8571429,4.75,1,0,0,0,0,0,1,0,0
0,0.8960367,0.959394,0.9406958,0,0.7142857,5,1,0,0,0,0,0,1,0,0
0,-0.249869,-1.291577,0.0294892,0,0.5714286,4.5,1,0,0,0,0,0,0,0,1
0,-0.182118,-1.112838,-0.3356501,1,0.7142857,4.5,1,0,0,0,0,0,1,0,0
0,-0.3144498,0.2260886,-0.5152646,1,0.8571429,4.75,1,0,0,0,0,0,0,0,1
1,0.3445376,0.9681265,-1.247513,1,1,4,1,0,0,0,0,0,0,1,0
0,-1.784055,-0.0556436,-1.426471,1,1,3.75,1,1,0,0,0,0,0,0,1
1,-0.8478408,-0.4129563,-0.5621383,0,0.7142857,4.5,1,1,0,0,0,0,0,1,0
0,-0.3664385,-0.0556436,-0.2900898,1,0.8571429,4.5,1,1,0,1,0,0,0,0,1
0,0.2744408,1.283283,-1.792924,1,0.7142857,5,1,0,0,0,0,0,0,0,1
1,0.1275416,-0.6525319,-0.6083553,0,1,5,1,1,0,0,0,0,1,0,0
0,-0.3664385,-0.788949,-1.473345,0,0.7142857,4.25,1,0,0,0,0,0,0,0,1
0,-0.3246819,0.2260886,-0.243216,0,0.7142857,4.25,1,0,0,0,0,0,0,0,0
0,-1.035658,-0.0556436,-1.20064,0,0.7142857,5,1,1,0,0,0,0,0,0,1
0,0.7841833,0.5078208,-0.2887764,1,1,4.75,1,1,0,0,0,0,0,0,1
0,0.1149638,-0.9851531,-0.6076986,1,1,3.75,1,1,0,0,0,0,0,0,1
1,0.8417022,-1.249255,-0.2425593,1,0.8571429,4.5,1,1,1,0,0,0,0,1,0
0,-0.3664385,0.2260886,-0.243216,1,0.8571429,4.75,1,1,0,0,0,0,0,0,1
0,0.2019738,-0.4216887,-1.566436,1,0.5714286,4.5,1,1,0,0,0,0,0,0,1
1,0.240546,0.2260886,-1.246857,1,1,4.75,1,0,0,0,1,0,0,0,1
1,-1.706911,0.2260886,-0.9279343,1,0.8571429,4,1,0,0,0,0,0,0,0,1
0,-1.628914,0.2260886,-0.8341869,0,0.8571429,4.5,1,0,0,1,0,0,0,1,0
1,0.8385177,-0.0978001,-0.5621383,1,1,5,1,1,0,0,0,0,0,0,0
0,-1.415102,-0.0890676,-0.243216,1,0.7142857,4.5,1,1,0,0,0,0,0,0,1
1,-1.470588,-2.033615,-1.473345,1,0.8571429,5,1,0,0,1,0,0,0,0,1
0,-1.41975,-0.9676881,-1.566436,1,0.4285714,3,1,0,0,0,0,0,0,1,0
1,0.3602999,0.9681265,-0.243216,0,1,5,1,0,0,0,0,0,0,0,0
1,-0.8387597,-0.4129563,-0.2425593,1,0.8571429,3.5,1,0,0,0,0,0,0,0,0
0,0.1850606,-0.3707998,-2.384551,1,0.5714286,5,1,1,0,0,0,0,1,0,0
0,-0.3664385,0.2260886,-1.199983,0,0,4.25,1,0,0,0,0,0,0,0,1
1,1.021307,-0.2256503,-0.9741514,1,0.7142857,5,1,0,0,0,0,1,0,1,0
1,0.6416194,-0.9851531,-0.2425593,1,0.8571429,4.75,1,1,0,0,0,0,0,0,1
0,-0.5271105,-1.249255,-0.5621383,0,0.7142857,4.75,1,0,0,0,0,0,1,0,0
0,-0.3664385,0.2260886,-0.8348436,1,1,4.5,1,1,0,0,0,1,0,0,1
0,-0.410541,-1.112838,-0.8817173,1,1,4.5,1,1,0,0,0,0,0,0,1
0,0.8542801,-0.5159492,-0.9279343,1,0.5714286,4.75,1,1,0,0,0,0,0,0,1
0,0.7873677,0.2260886,-1.153766,0,0.8571429,5,1,1,0,0,0,0,1,0,0
0,-0.1911992,-0.4129563,-0.5614816,1,1,4.5,1,0,0,0,0,0,0,0,1
1,0.6676137,0.2260886,-1.472688,1,0.8571429,4.5,1,0,0,0,0,0,0,0,1
1,-0.3664385,-0.9676881,-0.2894331,1,1,4.5,1,1,0,0,0,0,0,0,1
1,0.8542801,-0.4129563,-2.384551,0,0.8571429,4.5,1,1,0,0,1,0,0,1,0
0,-0.3790164,-0.0890676,-0.243216,0,0.8571429,4,1,1,0,0,0,0,1,0,0
1,-1.044671,1.565015,-1.839141,0,0.5714286,2.25,1,0,0,0,0,0,0,1,0
1,-0.3246819,-0.4042238,-1.154423,0,1,4,1,1,0,0,0,1,0,0,1
0,-0.3246819,-0.3707998,-0.243216,0,1,5,1,1,0,0,0,0,0,0,1
1,0.8960367,0.6442378,-0.6090121,1,1,4.5,1,0,0,0,0,1,0,0,1
0,-1.374496,0.2260886,-0.4697042,0,0.7142857,5,1,0,0,0,0,0,0,1,0
1,-0.3664385,1.565015,-0.8348436,1,1,5,1,0,0,0,0,0,0,1,0
0,-0.4751075,1.565015,-1.519562,1,0.8571429,5,1,0,0,0,0,0,0,0,1
0,0.2744408,1.249859,-0.5152646,1,0.4285714,5,1,0,0,0,0,0,0,0,1
1,0.8519343,0.8651335,-0.5621383,1,0.8571429,4.75,1,0,0,0,0,0,1,0,0
0,-0.2081124,0.2260886,-0.2425593,0,0.8571429,5,1,0,0,0,0,0,0,0,1
0,-0.2829252,-1.427994,-0.2894331,1,0.5714286,4,1,1,0,0,0,0,0,1,0
0,-0.3664385,0.2260886,-1.20064,1,1,4.5,1,0,0,0,0,1,0,0,1
0,-0.3664385,0.2260886,-0.2887764,1,0.8571429,4.75,1,0,0,0,0,0,1,0,0
0,0.8542801,0.9681265,0.076363,0,0.7142857,5,1,0,0,0,0,0,1,0,0
0,0.8259399,-0.4042238,-0.0160711,1,0.8571429,5,1,1,0,0,0,0,0,1,0
0,0.8960367,0.92597,0.0301459,1,0.8571429,4.75,1,1,0,0,0,0,0,0,1
0,-0.3664385,-0.0890676,0.3490682,1,1,4.75,1,0,0,0,0,0,0,0,1
0,0.7330332,1.565015,0.395942,1,1,5,1,0,0,0,0,0,0,0,1
0,0.1161147,0.92597,0.0757063,0,0.4285714,4.75,1,0,0,1,0,0,0,0,1
0,-0.3664385,0.2260886,0.3490682,0,0.8571429,5,1,1,0,0,0,0,0,0,1
0,-0.3246819,0.2260886,1.260275,1,0.7142857,4.75,1,1,0,0,0,0,0,1,0
0,-0.3144498,0.2260886,0.0770197,1,0.8571429,4.75,1,0,0,0,0,0,1,0,0
0,-0.3144498,1.241126,0.3490682,1,0.5714286,5,1,0,0,0,0,0,0,0,1
1,-0.3664385,-0.6612644,0.9406958,0,0.7142857,4.5,1,1,0,0,1,0,0,0,1
1,-0.9190885,0.2260886,1.260275,1,0.5714286,4.5,1,1,0,1,0,0,0,1,0
0,-0.3664385,-0.0978001,0.0301459,1,0.8571429,4.25,1,0,1,0,0,0,1,0,0
0,0.8960367,-0.0978001,0.7148643,1,0.5714286,4.5,1,1,0,0,0,0,0,0,1
0,0.1862115,-0.4042238,0.0294892,0,1,4.75,1,1,0,0,0,0,0,1,0
1,-0.3404441,-1.112838,0.0294892,0,0.8571429,4.75,1,1,0,0,0,0,0,0,1
1,-1.093177,-0.3795322,0.0301459,1,0.5714286,4,1,1,0,0,0,0,0,0,1
0,-0.1380156,0.2260886,0.9875695,1,0.7142857,4.75,1,0,0,0,0,0,0,1,0
1,0.6628977,-0.0978001,0.6217735,1,1,4.75,1,1,0,0,0,0,1,0,0
0,0.8542801,0.8229769,0.076363,1,0.8571429,4.75,1,1,0,1,0,0,0,0,1
1,0.4146344,0.6442378,0.3028512,0,1,4.5,1,1,0,0,0,0,1,0,0
1,-0.3664385,0.2260886,0.3490682,1,0.5714286,4.5,1,0,0,0,0,0,0,0,1
1,-0.3664385,0.2260886,0.6211168,1,0.4285714,5,1,1,1,0,0,0,0,0,1
0,-0.3664385,0.2260886,0.3490682,0,0.7142857,3.75,1,0,0,0,0,0,0,0,0
1,0.1669525,-0.0890676,0.0301459,1,1,4,1,1,0,0,0,1,0,1,0
1,-0.3246819,0.2260886,0.3490682,1,0.8571429,5,1,0,0,0,0,0,0,0,1
1,-0.3664385,-0.3707998,0.9406958,0,1,4.75,1,1,0,1,0,0,0,0,1
1,0.1409581,-0.4216887,0.3490682,1,0.8571429,4.75,1,0,0,0,0,0,0,0,1
0,-0.3664385,0.2260886,0.0294892,1,1,4,1,1,0,1,0,0,0,0,1
1,-0.3664385,-0.8311055,1.260275,1,0.8571429,4.5,1,0,0,0,0,0,0,0,1
0,-0.2081124,0.8651335,0.395942,0,1,4,1,1,0,0,0,0,0,0,1
0,0.4981477,-0.0803351,1.260275,1,1,5,1,1,0,0,0,0,0,0,1
0,0.7873677,1.249859,0.076363,0,0.8571429,4,1,0,0,0,0,0,0,1,0
0,0.8542801,-1.112838,0.0757063,1,0.8571429,5,1,1,0,0,0,1,0,0,1
0,0.2019738,-0.0556436,-0.0154144,1,0.8571429,4.5,1,0,0,0,0,0,0,0,1
1,0.8802744,0.2260886,0.0301459,1,0.7142857,4.75,1,0,0,0,0,0,1,0,0
1,0.3728777,0.6442378,-0.0173845,0,0.8571429,5,1,1,0,0,0,1,0,0,1
0,0.8542801,-0.0469111,0.9406958,0,1,4.5,1,1,0,0,0,0,0,1,0
0,0.3728777,-0.4216887,-0.1963423,1,0.8571429,4.75,1,0,0,0,0,0,1,0,0
0,-0.1277835,-0.0978001,0.3490682,1,0.8571429,4,1,0,0,0,0,0,0,0,0
1,-0.3664385,-1.522254,0.3490682,1,1,5,1,1,0,0,0,0,0,0,1
0,-0.2986875,-0.4042238,0.0301459,1,0.7142857,4.75,1,0,0,1,0,0,0,1,0
1,-0.0407735,-1.112838,0.3490682,1,1,5,1,1,0,0,0,0,1,0,0
1,0.4146344,-0.4216887,-0.0154144,0,1,4.5,0,0,0,0,1,0,0,0,1
0,-0.3246819,-0.3707998,0.0294892,0,1,4.5,1,1,0,0,0,0,1,0,0
0,-0.3246819,-0.6946884,0.0294892,1,0.8571429,3.5,1,1,0,0,0,1,0,1,0
0,0.8960367,1.565015,0.0301459,1,1,4.75,1,1,0,0,0,0,0,0,1
0,-0.3664385,0.2260886,0.0301459,1,0.7142857,4.5,1,1,0,0,0,0,1,0,0
0,0.8417022,-0.0890676,0.0294892,1,0.8571429,4.75,1,1,0,0,0,0,0,1,0
1,0.8487498,0.3290816,0.6679905,1,1,3.5,1,0,0,0,0,0,0,0,1
1,-0.1120212,0.2260886,0.3490682,1,1,4.5,1,0,0,0,0,0,1,0,0
1,0.6778458,-1.530987,0.3028512,0,0.5714286,4.5,1,0,1,0,0,0,0,0,1
1,-0.4987703,-0.8311055,0.3490682,0,0.8571429,3.75,1,0,0,0,0,0,0,1,0
1,0.8259399,0.2260886,0.6686472,0,0.8571429,5,1,0,0,0,0,0,0,0,1
0,-1.719489,-0.0890676,-1.20064,0,0.7142857,4.25,1,0,0,0,0,0,0,0,0
0,-0.9474286,-0.8311055,-0.5621383,1,0.5714286,4,1,0,0,0,0,0,0,0,0
0,0.8417022,-0.7034209,-0.2887764,0,0.8571429,4.75,1,0,1,0,0,0,0,0,0
0,0.313013,-0.6699969,-0.2887764,1,0.8571429,5,1,1,1,0,0,0,1,0,0
0,-0.9541782,-0.4216887,-0.243216,1,0.5714286,5,1,0,0,1,0,0,0,0,1
0,-0.3664385,-0.4216887,-0.2425593,1,0.8571429,5,1,1,1,0,0,0,1,0,0
0,-0.3664385,-0.822373,-1.519562,1,0.5714286,4.5,1,1,0,1,0,0,0,1,0
0,-0.8478408,-1.112838,-0.2894331,1,1,4.25,1,0,1,0,0,0,1,0,0
1,0.2122058,0.5412448,-0.2900898,0,0.1428571,4.5,1,1,1,0,0,0,1,0,0
1,-0.1537779,1.565015,-0.9279343,1,0.8571429,5,0,0,0,1,0,0,0,0,1
0,-0.7500032,-0.770269,-1.792267,1,0.7142857,5,1,0,0,0,0,0,0,0,1
0,-1.400491,-1.112838,-0.5621383,1,1,5,1,1,0,0,0,0,1,0,0
0,-0.3664385,0.6863943,-0.9279343,1,0.7142857,4,1,0,0,0,0,0,1,0,0
0,0.7841833,-0.0890676,-0.5621383,1,0.7142857,4.75,1,1,1,0,0,0,1,0,0
0,0.8542801,-0.0978001,-0.9279343,0,1,4,1,0,1,0,0,0,1,0,0
0,0.2019738,-0.0890676,-0.5621383,1,1,5,1,0,1,0,0,0,1,0,0
0,0.7093704,0.5078208,-0.5621383,0,1,4.5,1,1,1,0,0,0,0,0,1
0,-1.035658,-1.154994,-0.5621383,1,0.5714286,5,1,0,1,0,0,0,1,0,0
0,0.6416194,0.2260886,-0.2425593,0,1,4.75,1,0,0,1,0,0,0,0,0
0,-1.5454,0.2260886,-2.384551,1,0.7142857,4.5,1,1,1,0,0,0,1,0,0
1,-1.828158,0.3290816,-1.792924,1,1,5,1,1,1,0,0,0,1,0,0
0,0.8960367,1.241126,-0.6096688,0,0.8571429,5,1,0,1,0,0,0,1,0,0
0,-0.8930941,-0.4129563,-0.6090121,0,0.8571429,4,1,0,1,0,0,0,1,0,0
0,0.215771,0.6020813,-1.473345,0,1,4.75,1,1,0,1,0,0,1,0,0
1,-0.3506762,1.565015,-0.2894331,1,0.8571429,5,1,1,0,0,0,0,0,0,1
1,-0.2081124,0.2260886,-0.8817173,1,0.7142857,4.5,1,0,0,1,0,0,0,0,1
0,-0.3664385,0.2260886,-0.2425593,1,1,5,1,0,1,0,0,0,0,0,1
0,-0.3664385,0.2260886,-0.3356501,0,0.8571429,5,1,1,1,0,0,0,0,0,1
0,-0.3790164,0.2260886,-1.520219,0,0.7142857,5,0,0,1,0,0,0,0,1,0
0,0.8542801,1.565015,-1.20064,1,1,5,1,1,0,1,0,0,1,0,0
0,0.0538797,-0.3707998,-1.74605,1,0.7142857,4.75,1,0,0,0,1,0,0,0,0
0,-0.2829252,-0.3373757,-0.8341869,0,0.8571429,3.5,1,0,0,1,0,0,1,0,0
1,-0.5373425,-0.4129563,-0.243216,0,1,5,1,0,1,0,0,0,0,0,1
1,0.6290416,0.2260886,-0.2425593,0,1,5,1,1,1,0,0,0,1,0,0
0,0.1476392,-0.4129563,-1.839141,1,0.5714286,5,1,0,1,0,0,0,0,0,0
1,-0.6830908,0.2260886,-0.5621383,1,0.8571429,4.75,1,0,0,1,0,0,0,1,0
0,-0.1085245,-0.3286432,-0.6096688,0,1,3.5,1,0,1,0,0,0,0,1,0
0,-0.5688671,-0.0556436,-1.153766,0,0.8571429,4,1,0,0,1,0,0,0,0,0
0,-0.9631909,-2.451764,-0.2887764,1,1,4.5,1,1,0,0,0,0,1,0,0
1,0.9377933,1.565015,-0.8817173,0,0.8571429,4.5,1,0,0,1,0,0,1,0,0
0,-0.711431,-0.0556436,-1.20064,1,0.4285714,4,1,0,1,0,0,0,0,0,1
0,0.7999455,-2.76692,-0.243216,1,1,4.75,1,1,0,0,0,0,1,0,0
0,-0.3664385,0.2260886,-0.8810606,0,0.5714286,5,1,0,1,0,0,0,1,0,0
1,-1.587157,-2.127875,-0.8348436,1,0.5714286,3.75,0,0,0,1,0,0,0,1,0
0,0.3728777,-0.4042238,-0.2887764,0,1,4,1,0,1,0,0,0,1,0,0
0,-0.3089196,-0.8398379,-1.153766,0,0.7142857,4.5,1,1,0,1,0,0,1,0,0
0,0.8227555,1.565015,-0.8810606,1,0.8571429,4.5,1,1,0,1,0,0,0,0,1
1,-0.7812407,0.2260886,-1.792267,1,1,3.75,1,1,0,1,0,0,1,0,0
0,0.8542801,1.249859,-0.9748081,1,0.8571429,5,1,0,1,0,0,0,1,0,0
1,0.8417022,-0.4129563,-0.2894331,0,0.8571429,4.5,1,1,0,0,0,0,0,0,1
0,-1.062847,0.2260886,-1.74605,0,0.5714286,4.75,1,0,0,1,0,0,0,0,1
0,-0.3664385,-0.0556436,-0.6090121,1,1,4.75,1,0,1,0,0,0,0,0,1
1,-0.3404441,-0.0890676,-0.2425593,0,0.8571429,5,1,1,0,1,0,0,0,1,0
0,0.4146344,0.2260886,-1.246857,1,0.7142857,5,1,0,1,0,0,0,0,0,1
1,-0.3687843,-0.0890676,-0.243216,0,1,4.25,1,0,0,0,0,0,1,0,0
0,0.0732071,0.6863943,-0.2907465,1,0.7142857,5,1,1,1,0,0,0,1,0,0
0,-0.3246819,-0.8311055,-0.5152646,1,1,5,1,0,0,0,0,0,1,0,0
1,-0.3822008,-0.0890676,0.6224302,1,0.8571429,5,1,1,0,0,0,0,1,0,0
1,0.6416194,1.565015,0.0294892,0,0.8571429,4.5,0,1,0,1,0,0,0,0,1
0,0.3673475,0.0139254,0.6224302,0,0.5714286,5,1,1,0,1,0,0,0,0,1
0,0.8542801,0.5165532,1.260275,1,1,5,1,1,1,0,0,0,0,0,0
0,-1.445744,0.2260886,0.3490682,1,0.7142857,4.75,1,1,0,1,0,0,1,0,0
1,0.2279681,1.565015,0.0294892,1,1,4.75,1,0,1,0,0,0,1,0,0
0,-0.7190057,-1.018577,0.0301459,1,0.7142857,4.75,1,0,0,0,0,0,0,0,0
0,0.8069932,-1.615465,0.3021945,0,1,4.5,1,0,1,0,0,0,1,0,0
1,0.8227555,1.565015,0.9413525,1,0.7142857,4.25,1,0,0,1,0,0,0,0,1
0,-1.978241,0.1839321,0.076363,1,1,3.75,1,0,1,0,0,0,0,0,1
0,-1.095523,0.92597,0.9875695,1,0.7142857,4.75,1,1,0,0,1,0,1,0,0
0,-0.1978803,1.241126,0.076363,1,1,5,1,0,0,0,0,0,1,0,0
0,-0.1923501,0.2260886,0.3490682,1,0.7142857,4.75,1,0,0,0,0,0,0,1,0
0,0.6959539,-1.240522,0.6211168,0,0.8571429,3,1,1,1,0,0,0,1,0,0
0,0.8542801,0.6442378,0.9413525,0,1,4.75,1,1,0,0,0,0,0,0,0
1,-0.3562064,0.2348211,0.6686472,0,0.7142857,5,1,0,1,0,0,0,0,0,1
1,0.2607121,-0.3707998,0.3497249,1,1,4.25,1,0,0,1,0,0,1,0,0
1,0.6676137,0.0473494,-0.0180412,1,0.7142857,4.5,1,1,0,0,0,1,0,0,1
0,-0.2081124,0.2260886,1.260275,1,0.8571429,5,1,0,1,0,0,0,0,0,1
0,0.97955,-1.403302,0.6217735,0,0.8571429,4.5,1,1,1,0,0,0,0,0,1
1,-0.3246819,-0.5072168,0.0294892,1,0.2857143,3.25,1,0,1,0,0,0,1,0,0
0,-0.3664385,-0.0890676,0.0294892,0,0.4285714,4.75,1,1,0,0,1,0,0,0,1
0,0.683376,0.2260886,0.3490682,0,0.4285714,4.75,1,0,1,0,0,0,1,0,0
1,0.8960367,0.2260886,0.3490682,1,1,5,1,0,1,0,0,0,0,1,0
0,-0.3664385,0.2260886,0.3028512,1,0.8571429,5,0,0,0,1,0,0,0,0,1
0,0.8542801,1.565015,1.260275,0,0.8571429,4.5,1,0,1,0,0,0,0,0,1
0,0.8542801,0.2260886,0.0294892,0,0.8571429,4.5,1,1,0,0,0,0,1,0,0
0,-0.2238747,-0.3707998,-0.0160711,1,0.2857143,5,1,0,0,1,0,0,0,0,1
0,-0.3664385,0.2260886,0.6217735,1,0.8571429,5,1,0,1,0,0,0,1,0,0
1,0.9377933,-1.019626,0.3490682,1,0.8571429,4,1,0,1,0,0,0,0,0,1
0,-0.3246819,-1.47015,0.0301459,0,0.5714286,3.75,1,0,0,1,0,0,0,1,0
0,-0.8930941,-0.1920606,0.0301459,1,0.7142857,4,1,1,0,1,0,0,0,0,1
0,-0.3790164,-0.6946884,1.260275,1,0.8571429,4.25,1,1,1,0,0,0,0,0,1
0,0.3433867,0.2260886,0.3490682,1,0.4285714,4.25,1,0,1,0,0,0,1,0,0
0,0.2279681,1.241126,0.076363,1,1,5,1,0,1,0,0,0,0,0,0
0,0.6959539,-0.0890676,0.9875695,1,1,4,1,0,1,0,0,0,1,0,0
0,0.8905064,-1.257987,0.6217735,0,0.7142857,5,1,0,1,0,0,0,1,0,0
0,0.1862115,0.2260886,0.3490682,0,1,4.75,1,1,1,0,0,0,1,0,0
0,0.0436476,-1.897032,1.260275,1,0.4285714,5,1,1,0,1,0,0,0,0,1
0,0.9062688,0.6529703,0.9875695,1,1,5,1,0,0,1,0,0,0,0,1
0,0.8960367,1.283283,0.3484115,0,0.8571429,5,1,1,1,0,0,0,1,0,0
1,-0.3404441,-0.0556436,0.3490682,1,0.8571429,4.5,1,0,0,0,0,0,0,0,1
0,-0.7064279,0.2260886,0.3490682,1,1,4.25,1,0,0,0,0,1,0,0,1
0,0.8960367,1.565015,0.3021945,0,0.7142857,5,1,0,1,0,0,0,0,0,0
0,-0.3404441,-0.0556436,0.9406958,0,0.8571429,4.75,1,0,0,0,0,0,0,0,1
0,-0.2081124,-1.112838,0.3490682,1,0.5714286,5,1,1,1,0,0,0,0,0,1
0,-0.3246819,-1.112838,0.0294892,1,0.8571429,3.75,1,1,0,0,0,0,1,0,0
0,0.8960367,0.5499773,0.6217735,1,0.7142857,4.5,1,1,1,0,0,0,0,0,1
0,-0.3506762,0.2260886,0.3490682,1,1,4.25,1,0,1,0,0,0,0,0,0
0,0.2268172,0.2260886,0.9406958,0,1,4.75,1,1,0,1,0,0,1,0,0
1,0.8542801,1.283283,0.6211168,0,1,5,1,0,1,0,0,0,1,0,0
1,-0.2081124,-0.0556436,0.6686472,0,0.7142857,4.5,1,0,0,0,0,0,0,0,0
0,-0.3664385,0.2260886,0.076363,0,1,4.75,1,1,1,0,0,0,0,0,1
0,0.8385177,1.565015,0.6217735,1,1,5,1,1,0,0,1,0,0,0,0
0,0.8417022,1.249859,0.6217735,0,1,5,1,1,1,0,0,0,0,1,0
0,0.1862115,-0.7281125,0.3490682,1,0.2857143,4.75,1,1,0,0,1,0,0,0,1
0,-0.3664385,-0.0978001,0.3490682,1,0.8571429,4.75,1,1,0,0,0,0,0,1,0
0,0.1307261,-0.5072168,0.0301459,0,0.7142857,4.5,1,1,1,0,0,0,0,0,0
0,-0.3664385,0.2260886,0.6679905,1,1,5,1,1,0,0,0,0,1,0,0
0,0.8542801,1.565015,0.9406958,0,0.8571429,5,1,0,1,0,0,0,0,0,1
0,0.3445376,0.2260886,0.3490682,0,0,5,1,1,0,1,0,0,0,0,0
0,0.8542801,-0.0282311,1.260275,1,0.4285714,5,1,1,0,0,0,1,1,0,0
0,-0.1663557,-0.8398379,0.6679905,1,1,4.5,1,0,0,0,0,0,1,0,0
0,0.2437304,-0.8821601,-0.8817173,0,0.4285714,5,1,0,1,0,0,0,1,0,0
1,-0.4467674,0.5078208,-0.5621383,0,0.1428571,4.25,1,0,0,0,1,0,0,0,1
0,-0.095108,-0.3795322,-0.5621383,1,0.8571429,4.75,1,0,0,1,0,0,0,0,1
0,-1.050269,-0.1499041,-1.792267,1,0.4285714,4.5,1,0,0,1,0,0,0,0,0
0,0.8385177,1.241126,-0.2894331,0,1,4.75,0,0,0,1,0,0,0,0,1
0,-0.3664385,-1.112838,-0.2894331,1,1,5,1,0,1,0,0,0,0,0,0
0,0.683376,1.565015,-0.243216,1,1,5,1,0,0,0,1,0,0,0,1
0,-0.3664385,-0.3373757,-1.29373,0,0.7142857,5,0,0,0,0,0,1,0,1,0
0,-0.5948614,-0.3707998,-0.5152646,0,0.8571429,4.5,1,0,0,0,0,0,1,0,0
1,-2.155569,0.2260886,-0.5621383,1,0.8571429,4.5,1,0,0,1,0,0,0,0,0
0,-1.548585,0.5499773,-0.8341869,0,0.8571429,2.5,1,0,0,0,1,0,0,1,0
0,-0.3664385,-0.0556436,-0.8817173,0,1,5,1,0,0,0,0,0,0,0,1
1,-0.8930941,0.3203491,-0.2894331,0,0.2857143,5,1,1,0,0,0,0,0,1,0
1,-1.461506,0.9681265,-1.839141,1,0.8571429,3.75,1,0,0,0,0,1,0,0,0
0,-0.3664385,-1.112838,-1.20064,1,1,3,1,1,0,0,0,0,0,0,0
1,-0.8761809,-1.112838,-0.8817173,1,0.2857143,4.5,1,0,1,0,0,0,0,1,0
1,0.512472,-0.4129563,-1.20064,0,0.8571429,4.25,1,0,0,0,0,1,1,0,0
0,-1.221173,-1.240522,-0.2425593,0,1,5,1,0,0,1,0,0,0,0,0
0,0.7841833,0.8317094,-0.5614816,0,0.5714286,4.5,1,0,0,1,0,0,0,0,1
0,-0.017368,0.3290816,-0.2894331,1,0.7142857,4,1,0,1,0,0,0,0,0,1
0,-0.9226537,0.2260886,-0.9272776,0,0.4285714,4.5,1,1,0,1,0,0,0,1,0
0,0.8960367,0.2348211,-0.2887764,0,0.8571429,4.75,1,1,0,0,0,0,1,0,0
0,0.7061859,0.2260886,-0.2894331,1,0.8571429,4.25,1,0,1,0,0,0,0,0,1
1,-0.3664385,-1.709726,-0.5621383,0,0.7142857,4.5,1,0,0,0,0,0,0,0,1
0,0.8542801,-0.4216887,-0.2894331,0,0.8571429,4.25,1,0,0,0,0,0,0,0,1
0,0.8542801,1.565015,-0.6090121,0,0.7142857,4.75,1,1,0,0,0,0,1,0,0
1,-0.3404441,-1.709726,-0.5621383,1,0.8571429,4,1,0,0,0,0,0,0,0,1
0,-0.6413342,-0.9577406,-0.8341869,1,0.5714286,4.5,1,1,0,0,0,0,0,0,1
0,-0.8478408,0.2260886,-0.2894331,1,0.7142857,5,1,1,0,0,1,0,1,0,0
0,0.6416194,-0.4216887,-0.6552291,1,0.7142857,3.75,1,0,0,0,0,0,1,0,0
0,-0.3246819,-1.436726,-0.6083553,1,0.8571429,5,1,1,0,0,1,0,1,0,0
0,-0.9644103,-0.5072168,-1.519562,1,0.4285714,5,1,1,0,1,0,0,0,0,1
1,-0.3664385,-0.4216887,-0.6076986,1,1,3.25,1,0,0,1,0,0,1,0,0
0,-0.9565098,0.2595126,-2.384551,1,0.7142857,5,1,0,0,0,0,1,0,1,0
0,-0.6830908,0.2260886,-0.8348436,0,1,4.5,1,1,0,1,0,0,1,0,0
0,-0.3664385,-0.3707998,-0.9279343,1,0.8571429,3.5,1,0,1,0,0,0,0,0,1
1,-0.4073565,-0.4129563,-1.519562,0,1,4.5,1,0,0,1,0,0,0,0,1
0,-0.3664385,-0.4042238,-1.20064,1,0.8571429,5,1,0,0,1,0,0,0,0,1
0,-0.8060842,-0.0556436,-0.6090121,1,0.8571429,5,1,1,0,0,1,0,0,0,1
0,-1.641492,0.2260886,-1.473345,1,1,4.75,1,0,0,0,0,0,0,0,1
0,-0.3924329,0.5499773,-1.153766,0,0.5714286,4.5,1,1,0,0,0,0,0,0,1
1,0.8542801,1.565015,-0.2894331,0,1,4.75,1,1,0,0,0,0,1,0,0
0,-0.3664385,-0.6525319,-1.473345,1,0.8571429,4.25,1,0,0,0,0,0,1,0,0
0,-0.2081124,0.959394,-1.472688,1,1,5,1,0,0,1,0,0,0,0,1
0,-0.3664385,0.2260886,-0.2894331,0,0.2857143,4.75,1,1,0,1,0,0,0,0,1
0,0.9377933,0.2956575,-0.2881196,1,0.8571429,5,1,1,0,0,0,0,0,0,0
0,0.8542801,0.2260886,-0.8810606,1,0.7142857,4.25,1,1,0,1,0,0,1,0,0
1,-1.641492,0.6355053,-1.201296,0,0.8571429,4.25,1,0,1,0,0,0,0,0,1
0,-1.532823,1.565015,-0.2894331,0,0.8571429,3.75,1,0,0,0,1,0,1,0,0
0,-0.591677,-1.930622,-0.5621383,1,0.8571429,2.75,1,1,0,0,0,0,0,0,1
0,-0.3562064,-0.1920606,-0.2425593,0,0.5714286,2.75,1,0,0,0,1,0,1,0,0
0,-0.3404441,0.2260886,-0.2894331,1,0.8571429,4.5,1,0,0,0,0,0,0,1,0
0,-0.1663557,1.565015,-1.473345,0,1,5,1,1,0,0,1,0,0,0,1
1,-1.571395,-2.451764,0.6211168,1,1,5,1,1,0,0,0,0,1,0,0
0,-0.5247647,-0.822373,0.0294892,0,0.1428571,4.5,1,0,0,1,0,0,0,1,0
0,0.2902031,-0.3707998,0.0301459,1,0.7142857,5,1,1,0,0,0,0,0,0,1
0,-0.3246819,-0.0890676,0.9406958,1,0.8571429,3,1,1,0,1,0,0,0,1,0
0,-0.3664385,0.2260886,0.6217735,1,0.7142857,5,1,1,0,0,1,0,0,0,1
0,0.8542801,1.565015,0.6686472,0,0.8571429,5,1,1,1,0,0,0,0,1,0
0,0.7999455,0.30439,0.3484115,0,1,5,1,1,0,0,1,0,0,0,0
0,0.4146344,1.241126,0.3021945,0,1,4.75,1,1,0,0,1,0,1,0,0
0,0.2019738,0.2260886,0.9406958,0,0.7142857,5,1,1,0,1,0,0,0,1,0
0,0.8802744,-0.0556436,0.3490682,0,0.8571429,4.75,1,0,0,1,0,0,0,0,1
0,0.8960367,0.2260886,0.9413525,1,0.8571429,3.25,1,1,0,0,0,0,0,0,0
0,0.6676137,-0.3707998,0.9406958,0,0.5714286,5,1,0,0,0,0,0,0,0,1
0,-0.2829252,0.2260886,1.260275,1,0.5714286,5,1,0,0,1,0,0,0,0,1
0,-0.3664385,-0.0978001,0.3490682,0,1,4.25,1,1,0,0,0,0,0,0,1
0,0.1704492,0.92597,0.7148643,1,1,4.5,1,0,0,0,0,0,1,0,0
0,0.8542801,1.146866,0.3490682,0,0.4285714,4.25,0,1,0,1,0,0,0,1,0
0,-0.9631909,-1.018577,0.0757063,0,1,3,1,1,0,1,0,0,0,0,0
0,0.3728777,1.565015,0.0294892,0,0.5714286,5,1,1,0,0,1,0,0,0,1
0,0.1862115,0.2260886,0.0301459,1,1,4.25,1,0,0,0,1,0,0,1,0
0,0.8542801,0.2348211,0.3497249,0,0.7142857,5,1,1,1,0,0,0,0,0,1
0,-0.4964245,1.565015,0.3490682,1,0.7142857,5,1,0,0,0,1,0,0,1,0
0,-0.3664385,-0.0890676,0.6217735,1,0.7142857,4.75,1,1,1,0,0,0,0,0,1
0,0.7873677,0.038617,0.3015378,1,0.2857143,5,1,1,0,1,0,0,0,1,0
1,-0.3246819,0.2260886,0.7148643,1,1,5,1,0,0,1,0,0,0,0,1
0,-0.3664385,0.2260886,0.0301459,0,1,4.75,1,0,0,0,0,0,1,0,0
0,0.2437304,-0.0890676,0.9875695,0,0.8571429,3.75,1,1,0,1,0,0,0,0,1
0,-0.4491132,-1.112838,0.076363,1,0.5714286,4.5,1,0,0,0,0,0,0,0,0
0,-0.1663557,-2.170032,0.9413525,0,1,4.75,1,0,0,0,0,0,1,0,0
0,-0.3979631,0.2260886,0.3484115,0,0.5714286,5,1,1,0,0,0,0,1,0,0
0,-1.05142,-1.112838,0.6211168,0,0.4285714,3.5,0,0,0,0,0,0,0,0,1
0,-0.3246819,-1.112838,0.3484115,0,1,4.5,1,1,0,0,0,0,0,0,1
0,-0.9316664,-0.0890676,0.6686472,1,1,4.5,1,1,0,1,0,0,0,0,1
0,0.8385177,0.2260886,0.3490682,0,0.7142857,5,1,1,0,1,0,0,1,0,0
0,0.3602999,-0.7976814,0.0301459,0,1,4.25,1,0,0,0,0,0,0,0,1
0,0.8542801,1.283283,0.9875695,1,0.5714286,5,1,1,0,0,1,0,0,1,0
0,-0.5373425,-0.0890676,0.0294892,1,0.2857143,4.5,1,1,0,1,0,0,0,1,0
0,0.8542801,-0.5582714,0.9413525,1,0.8571429,4.75,1,1,0,1,0,0,1,0,0
0,-0.3664385,0.2260886,1.260275,1,0.8571429,4.25,1,0,0,0,0,0,0,0,0
0,0.8542801,1.249859,0.395942,1,0.7142857,4.5,1,0,0,1,0,0,0,0,1
0,0.6676137,0.3625056,0.6686472,0,0.5714286,4.25,1,0,0,0,1,0,0,0,0
0,-0.4751075,-1.615465,1.260275,1,0.1428571,5,1,0,0,1,0,0,0,0,0
0,0.8542801,0.9681265,1.260275,0,0.7142857,4.75,1,0,0,0,0,0,1,0,0
0,-0.3664385,-0.0556436,0.9406958,0,1,5,0,1,0,0,1,0,0,0,1
0,0.8542801,0.0139254,0.0301459,1,0.5714286,5,1,1,0,1,0,0,0,1,0
0,0.8960367,0.5078208,0.0301459,1,0.4285714,4.5,1,0,0,0,1,0,0,1,0
0,0.8417022,0.92597,0.6679905,0,1,5,1,0,0,0,0,0,0,0,1
0,0.6801916,-3.227226,-0.0173845,1,0.8571429,4.75,1,0,0,0,0,0,0,0,1
0,-0.3664385,0.2260886,0.3490682,0,0.8571429,5,1,0,0,0,1,0,1,0,0
1,0.8542801,1.146866,0.6679905,1,1,5,1,1,0,1,0,0,1,0,0
0,0.8542801,-0.6946884,0.0294892,1,0.5714286,5,1,1,0,0,0,0,0,0,1
0,0.3728777,0.2260886,0.0301459,0,0.7142857,5,1,0,0,0,0,0,0,0,1
0,-0.3664385,-0.0556436,-0.5614816,0,0.7142857,4.5,1,0,0,0,0,0,0,0,1
0,-0.2081124,0.2260886,0.0294892,1,0.7142857,5,1,0,0,0,0,0,0,0,1
0,0.8542801,0.9347024,0.3021945,1,0.2857143,4.75,1,1,0,0,0,0,0,0,1
0,-0.3664385,-0.0978001,-1.473345,1,1,5,1,0,0,0,0,0,0,0,1
0,0.8676965,-2.024882,-2.384551,0,1,4.5,1,0,0,0,0,0,1,0,0
0,-0.1663557,-0.0890676,-0.562795,0,1,5,1,1,0,0,0,0,1,0,0
0,-0.3506762,-0.4129563,0.076363,0,0.4285714,4.5,1,1,0,0,0,0,0,0,1
0,-0.2081124,0.2260886,-0.5159213,0,0.7142857,5,1,0,0,0,0,0,1,0,0
1,0.0854043,-0.0469111,-0.2887764,0,0.7142857,4.75,1,1,0,0,0,1,1,0,0
0,-0.3664385,-0.5159492,-0.5621383,1,0.7142857,5,1,1,0,0,0,0,0,1,0
0,-0.2703474,0.2260886,-0.5621383,0,0.7142857,5,1,0,0,0,0,0,1,0,0
0,-0.3506762,0.2260886,0.0294892,1,0.5714286,4.5,1,0,0,0,0,1,1,0,0
0,-0.1537779,-0.0978001,0.0301459,1,0.5714286,4.75,1,0,0,0,0,0,0,1,0
0,0.3602999,0.6442378,-0.2894331,1,0.5714286,5,1,0,0,0,0,0,0,0,1
0,0.8417022,-1.009845,0.076363,1,0.7142857,4.5,1,1,0,1,0,0,1,0,0
0,-0.3664385,-0.0890676,1.260275,0,0.7142857,5,1,0,0,0,0,0,0,1,0
0,-1.33274,-1.112838,0.9875695,0,0.5714286,3.25,1,0,0,0,0,0,0,0,1
0,-0.3404441,-0.0890676,0.3490682,0,0.4285714,5,1,0,0,0,0,0,1,0,0
0,0.683376,-0.0556436,0.3490682,0,0.2857143,5,1,1,0,0,0,0,0,0,1
0,-0.2829252,-1.112838,0.6679905,0,0.4285714,4.25,1,0,0,0,0,0,0,0,1
0,-0.3664385,0.2260886,1.260275,1,0.7142857,4.75,1,0,0,0,0,0,0,0,1
0,0.8542801,0.2260886,0.9875695,0,0.8571429,5,1,1,0,0,0,0,0,1,0
1,-0.3664385,0.2260886,0.6679905,0,0.7142857,4.5,1,1,0,0,0,0,1,0,0
0,-0.3664385,-0.3707998,0.9406958,1,0.7142857,5,1,0,0,0,0,0,0,0,1
0,0.1567204,-0.0890676,0.3490682,0,0.4285714,4,1,0,0,0,0,0,0,0,1
0,-0.3664385,-0.3707998,0.9406958,1,0.4285714,4.75,1,0,0,0,0,0,0,1,0
0,-0.3687843,0.2260886,0.3490682,0,0.2857143,4.75,1,0,0,0,0,0,1,0,0
0,-0.3664385,-0.3707998,1.260275,0,0.7142857,4.25,1,1,0,0,0,0,0,0,1
0,-0.0433624,-2.451764,0.9875695,1,0.1428571,3.5,1,0,0,0,0,0,0,0,1
0,0.8385177,0.9681265,0.6217735,1,0.5714286,4.75,1,0,0,0,0,0,1,0,0
0,0.8542801,1.565015,1.260275,0,0.7142857,4,1,0,0,0,0,0,0,1,0
0,0.1862115,0.2260886,0.9875695,1,0.7142857,5,1,1,0,0,0,0,0,0,1
0,0.8542801,0.5078208,0.3490682,1,0.5714286,5,1,1,0,0,0,0,0,0,1
0,-0.3664385,0.2260886,0.3490682,0,0.5714286,4.75,1,0,0,0,0,0,1,0,0
0,0.240546,-0.3373757,0.3490682,0,0.4285714,4.5,1,1,0,0,0,0,0,0,1
0,0.1984771,-1.112838,1.260275,0,0.2857143,5,1,1,0,0,0,0,1,0,0
0,-0.3664385,0.2260886,0.9413525,0,0.5714286,5,1,0,0,0,0,0,1,0,0
0,-0.8919432,0.2260886,0.3484115,1,0.7142857,4.25,1,0,0,0,0,0,0,0,1
0,0.1567204,-0.788949,0.3497249,0,0.5714286,4.75,1,1,0,0,0,0,1,0,0
0,0.4406288,0.1839321,1.260275,1,0.1428571,4.75,1,0,0,1,0,0,0,1,0
0,-0.3664385,0.2260886,1.260275,1,0.7142857,4.75,1,0,0,0,0,0,0,0,0
0,-0.3664385,0.2260886,0.076363,1,0.4285714,5,1,0,0,0,1,0,0,1,0
0,-0.4081952,-0.1920606,-0.243216,1,0.7142857,4.5,1,0,0,0,0,0,0,0,1
0,0.8802744,-0.1920606,0.0294892,0,0.7142857,5,1,1,0,1,0,0,0,0,1
0,-0.3979631,0.2260886,-0.5614816,1,0.5714286,4.75,1,0,0,0,0,0,0,0,0
0,-0.239637,0.6442378,-0.0173845,1,0.5714286,5,1,0,0,0,0,0,0,0,1
0,-0.1955345,0.2260886,0.0301459,1,0.8571429,5,1,0,0,1,0,0,0,0,1
0,-2.826877,-2.76692,-1.108862,1,0,5,1,1,0,0,0,1,0,1,0
0,-0.3664385,0.2260886,0.0301459,0,0.7142857,4.25,1,1,0,1,0,0,0,1,0
0,-2.807876,-0.4638453,-1.519562,1,0.7142857,4.5,1,0,0,1,0,0,0,1,0
0,0.6810303,-0.3099633,-1.29373,1,0.5714286,5,1,1,0,0,0,0,0,0,0
0,-2.676695,-0.3707998,-1.153766,0,1,5,1,0,0,0,1,0,0,1,0
0,0.1862115,-0.4316362,0.0301459,1,0.8571429,5,1,1,0,1,0,0,0,0,1
0,-0.3664385,-0.7976814,-0.5621383,1,0.7142857,4.5,1,0,0,1,0,0,0,0,1
0,0.3276244,-1.352413,-1.199983,0,0.5714286,4.75,1,1,0,1,0,0,0,0,1
0,-0.3664385,-0.3795322,0.0770197,1,0.7142857,4.5,1,1,0,0,0,0,1,0,0
0,-0.3664385,0.5499773,-0.2894331,0,0.5714286,5,1,0,0,0,1,0,0,0,1
0,-0.8604187,-0.3707998,-0.243216,1,0.8571429,4.25,1,1,0,0,1,0,0,0,0
0,0.4146344,0.2260886,-0.0173845,1,0.7142857,5,1,0,1,0,0,0,0,1,0
0,-0.2963417,1.249859,-0.0160711,0,0.2857143,2.5,0,1,0,1,0,0,0,0,1
0,-0.3664385,0.2260886,-0.562795,0,0.7142857,3,1,0,0,0,0,0,0,1,0
0,-0.5790992,-1.112838,0.076363,0,0.1428571,5,1,0,0,0,1,0,0,0,1
0,-0.3246819,0.2260886,-0.5152646,1,0.4285714,5,1,0,1,0,0,0,0,1,0
0,-0.2081124,-1.497563,-0.0167278,0,0.8571429,5,1,0,0,1,0,0,0,0,1
0,-2.139807,-1.667404,0.0294892,1,0.5714286,5,1,1,0,0,0,1,0,0,1
0,-0.3246819,-0.4737927,-0.5621383,1,0.8571429,4.5,1,1,0,0,0,0,0,0,0
0,-0.9506131,-0.1920606,0.076363,1,0.4285714,4.5,1,0,0,1,0,0,0,0,1
0,-0.3246819,-0.6946884,-0.243216,1,0.8571429,4.75,1,1,0,0,0,0,1,0,0
0,0.5227041,-0.4650603,0.0770197,0,0.7142857,4.75,1,0,0,1,0,0,0,0,1
0,0.3988721,-0.4129563,0.9406958,0,0.5714286,4.25,1,1,0,0,1,0,1,0,0
0,0.3602999,-0.5159492,0.3490682,1,0.5714286,3,1,1,0,1,0,0,0,1,0
0,0.3728777,0.2348211,0.3021945,1,0.5714286,4.5,1,1,0,0,0,0,1,0,0
0,0.7975997,0.3537731,0.6679905,1,0.5714286,5,1,1,0,0,0,0,0,0,0
0,0.2145516,-0.0803351,0.6217735,0,0.7142857,5,1,1,0,1,0,0,0,0,0
0,-1.287418,-0.3795322,0.3490682,1,0.5714286,5,1,0,0,1,0,0,0,0,1
0,0.8542801,-0.4304212,1.260275,1,0.2857143,4.75,1,1,0,0,1,0,0,0,1
0,0.8417022,0.2781926,0.3497249,1,0.7142857,4.5,1,0,0,0,0,0,0,0,1
0,-0.3664385,-0.0890676,0.6679905,1,0.2857143,4.75,1,1,0,0,0,0,0,0,0
0,0.8542801,1.565015,1.260275,1,0.8571429,5,1,1,0,0,0,0,0,0,1
0,0.8645121,0.2260886,1.260275,1,0.7142857,4.5,1,0,0,1,0,0,0,1,0
1,0.8960367,-1.257987,0.6686472,1,0.7142857,4.5,1,0,0,1,0,0,0,0,1
0,0.8676965,-0.822373,0.9406958,1,0.4285714,4.5,1,1,0,0,0,1,0,0,0
0,-0.3664385,0.8317094,0.9413525,1,0.7142857,4.75,1,1,0,0,1,0,0,0,1
0,-0.3664385,-0.0890676,0.3490682,0,0.5714286,4.5,1,0,0,0,0,0,0,0,0
0,0.8542801,1.565015,1.260275,1,0.8571429,5,1,0,0,0,1,0,0,0,1
1,-0.3246819,-1.112838,0.3490682,0,0.8571429,4.5,1,0,0,0,0,0,0,0,1
0,-0.1923501,-0.0890676,1.260275,1,0.1428571,4,1,0,1,0,0,0,0,0,1
0,0.6053787,0.959394,0.3015378,1,0.8571429,5,1,0,1,0,0,0,1,0,0
0,0.7377105,0.9681265,0.9875695,0,0.5714286,4.75,1,1,0,0,0,0,0,0,1
0,0.8417022,0.3203491,0.3490682,1,0.8571429,5,1,1,0,0,0,0,0,0,0
0,0.8542801,-0.9764206,0.9875695,1,0.4285714,4.5,1,0,0,0,0,0,1,0,0
0,0.6676137,-0.0890676,1.260275,0,0.8571429,4.5,1,1,0,1,0,0,0,0,1
